retail_price,discount_percentage,product_name_length,description_length,brand_frequency,product_rating
700.0,35.0,52,235,5,
4200.0,67.14285714285714,45,222,469,
1160.0,65.60344827586206,34,664,5864,
4000.0,76.275,54,546,7,
350.0,14.285714285714285,44,217,5,
499.0,10.02004008016032,57,197,5864,
21230.0,23.83419689119171,50,231,3,
799.0,50.06257822277848,32,193,79,
899.0,69.9666295884316,26,181,2,
4900.0,67.36734693877551,43,218,469,
499.0,20.04008016032064,19,651,5864,
4495.0,0.0,16,172,5864,
1299.0,61.585835257890686,46,354,5864,
799.0,47.559449311639554,37,204,5864,
2295.0,15.99128540305011,30,157,1,
1899.0,17.588204318062136,54,247,1,
2199.0,72.76034561164165,42,639,250,
790.0,65.82278481012658,66,263,10,
549.0,9.107468123861564,36,772,5864,
5295.0,0.0,31,1270,1,
4900.0,67.36734693877551,42,216,469,
1300.0,50.76923076923077,30,191,66,
1399.0,10.007147962830592,37,203,5864,
2399.0,66.61108795331388,18,257,5,
699.0,72.24606580829757,22,177,5864,
499.0,30.060120240480963,39,220,5864,
550.0,10.0,31,411,3,
4718.0,15.006358626536668,74,221,3,
498.0,44.77911646586345,49,196,5864,1.0
749.0,53.40453938584779,47,229,5864,
1599.0,68.79299562226392,41,217,5864,1.0
1797.0,66.66666666666666,41,361,6,
399.0,52.63157894736842,42,215,27,
500.0,55.00000000000001,28,190,48,4.0
1199.0,75.97998331943286,27,761,2,
4200.0,67.14285714285714,42,216,469,
395.0,46.83544303797469,54,236,5864,
2199.0,50.022737608003645,22,181,5864,
2070.0,60.0,45,229,5864,
560.0,41.42857142857143,33,197,141,
40172.0,30.99920342527133,45,221,7,
1199.0,78.39866555462885,43,461,100,
799.0,25.03128911138924,136,403,1,
2099.0,26.15531205335874,26,136,2,
549.0,27.322404371584703,19,768,2,
1495.0,50.03344481605351,23,178,5864,
1415.0,15.053003533568903,37,241,5864,
998.0,50.0,27,777,73,
5499.0,60.92016730314602,75,2277,1,
3150.0,44.47619047619048,72,274,1,
1999.0,40.0200100050025,63,709,9,
452.0,0.0,102,2462,1,
799.0,69.96245306633291,40,214,314,
850.0,61.76470588235294,22,390,21,
799.0,0.0,30,188,5864,
3999.0,50.01250312578145,31,1777,5864,
2400.0,69.83333333333334,28,456,1,
745.0,9.395973154362416,71,271,29,
2000.0,50.05,32,193,15,
2999.0,73.35778592864288,39,127,2,
1999.0,57.5287643821911,62,387,5864,
45563.0,25.89820687838816,55,241,99,
495.0,30.303030303030305,26,442,5864,4.0
1400.0,74.42857142857143,44,239,141,
899.0,20.13348164627364,35,198,5864,
1290.0,30.0,32,312,5864,
799.0,52.56570713391739,43,319,1,
599.0,33.3889816360601,42,213,38,
4984.0,0.0,44,170,13,
4900.0,67.36734693877551,38,208,469,
4900.0,67.36734693877551,41,214,469,
650.0,53.84615384615385,45,185,5864,
1300.0,50.76923076923077,30,191,66,
1199.0,54.21184320266889,43,216,5864,
749.0,46.728971962616825,31,336,5,
1495.0,10.033444816053512,41,253,5864,
699.0,70.10014306151645,16,243,1,
3545.0,55.14809590973202,27,186,3,
999.0,0.0,52,274,5864,4.0
949.0,69.54689146469968,31,200,85,
8727.0,61.53317291165349,44,220,83,
1399.0,0.0,37,244,22,
779.0,20.025673940949936,40,211,83,
1980.0,77.52525252525253,77,283,13,
4999.0,43.18863772754551,17,144,7,
1800.0,56.777777777777786,23,292,2,
1295.0,50.810810810810814,42,250,1,
1199.0,82.06839032527105,43,217,22,
1099.0,36.39672429481347,35,171,5864,
999.0,40.04004004004004,29,189,21,
750.0,80.26666666666667,66,261,2,
4900.0,67.36734693877551,44,220,469,
1999.0,55.02751375687844,36,612,5864,
1770.0,60.50847457627119,22,196,5864,
999.0,67.96796796796797,30,189,167,5.0
999.0,75.07507507507508,48,227,1,
499.0,78.15631262525051,45,217,110,
3499.0,57.15918833952558,59,186,9,
1499.0,76.71781187458305,45,1091,5,
399.0,59.89974937343359,30,189,167,
1200.0,33.33333333333333,21,397,4,
795.0,0.0,47,337,5864,3.3
1599.0,0.0,53,235,5864,
43400.0,25.0,39,209,13,
999.0,50.05005005005005,17,633,2,
1049.0,61.96377502383223,41,211,12,
2149.0,57.23592368543508,29,117,23,
549.0,36.42987249544626,26,1968,7,
1500.0,26.73333333333333,30,954,1,
1499.0,49.96664442961974,36,200,5864,
499.0,0.0,37,215,10,
1999.0,15.70785392696348,46,543,144,
1399.0,72.337383845604,33,194,314,3.7
600.0,50.0,24,164,5864,
2399.0,0.0,38,127,53,
1950.0,23.07692307692308,64,260,5864,
2499.0,60.024009603841534,31,207,5864,
999.0,85.08508508508508,40,209,167,
899.0,0.0,38,260,1,5.0
610.0,50.32786885245901,21,483,299,
899.0,66.74082313681868,41,213,3,
449.0,49.88864142538976,35,329,1,
1499.0,73.3822548365577,19,956,1,
2499.0,55.98239295718287,47,125,5864,
3999.0,18.829707426856714,8,135,28,3.7
825.0,36.36363636363637,35,201,1,
799.0,62.57822277847309,57,545,5864,
899.0,0.0,45,219,5864,
999.0,0.0,31,191,5864,
999.0,65.46546546546547,28,185,13,
1350.0,70.44444444444444,32,203,5864,
799.0,63.07884856070088,24,158,17,
350.0,10.0,75,279,13,
2832.0,32.94491525423729,26,313,3,
999.0,60.06006006006006,32,193,34,
799.0,50.06257822277848,40,1498,5864,
555.0,54.054054054054056,53,242,34,
960.0,0.0,21,161,12,
998.0,55.01002004008016,39,193,85,
400.0,4.75,28,185,299,
560.0,62.5,36,205,100,
899.0,0.0,42,211,5864,
150.0,3.333333333333333,37,212,1,
10749.0,15.006047074146434,97,468,1,
35184.0,24.775466120964072,49,227,99,
2600.0,19.230769230769237,42,216,4,3.0
199.0,39.69849246231156,34,199,1,
1399.0,40.02859185132237,39,221,5864,3.0
999.0,63.06306306306306,24,1570,5864,
3999.0,25.006251562890725,40,321,1,
1499.0,64.04269513008673,79,2296,27,
999.0,52.45245245245245,59,1303,5,
2799.0,57.1632725973562,43,656,12,
999.0,85.08508508508508,40,214,48,
199.0,0.0,34,530,1,
599.0,16.69449081803005,36,556,5864,3.0
1499.0,70.04669779853235,39,344,3,
499.0,51.10220440881763,58,694,11,
4900.0,67.36734693877551,38,208,469,
360.0,0.0,28,175,5864,
549.0,29.143897996357016,34,154,5864,4.0
1500.0,41.333333333333336,32,1060,10,
5899.0,51.178165790812,29,595,18,
900.0,34.88888888888889,39,790,1,
2750.0,67.27272727272727,33,195,15,
550.0,49.09090909090909,26,542,25,
1349.0,46.70126019273536,22,1031,2,5.0
499.0,64.92985971943888,33,197,5864,
2099.0,55.4073368270605,33,890,1,
1299.0,0.0,45,220,5864,
180.0,8.333333333333332,37,184,5864,
1099.0,58.23475887170154,19,191,5864,
499.0,32.06412825651302,37,203,299,1.0
999.0,73.07307307307308,60,1463,1,
629.0,36.56597774244833,66,1979,74,
1600.0,43.8125,28,187,5864,1.0
349.0,28.653295128939828,61,527,1,
289.0,18.68512110726644,99,1229,3,
699.0,50.07153075822603,27,540,1,
649.0,53.929121725731896,59,727,155,
499.0,60.120240480961925,46,772,5864,
995.0,0.0,47,287,5864,5.0
666.0,50.0,17,163,25,
1299.0,55.0423402617398,48,862,5864,
180.0,8.333333333333332,23,170,5864,
1899.0,50.026329647182735,28,626,5864,
1839.0,33.87710712343665,45,222,83,
499.0,60.120240480961925,46,772,5864,
1299.0,53.88760585065435,38,1913,34,
1050.0,23.904761904761905,39,610,59,
249.0,40.16064257028113,35,201,1,
1799.0,20.01111728738188,37,961,5864,
1260.0,0.0,81,1386,2,
10393.0,25.00721639565092,28,2692,2,
2695.0,29.53617810760668,28,558,5864,5.0
1099.0,45.49590536851683,19,559,14,
29282.0,28.28358718666757,45,164,26,
810.0,51.23456790123457,69,485,10,
2100.0,50.0,34,573,15,
999.0,72.87287287287288,26,593,1,
5700.0,50.0,86,913,1,
999.0,67.06706706706707,60,842,36,
1205.0,20.0,27,125,5864,
1232.0,50.0,46,1297,2,
1899.0,74.19694576092681,49,228,314,5.0
899.0,16.68520578420467,44,308,5864,
1300.0,30.0,38,207,1,
891.0,66.66666666666666,39,1254,6,
900.0,44.333333333333336,44,219,1,
2200.0,52.0,31,192,3,
850.0,3.7647058823529407,22,173,299,
3150.0,80.0,47,301,14,
849.0,73.4982332155477,31,341,12,
999.0,67.06706706706707,64,858,36,
1399.0,20.08577555396712,40,208,5864,
799.0,40.05006257822278,58,245,314,4.0
1839.0,33.87710712343665,39,210,83,
2500.0,20.04,28,188,2,
700.0,43.0,39,209,59,
999.0,50.05005005005005,17,223,1,
299.0,33.44481605351171,30,549,13,
799.0,54.31789737171464,23,268,8,
500.0,20.0,22,169,5864,
550.0,23.81818181818182,69,269,33,
3000.0,43.333333333333336,16,748,1,
399.0,59.89974937343359,57,243,155,
379.0,10.29023746701847,31,178,5864,
1800.0,52.83333333333333,34,93,7,
849.0,73.4982332155477,31,341,110,
600.0,62.5,33,194,71,
290.0,10.0,38,205,37,
399.0,0.0,46,221,13,
895.0,0.0,41,276,5864,5.0
1299.0,38.49114703618168,43,1030,1,
49.0,0.0,46,642,1,
4295.0,25.0058207217695,44,694,5864,
2529.0,0.0,35,124,53,
1399.0,0.0,33,327,314,
999.0,50.05005005005005,36,759,1,
33651.0,22.78981308133488,40,383,211,
1299.0,30.023094688221708,26,667,7,
2498.0,56.16493194555644,41,130,5,
1695.0,0.0,29,1094,7,
40034.0,30.15436878653145,47,225,211,
400.0,65.0,27,183,26,
375.0,25.333333333333336,54,194,5864,
999.0,65.06506506506507,37,207,288,
499.0,30.060120240480963,33,195,8,5.0
600.0,16.0,88,307,5864,
999.0,74.97497497497497,48,227,17,
999.0,10.01001001001001,61,439,25,
499.0,50.1002004008016,40,211,14,
3399.0,60.01765225066195,29,199,5864,4.4
695.0,30.215827338129497,51,232,1,
799.0,35.16896120150187,53,141,7,
649.0,61.63328197226502,51,231,46,
4680.0,40.0,55,242,5864,
69300.0,35.0,28,189,31,
379.0,0.0,23,175,18,
2090.0,63.63636363636363,33,137,5864,
180.0,8.333333333333332,31,178,5864,
949.0,68.38777660695469,29,339,85,
999.0,45.04504504504504,44,217,5864,
799.0,68.8360450563204,26,181,8,
1300.0,44.38461538461539,39,1000,141,
3150.0,57.14285714285714,39,210,469,
1399.0,57.18370264474625,25,173,5864,
849.0,20.141342756183743,39,208,5864,
2450.0,62.44897959183674,43,217,469,
3424.0,56.98014018691588,45,222,83,
699.0,57.22460658082976,24,923,2,
499.0,30.060120240480963,31,794,2,
4210.0,55.34441805225653,83,855,7,
1999.0,40.22011005502751,51,140,7,
1730.0,50.0,44,1060,6,
1580.0,8.227848101265822,43,401,3,
598.0,33.27759197324415,26,183,73,
15999.0,50.72817051065691,47,686,1,3.7
999.0,70.07007007007007,43,215,5864,
495.0,50.505050505050505,56,241,33,
1099.0,63.69426751592356,52,332,79,
1050.0,43.42857142857143,39,995,141,
1200.0,79.16666666666666,34,197,40,
1494.0,23.09236947791165,40,430,5,
555.0,0.0,27,244,3,
799.0,0.0,62,318,5864,
33706.0,28.727822939535987,43,162,26,
499.0,64.92985971943888,54,239,5864,
749.0,40.18691588785047,45,219,5864,
1699.0,50.02942907592701,38,207,288,
1199.0,0.0,18,324,5,
995.0,0.0,24,164,12,
699.0,64.37768240343348,25,171,5864,
649.0,61.63328197226502,51,364,46,
599.0,33.3889816360601,27,389,2,
3299.0,75.78053955744166,35,1069,5864,
3897.0,53.83628432127278,82,296,27,
549.0,55.009107468123865,25,179,46,
1995.0,0.0,23,297,5864,
1599.0,59.41213258286429,29,454,2,
2499.0,80.03201280512204,36,201,288,
1199.0,66.72226855713093,18,324,3,
1575.0,0.0,46,341,9,
950.0,57.99999999999999,31,192,22,
1299.0,26.943802925327176,34,1093,1,
1774.0,73.56257046223224,36,201,41,4.3
1999.0,15.70785392696348,44,1012,144,
2099.0,30.014292520247736,36,202,288,
899.0,52.28031145717463,70,776,30,
699.0,64.37768240343348,27,183,7,
1025.0,12.195121951219512,27,515,10,
1445.0,10.034602076124568,29,406,1,2.0
1400.0,74.42857142857143,41,236,141,
489.0,20.449897750511248,30,452,4,
1000.0,70.0,34,197,26,
475.0,0.0,25,545,5864,
1200.0,41.75,47,225,59,
459.0,56.644880174291934,101,1299,74,
999.0,58.55855855855856,43,215,167,
1750.0,51.42857142857142,44,660,2,
2999.0,68.3561187062354,25,113,2,
999.0,70.07007007007007,40,208,5864,
1340.0,50.0,32,352,6,
999.0,0.0,39,247,5864,5.0
999.0,0.0,23,182,5864,
1100.0,63.727272727272734,39,207,15,
1333.0,39.98499624906226,32,249,5,
35999.0,23.883996777688267,49,229,99,
999.0,54.95495495495496,39,209,3,
1360.0,30.0,45,411,5864,
999.0,67.66766766766766,26,181,1,5.0
899.0,55.06117908787542,37,203,29,1.8
599.0,33.3889816360601,42,216,5864,
520.0,18.269230769230766,23,175,2,
26450.0,20.0,52,399,132,
2500.0,58.08,82,1914,141,
399.0,0.0,24,164,5864,
2500.0,28.04,28,188,1,
900.0,50.0,36,1417,5,
999.0,57.45745745745746,48,195,5864,4.5
1550.0,51.2258064516129,29,729,5864,
799.0,40.05006257822278,36,200,314,
2600.0,31.153846153846157,33,198,41,
1195.0,51.04602510460251,42,386,5864,
599.0,40.56761268781302,36,108,5864,
1399.0,0.0,34,200,5,
27200.0,35.0,46,225,31,1.0
898.0,33.29621380846326,47,629,1,
599.0,50.08347245409015,23,682,8,
499.0,20.04008016032064,50,229,1,
3500.0,61.42857142857143,40,167,5,
45288.0,29.486839780957432,46,223,26,
699.0,0.0,36,202,5864,
499.0,60.120240480961925,41,249,5864,
1500.0,53.400000000000006,42,1904,3,
598.0,33.27759197324415,26,183,73,
599.0,41.736227045075125,37,205,14,
2000.0,45.0,37,224,3,
2599.0,40.3616775682955,36,163,12,
18993.0,20.002106039067023,65,261,132,
2000.0,72.05,33,963,12,
2582.0,41.169635941130906,33,442,10,
1899.0,57.92522380200106,24,237,1,
1199.0,64.22018348623854,86,301,4,
11999.0,85.0070839236603,32,288,1,
999.0,49.94994994994995,51,242,5864,
598.0,33.27759197324415,26,183,73,
1999.0,40.0200100050025,31,533,4,
890.0,31.46067415730337,36,203,42,
1699.0,0.0,41,215,5,
1450.0,52.75862068965517,53,477,4,
1000.0,80.10000000000001,30,189,40,
899.0,55.06117908787542,41,209,72,3.0
370.0,43.24324324324324,20,167,5864,
1095.0,0.0,45,501,5864,
350.0,20.0,36,183,5864,3.0
1049.0,60.05719733079123,41,211,100,
625.0,0.0,49,230,5864,
699.0,65.80829756795423,32,193,44,
1100.0,68.27272727272728,34,207,1,
499.0,40.08016032064128,51,233,59,
2320.0,76.25,61,917,3,
1089.0,49.95408631772268,40,628,5864,
4695.0,25.005324813631525,47,234,5864,
4400.0,50.0,42,1056,1,
1999.0,40.0200100050025,36,998,2,
1099.0,36.39672429481347,66,265,4,
2899.0,47.18868575370818,41,168,26,4.2
1099.0,50.227479526842586,28,168,5864,
1999.0,60.03001500750376,52,1338,10,
4900.0,67.36734693877551,44,220,469,
215.0,0.0,26,220,1,
9250.0,62.16216216216216,44,219,1,
4999.0,6.00120024004801,51,257,11,
749.0,33.37783711615487,35,200,5864,
280.0,17.857142857142858,38,442,15,
525.0,0.0,33,315,5864,
1299.0,61.585835257890686,33,197,288,
3500.0,60.02857142857143,48,978,5,
899.0,41.15684093437152,46,405,1,
699.0,0.0,52,280,5864,
999.0,50.05005005005005,29,829,28,
399.0,50.125313283208015,36,304,1,
1099.0,63.69426751592356,56,1030,5864,
1348.0,72.62611275964392,30,816,41,
979.0,20.02042900919305,22,173,299,
699.0,50.07153075822603,46,118,5864,
149.0,0.0,63,203,5864,
999.0,65.06506506506507,34,197,1,
3999.0,77.51937984496125,53,276,5864,
999.0,65.06506506506507,19,290,1,
699.0,0.0,35,201,4,
1995.0,0.0,14,708,5864,
750.0,20.0,32,195,26,
599.0,17.362270450751254,57,281,3,
1400.0,20.0,42,214,3,
730.0,0.0,37,205,12,
1299.0,30.792917628945343,43,415,9,
439.0,0.0,28,421,1,
2322.0,50.0,24,514,4,
1110.0,63.06306306306306,79,287,25,
350.0,10.0,74,277,13,
999.0,60.06006006006006,57,243,11,
4900.0,67.36734693877551,46,224,469,
2300.0,61.95652173913043,33,195,15,
949.0,54.7945205479452,29,205,100,
699.0,71.5307582260372,33,1221,6,
2500.0,44.0,57,184,15,
699.0,40.2002861230329,46,222,5864,
3150.0,57.14285714285714,38,208,469,
1375.0,0.0,20,147,41,
1400.0,74.42857142857143,39,234,141,
799.0,0.0,43,163,5864,
400.0,5.25,50,349,5864,
2449.0,61.24948958758677,53,237,5864,
895.0,50.05586592178771,42,213,288,
571230.0,0.0,71,1189,5864,
399.0,75.18796992481202,53,737,6,
1099.0,40.94631483166515,23,928,1,
279.0,0.0,50,355,2,
999.0,50.05005005005005,84,1366,5864,
2399.0,58.35764902042517,33,827,6,
899.0,72.41379310344827,27,761,2,
999.0,30.03003003003003,39,207,5864,
1599.0,0.0,16,182,5864,
1250.0,49.6,29,195,5864,
17600.0,19.25,32,3257,6,
650.0,54.0,29,816,5864,
1199.0,45.87155963302752,39,321,14,
799.0,68.8360450563204,67,486,1,
458.0,56.55021834061136,29,815,5864,
550.0,0.0,31,191,5864,
799.0,6.25782227784731,34,199,5864,
199.0,0.0,27,234,10,
2999.0,36.67889296432144,20,563,3,
849.0,55.35924617196702,59,771,155,
4399.0,18.185951352580133,52,141,2,
1449.0,37.95721187025535,42,1177,13,
499.0,50.1002004008016,55,586,6,
1949.0,41.04669061056953,54,238,1,
899.0,0.0,48,180,5864,
1664.0,76.5625,41,160,8,
395.0,24.30379746835443,28,185,1,
1499.0,49.96664442961974,30,148,3,
999.0,60.06006006006006,14,415,3,
4800.0,75.02083333333334,28,186,11,
399.0,37.59398496240601,38,370,1,
329.0,21.27659574468085,34,2796,5,5.0
330.0,9.393939393939393,49,175,6,
990.0,34.34343434343434,61,253,5864,
899.0,38.82091212458287,31,926,17,
999.0,54.95495495495496,31,147,314,
459.0,56.644880174291934,113,1344,74,
349.0,42.97994269340974,36,741,13,
899.0,20.13348164627364,42,964,5864,
2199.0,72.76034561164165,44,641,250,
1499.0,53.36891260840561,53,778,2,
550.0,4.909090909090909,44,219,3,
699.0,0.0,22,908,3,
999.0,0.0,57,249,5864,
301.0,0.0,19,167,5864,
1399.0,60.75768406004288,63,1115,5864,
899.0,61.179087875417125,36,928,73,
699.0,50.07153075822603,53,187,5864,
12900.0,31.00775193798449,35,202,8,
2399.0,50.02084201750729,48,228,2,
1399.0,30.021443888491778,45,227,5864,
4900.0,67.36734693877551,45,222,469,
399.0,0.0,38,205,5864,
1499.0,53.36891260840561,43,304,8,
990.0,0.0,17,157,5864,
999.0,50.05005005005005,46,221,5864,
475.0,10.526315789473683,61,201,5864,
499.0,64.92985971943888,36,203,5864,4.0
899.0,50.055617352614014,39,537,5864,
500.0,40.0,56,640,2,
4836.0,4.880066170388751,47,1756,17,
1150.0,75.73913043478261,40,3444,14,
1500.0,36.73333333333333,27,162,5864,
2699.0,40.01482030381623,15,154,5864,
35100.0,44.78632478632479,20,317,25,
1099.0,54.959053685168335,39,208,314,
999.0,25.025025025025027,48,806,1,
35384.0,27.27786570201221,58,247,99,
45543.0,20.00087829084601,56,407,132,
999.0,50.05005005005005,42,213,5864,
799.0,0.0,48,300,5864,
360.0,23.05555555555556,37,184,5864,
249.0,8.032128514056225,47,223,40,
3999.0,0.0,19,209,5864,
450.0,8.88888888888889,86,985,3,
899.0,55.61735261401557,20,160,5864,
1099.0,59.14467697907189,51,268,5864,5.0
2199.0,72.76034561164165,44,641,250,
2477.0,34.1138473960436,50,1222,2,
1099.0,54.5950864422202,34,198,288,
1999.0,15.70785392696348,46,606,144,
799.0,55.06883604505632,47,223,46,
799.0,25.03128911138924,41,213,1,
799.0,62.57822277847309,63,369,3,
1999.0,33.71685842921461,84,211,3,1.0
1999.0,15.70785392696348,58,1031,144,
499.0,30.060120240480963,47,187,5864,
1299.0,71.13163972286374,33,195,20,
3645.0,24.58161865569273,41,151,1,
410.0,10.0,32,193,37,
1999.0,45.02251125562781,22,588,16,
550.0,10.0,29,416,3,
980.0,43.97959183673469,82,1065,9,
1863.0,67.57917337627482,65,261,5864,
599.0,8.347245409015025,21,109,9,
459.0,56.644880174291934,101,1299,74,
4000.0,47.775,35,750,21,
1599.0,56.41025641025641,33,196,5864,
1499.0,50.03335557038026,49,137,7,
39966.0,27.861182004704,49,229,99,
300.0,0.0,25,187,5,
6495.0,40.0,33,208,288,
4375.0,12.0,50,232,9,
5499.0,59.99272595017276,45,220,5864,
33875.0,20.0,58,247,132,
13400.0,0.0,84,301,11,
795.0,50.31446540880504,30,170,5864,
849.0,41.22497055359246,30,362,2,
1493.0,39.98660415271266,40,197,5,
499.0,56.312625250501,31,1525,13,
1990.0,60.0,35,199,5864,
1998.0,65.01501501501501,35,201,73,
1999.0,33.36668334167084,61,150,95,
899.0,0.0,38,405,4,
990.0,52.92929292929293,36,1576,11,
1499.0,53.36891260840561,43,310,8,
179.0,44.6927374301676,42,181,5864,
2000.0,50.05,54,1363,4,
15783.0,44.7506811125895,20,316,25,
999.0,0.0,62,332,5864,3.8
2000.0,42.55,26,184,7,
899.0,44.493882091212456,35,198,72,
380.0,39.47368421052632,46,186,5864,
999.0,60.06006006006006,53,234,288,3.0
2499.0,60.024009603841534,73,1005,2,
3500.0,52.142857142857146,53,180,28,4.4
2298.0,0.0,46,228,5864,
1999.0,15.70785392696348,68,1036,144,
899.0,56.729699666295886,59,781,155,
1499.0,80.0533689126084,28,394,2,
999.0,35.03503503503504,46,284,1,
600.0,33.33333333333333,28,679,51,
549.0,47.35883424408014,34,198,5864,
999.0,40.04004004004004,63,151,95,
11549.0,0.0,35,125,53,
2199.0,72.76034561164165,42,639,250,
2235.0,33.33333333333333,52,236,2,
16399.0,25.001524483200196,31,195,9,
4900.0,67.36734693877551,39,210,469,
100.0,0.0,21,173,4,
1345.0,30.03717472118959,45,226,5864,
780.0,61.66666666666667,42,220,85,
31200.0,35.0,40,373,31,
499.0,0.0,11,221,1,
349.0,28.653295128939828,39,179,5864,
1499.0,69.97998665777186,43,221,5864,
1595.0,25.07836990595611,19,544,6,
1599.0,40.02501563477173,32,204,5864,
799.0,62.57822277847309,55,602,1,
449.0,33.4075723830735,27,183,8,
400.0,57.75,41,211,155,
999.0,35.03503503503504,47,616,1,
500.0,48.2,30,1109,22,
1399.0,28.591851322373124,77,284,5864,
3150.0,57.14285714285714,36,204,469,
799.0,50.06257822277848,34,197,314,
799.0,27.53441802252816,45,565,1,
649.0,61.78736517719569,37,341,3,
478.0,50.0,42,791,3,
79.0,0.0,31,170,5864,
899.0,44.493882091212456,34,360,4,
899.0,66.74082313681868,40,208,5864,5.0
349.0,49.8567335243553,23,175,5,
799.0,50.06257822277848,36,201,5864,3.0
1900.0,64.21052631578948,28,196,288,5.0
1699.0,17.657445556209534,44,158,5864,
375.0,37.333333333333336,39,179,5864,
360.0,21.11111111111111,26,173,5864,4.2
999.0,60.06006006006006,16,292,1,
2199.0,72.76034561164165,42,639,250,
2300.0,13.91304347826087,48,931,1,
499.0,61.923847695390776,30,188,71,
900.0,44.55555555555556,30,192,3,
895.0,51.06145251396648,36,344,5864,1.0
999.0,40.04004004004004,35,199,5864,
1299.0,30.023094688221708,24,186,5864,
1198.0,58.347245409015024,35,3561,73,
1899.0,0.0,35,951,1,
300.0,50.33333333333333,28,180,5864,
1399.0,64.33166547533953,49,228,5864,
2100.0,50.0,34,573,15,
351.0,0.0,19,166,5864,
750.0,31.866666666666667,36,238,42,
2100.0,50.0,34,573,15,
1599.0,20.0750469043152,37,208,5864,
1199.0,0.0,18,326,5,
2199.0,64.12005457025921,30,188,5864,
149.0,33.557046979865774,23,174,13,
399.0,37.59398496240601,31,429,19,
349.0,14.326647564469914,40,209,40,
1550.0,51.2258064516129,29,715,5864,
1999.0,15.70785392696348,63,1031,144,
1299.0,42.34026173979984,34,199,5864,
399.0,0.0,48,436,2,
2165.0,10.02309468822171,39,250,5864,
399.0,10.025062656641603,47,187,5864,
595.0,0.0,41,214,5864,
360.0,16.666666666666664,26,173,5864,
1597.0,70.00626174076393,47,721,1,
2598.0,50.0,34,200,27,
599.0,50.08347245409015,52,604,5864,
2222.0,0.0,26,1134,6,
459.0,37.03703703703704,65,467,299,
3950.0,49.62025316455696,38,165,22,4.1
499.0,40.08016032064128,28,185,35,
899.0,63.40378197997776,40,208,5864,3.0
3099.0,25.137141013230075,36,202,5864,
599.0,33.3889816360601,36,200,5864,5.0
999.0,60.06006006006006,27,406,1,
599.0,62.43739565943238,58,1469,5864,
2100.0,65.23809523809524,26,600,5,
1990.0,40.0,17,158,5864,
32660.0,21.9993876301286,64,259,99,
1000.0,45.1,15,521,2,
499.0,57.11422845691383,46,220,20,3.5
1999.0,15.70785392696348,59,186,144,
2625.0,40.0,33,1097,9,
500.0,60.0,27,183,2,
7527.0,0.0,34,200,5864,
748.0,50.0,26,134,27,
1208.0,54.55298013245034,26,703,14,
2999.0,36.67889296432144,20,571,3,
6000.0,79.80000000000001,40,1474,9,
1957.0,58.35462442514052,42,212,5864,
499.0,50.901803607214426,46,227,5864,
1095.0,54.7945205479452,40,216,288,
699.0,70.67238912732475,55,195,5864,
600.0,50.16666666666667,57,243,12,
499.0,78.15631262525051,45,227,30,
995.0,59.798994974874375,36,215,5864,
300.0,25.0,45,611,3,
598.0,50.0,49,228,5864,
500.0,20.200000000000003,42,290,2,
14999.0,53.33688912594173,34,415,1,
829.0,21.592279855247288,26,158,1,
1599.0,59.41213258286429,21,161,5864,
2499.0,74.0296118447379,52,890,3,
500.0,65.2,24,124,41,
249.0,36.14457831325301,49,189,5864,
3500.0,57.2,33,169,5864,2.0
1800.0,50.0,44,255,5864,
699.0,54.36337625178827,66,680,5864,
158.0,0.0,24,493,1,
2895.0,41.3126079447323,64,385,101,
499.0,49.8997995991984,41,211,5864,
100.0,20.0,48,187,5864,
3000.0,72.03333333333333,40,428,2,
1249.0,52.04163330664532,38,367,1,
1699.0,70.62978222483814,34,198,288,
1299.0,7.698229407236336,53,142,7,
900.0,0.0,44,217,5864,
1490.0,0.0,17,158,5864,
525.0,0.0,25,545,5864,
1550.0,51.2258064516129,29,719,5864,
1350.0,46.2962962962963,33,791,1,
999.0,85.08508508508508,59,296,5864,
451.0,0.0,19,170,5864,
900.0,33.33333333333333,49,229,59,3.0
1199.0,0.0,28,117,15,
1999.0,15.70785392696348,46,664,144,
570.0,29.82456140350877,43,215,5864,
899.0,0.0,57,284,5864,
599.0,33.3889816360601,42,213,38,
499.0,29.85971943887776,39,209,59,
2199.0,72.76034561164165,44,641,250,
999.0,40.04004004004004,37,202,5864,
999.0,65.06506506506507,37,204,288,
890.0,30.0,17,157,5864,
1999.0,50.025012506253134,43,408,6,
2598.0,69.24557351809084,41,213,73,
599.0,55.09181969949917,25,179,46,
1499.0,0.0,34,196,5864,
2500.0,44.2,38,245,5864,
968.0,0.0,21,212,5864,
2500.0,55.00000000000001,39,208,3,5.0
2000.0,29.9,30,260,14,
390.0,10.0,32,193,37,
3988.0,50.0,24,189,5864,
4599.0,50.01087192868015,38,206,5864,
1999.0,15.70785392696348,59,1783,144,
7794.0,56.38953040800616,61,254,27,
899.0,10.011123470522804,40,259,1,
1656.0,50.0,89,5309,6,
150.0,0.0,23,2487,10,
4900.0,67.36734693877551,41,214,469,
2290.0,30.567685589519648,20,181,5864,
913.0,56.29791894852135,52,235,5864,
2800.0,71.46428571428571,31,191,5864,
2100.0,57.14285714285714,36,1071,1,
1299.0,71.13163972286374,33,715,20,
999.0,52.95295295295295,26,163,7,
7999.0,43.11788973621702,37,405,1,
2895.0,41.3126079447323,64,191,101,
2100.0,82.0,34,197,2,
999.0,55.45545545545546,20,456,1,
349.0,0.0,67,393,1,
2198.0,0.0,48,244,5864,
54300.0,35.0,39,286,31,
3875.0,40.64516129032258,32,142,2,
1400.0,28.57142857142857,27,691,4,
799.0,50.06257822277848,40,207,5864,
5999.0,0.0,38,127,53,
1499.0,33.3555703802535,35,593,5864,
21999.0,30.905950270466843,49,177,4,5.0
2999.0,50.01667222407469,43,524,17,
1999.0,33.36668334167084,61,150,95,
1000.0,75.1,24,354,1,
2899.0,77.95791652293894,22,181,5864,
30000.0,36.49333333333333,35,2500,1,
798.0,50.0,37,465,15,
899.0,0.0,33,315,22,
500.0,20.0,23,170,5864,
539.0,50.09276437847866,47,749,27,
2999.0,50.01667222407469,46,3573,1,
31774.0,29.21256373135268,46,223,211,
350.0,31.428571428571427,27,153,6,2.6
1395.0,20.0,54,207,5864,
349.0,20.05730659025788,48,165,1,
2500.0,50.03999999999999,26,603,7,
946.0,52.85412262156448,36,748,5864,
1299.0,38.49114703618168,29,189,1,
2999.0,66.68889629876625,41,1001,30,
1349.0,70.4225352112676,41,218,314,
1196.0,49.331103678929765,36,201,5864,
3499.0,80.02286367533581,35,1069,5864,
2443.0,59.10765452312731,27,877,1,
1499.0,70.04669779853235,30,189,72,
1299.0,71.13163972286374,33,623,20,
1025.0,7.414634146341463,36,889,1,
515.0,9.902912621359224,42,213,37,
19995.0,50.00250062515629,10,159,5864,
795.0,20.0,47,358,6,
2000.0,25.05,28,188,9,
599.0,16.69449081803005,43,392,5,
450.0,6.888888888888889,32,193,299,
3450.0,43.47826086956522,48,175,3,2.5
975.0,51.28205128205128,90,2557,15,
899.0,52.83648498331479,34,457,4,
799.0,67.45932415519398,45,696,6,
649.0,53.929121725731896,59,247,54,
439.0,25.05694760820046,40,209,299,
800.0,25.125,46,347,7,
1200.0,33.416666666666664,36,202,5864,
898.0,0.0,40,331,5864,3.5
1499.0,70.04669779853235,24,164,5864,
450.0,28.88888888888889,21,346,1,2.5
1599.0,56.28517823639775,57,1569,10,
42404.0,25.478728421846995,52,235,211,
799.0,76.34543178973718,41,351,9,
1280.0,10.0,15,408,1,
1049.0,63.870352716873214,31,341,110,
399.0,25.062656641604008,35,198,5864,
1999.0,15.70785392696348,46,590,144,
2199.0,72.76034561164165,42,639,250,
1110.0,61.71171171171172,60,249,25,
349.0,51.57593123209169,41,528,8,
38801.0,28.772454318187677,47,225,211,
1199.0,64.97080900750626,45,337,110,
2450.0,62.44897959183674,38,207,469,
740.0,50.0,56,245,5864,
1200.0,50.83333333333333,101,518,1,3.8
3990.0,55.0125313283208,28,193,5864,
13500.0,7.4074074074074066,62,1273,9,
650.0,54.0,29,815,5864,
1499.0,64.04269513008673,76,2274,27,
48600.0,25.0,29,189,13,
1095.0,45.662100456621005,65,1335,5864,
500.0,20.0,27,174,5864,
10000.0,44.2,73,201,22,3.6
8500.0,20.011764705882356,34,526,1,
3344.0,60.01794258373205,59,1727,5,
2080.0,66.39423076923077,20,160,5864,
499.0,40.08016032064128,44,693,11,
899.0,33.37041156840934,21,1172,7,
749.0,0.0,19,302,3,
44551.0,20.99840632084577,45,221,18,
1295.0,0.0,49,228,5864,5.0
1099.0,54.5950864422202,64,263,5864,
999.0,60.06006006006006,46,172,3,1.0
250.0,20.0,44,217,8,
1500.0,66.73333333333333,43,1422,3,
399.0,75.43859649122807,34,716,6,
2199.0,25.648021828103683,31,928,17,
2199.0,50.022737608003645,22,176,14,
3016.0,27.254641909814325,45,222,83,
999.0,35.03503503503504,51,233,4,
799.0,71.8397997496871,41,351,167,
23043.0,30.0004339712711,53,237,132,
595.0,0.0,59,337,5864,1.0
1999.0,60.48024012006002,59,147,1,
995.0,53.266331658291456,38,211,314,
800.0,0.0,16,537,4,
1490.0,33.557046979865774,31,198,5864,3.0
28200.0,10.0,42,2753,1,
889.0,59.617547806524186,40,209,299,
2142.0,45.23809523809524,74,227,1,
949.0,26.343519494204426,46,220,5864,1.0
549.0,55.009107468123865,41,216,314,
899.0,50.055617352614014,39,206,5864,
11274.0,0.0,52,235,6,
169.0,11.83431952662722,12,291,2,
1199.0,62.46872393661385,50,230,5864,
1190.0,50.0,47,228,5864,
995.0,0.0,21,161,12,
300.0,17.0,38,205,3,
999.0,50.05005005005005,64,257,5,
939.0,43.556975505857295,70,318,1,
749.0,50.06675567423231,42,213,314,
1538.0,54.55136540962289,15,254,14,
899.0,50.055617352614014,41,213,14,
600.0,50.0,29,356,1,
666.0,55.1051051051051,47,225,5864,
499.0,0.0,19,270,5,5.0
739.0,27.06359945872801,48,227,27,
499.0,50.1002004008016,63,618,6,
2000.0,65.0,41,211,15,
2400.0,72.5,31,193,4,
1499.0,60.04002668445631,67,263,12,
2985.0,70.01675041876047,21,314,26,
1299.0,61.73979984603542,41,212,5864,
599.0,50.08347245409015,24,177,79,
1000.0,70.0,25,179,3,
1699.0,67.09829311359623,26,2132,4,
1299.0,84.60354118552733,40,594,9,
699.0,40.2002861230329,46,1356,5864,
999.0,50.05005005005005,46,226,314,
990.0,53.63636363636364,49,227,155,
699.0,50.07153075822603,35,789,72,
999.0,50.05005005005005,19,253,3,
799.0,68.8360450563204,24,159,5864,
1399.0,71.4796283059328,40,211,5864,
1199.0,67.05587989991659,53,236,5864,1.0
4900.0,67.36734693877551,41,214,469,
2050.0,51.21951219512195,33,165,6,
1999.0,33.36668334167084,61,150,95,
1999.0,50.025012506253134,27,248,5,
1899.0,71.09004739336493,46,1410,1,
2199.0,72.76034561164165,44,641,250,
899.0,52.28031145717463,42,213,155,
150.0,16.666666666666664,48,188,5864,
2499.0,0.0,59,324,3,
4500.0,49.68888888888889,35,677,21,
2500.0,50.03999999999999,26,603,48,
749.0,53.40453938584779,67,1005,5,
41483.0,29.997830436564374,70,271,22,
799.0,71.8397997496871,39,244,5864,
1599.0,0.0,11,161,5864,
415.0,1.2048192771084338,34,196,4,
1000.0,65.0,24,125,41,
999.0,60.06006006006006,44,624,22,
1899.0,67.40389678778304,44,257,5864,
395.0,46.83544303797469,48,224,5864,
4900.0,67.36734693877551,39,210,469,
999.0,51.25125125125125,31,190,288,
1250.0,50.0,32,193,6,
449.0,33.4075723830735,85,301,4,
2199.0,72.76034561164165,42,639,250,
34447.0,19.99883879583128,47,225,132,
399.0,60.15037593984962,39,1274,21,
34402.0,19.998837276902503,52,235,132,
990.0,0.0,17,157,5864,
3150.0,57.14285714285714,37,206,469,
599.0,0.0,40,208,5864,
698.0,57.16332378223496,36,767,13,
600.0,35.16666666666667,36,203,42,
1399.0,72.337383845604,33,203,314,5.0
699.0,65.80829756795423,32,193,44,
458.0,56.55021834061136,29,815,5864,
599.0,35.89315525876461,49,1182,5,
1695.0,53.09734513274337,97,1270,4,
1590.0,59.18238993710692,22,192,5864,
750.0,46.8,40,211,15,5.0
1900.0,68.94736842105263,64,259,5864,
1299.0,88.52963818321786,40,211,85,1.0
1299.0,45.03464203233256,37,204,5864,
4499.0,55.56790397866192,56,929,4,
999.0,74.97497497497497,43,217,17,
41671.0,30.28485037556094,48,227,211,
990.0,50.0,29,187,5864,
999.0,50.05005005005005,34,642,5864,
999.0,0.0,34,764,2,
799.0,25.03128911138924,53,698,3,
855.0,0.0,43,259,5864,
899.0,66.74082313681868,44,221,5864,4.0
2250.0,35.11111111111111,48,1112,41,
649.0,0.0,41,300,5864,3.4
325.0,40.0,25,179,46,
1569.0,55.44933078393881,33,197,5864,
699.0,65.80829756795423,42,213,44,
1399.0,25.017869907076484,39,210,28,
2499.0,90.23609443777512,55,290,5864,
510.0,50.0,26,181,5864,
5999.0,0.0,37,126,53,
999.0,85.08508508508508,34,202,48,
699.0,68.81258941344778,43,215,12,
749.0,33.37783711615487,16,156,5864,
899.0,44.493882091212456,38,204,5864,
400.0,0.0,57,243,7,
1499.0,20.08005336891261,42,213,5864,
599.0,9.84974958263773,25,165,5864,
1999.0,15.70785392696348,58,185,144,
700.0,58.57142857142858,16,358,2,
22169.0,20.000902160674816,55,402,132,
2000.0,20.0,11,167,5864,
799.0,0.0,28,195,5864,
999.0,50.05005005005005,41,164,14,
2099.0,67.46069556931872,45,259,5864,
1563.0,71.33717210492642,38,205,7,
1199.0,40.03336113427856,49,229,5864,
399.0,37.59398496240601,31,429,19,
1299.0,0.0,33,602,46,
750.0,73.46666666666667,51,231,14,
4497.0,60.21792305981766,34,198,5864,
525.0,0.0,25,545,5864,
2495.0,80.0,44,217,5,
799.0,43.80475594493116,33,199,29,
1360.0,50.0735294117647,64,257,5,
999.0,60.26026026026025,13,297,1,
699.0,15.021459227467812,18,158,5864,
2200.0,63.68181818181819,56,242,5864,
749.0,46.728971962616825,45,217,5864,4.5
1499.0,66.711140760507,42,948,288,
900.0,60.0,41,212,5864,
25185.0,13.043478260869565,28,187,2,
33625.0,15.00074349442379,46,223,25,
3690.0,45.799457994579946,45,172,22,4.2
599.0,50.08347245409015,24,177,79,
1299.0,53.88760585065435,30,818,20,
2895.0,48.22107081174439,46,173,101,
599.0,16.69449081803005,29,187,26,
11455.0,5.01964207769533,83,512,8,5.0
120.0,9.166666666666666,41,193,5864,
2499.0,32.01280512204882,12,160,5864,
45896.0,29.51673348439951,36,203,26,
1599.0,50.03126954346466,77,1314,5864,
345.0,0.0,26,809,2,
249.0,0.0,14,278,1,
650.0,30.76923076923077,28,185,34,
1399.0,67.90564689063618,20,352,4,
1499.0,50.03335557038026,17,157,5864,
599.0,33.3889816360601,42,213,38,
1050.0,43.42857142857143,39,1030,141,
999.0,85.08508508508508,34,197,167,
2499.0,72.10884353741497,32,199,5864,
1200.0,79.16666666666666,29,187,40,
499.0,0.0,47,446,3,
699.0,57.22460658082976,21,298,2,
1789.0,73.2811626607043,46,221,5864,
1499.0,20.08005336891261,40,214,5864,
1599.0,37.5234521575985,44,223,5864,
1999.0,15.70785392696348,46,586,144,
999.0,20.02002002002002,35,301,6,
1888.0,65.625,56,182,5864,
15720.0,20.0,81,293,1,
698.0,0.0,36,226,5864,
1699.0,42.84873454973514,28,185,5864,
999.0,70.07007007007007,53,788,1,
1299.0,60.046189376443415,22,390,5864,
330.0,5.151515151515151,53,200,5864,
2800.0,67.14285714285714,41,213,469,
1299.0,0.0,21,506,1,
1000.0,50.1,30,189,6,
399.0,50.125313283208015,54,1112,1,
2895.0,41.3126079447323,64,191,101,
699.0,80.11444921316166,57,260,2,
1400.0,74.42857142857143,40,235,141,
360.0,30.833333333333336,46,193,5864,
3000.0,48.36666666666667,26,603,48,
6999.0,40.00571510215745,18,187,5864,1.3
360.0,9.166666666666666,34,181,5864,
799.0,31.289111389236545,32,195,4,
4900.0,67.36734693877551,45,222,469,
1099.0,70.5186533212011,36,202,314,
1999.0,45.02251125562781,25,188,5864,5.0
999.0,0.0,44,294,5864,
1599.0,20.0750469043152,37,1523,5864,
699.0,40.05722460658083,37,203,5864,
1100.0,32.27272727272727,49,654,3,
1480.0,51.35135135135135,30,191,66,
1500.0,73.4,51,1001,314,4.0
11250.0,3.2,52,237,9,
999.0,40.04004004004004,63,151,95,
2499.0,26.010404161664667,76,1257,13,
350.0,0.0,33,195,2,
1495.0,49.89966555183947,43,217,2,
908.0,50.0,51,1743,19,
549.0,49.90892531876138,37,645,5864,
349.0,28.653295128939828,49,189,5864,
2952.0,52.84552845528455,82,1110,1,
1695.0,30.678466076696164,42,213,5864,5.0
1699.0,76.51559741024133,35,206,5864,
1299.0,23.094688221709006,27,185,15,
630.0,58.88888888888889,41,663,167,
799.0,37.546933667083856,21,430,24,
2499.0,20.00800320128051,28,193,5864,
2299.0,0.0,29,187,288,
500.0,6.6000000000000005,48,225,37,
549.0,0.0,45,302,22,
198.0,16.666666666666664,60,705,14,
499.0,40.08016032064128,34,512,3,
3897.0,53.83628432127278,81,294,27,
649.0,75.50077041602465,37,204,85,
2985.0,70.01675041876047,21,315,26,
999.0,50.05005005005005,36,201,5864,
499.0,20.04008016032064,21,1545,5864,
44659.0,21.99780559349739,57,245,99,
280.0,14.285714285714285,27,183,4,
2199.0,72.76034561164165,42,639,250,
1000.0,60.1,20,169,2,
2790.0,64.19354838709678,36,574,5864,
1099.0,56.41492265696088,25,1266,1,
499.0,20.04008016032064,23,175,18,
699.0,57.22460658082976,55,239,12,
935.0,9.197860962566844,59,247,29,
2000.0,80.60000000000001,24,125,41,
650.0,54.0,30,816,5864,
795.0,50.06289308176101,36,430,8,
999.0,50.05005005005005,36,528,5864,
1499.0,53.36891260840561,53,179,27,
2800.0,67.14285714285714,40,211,469,
799.0,25.03128911138924,44,217,5864,
13617.0,61.44525225820665,44,171,9,
1999.0,33.36668334167084,61,150,95,
360.0,0.0,28,185,299,
1799.0,44.469149527515285,29,1490,17,
2999.0,63.35445148382794,21,179,5864,
1999.0,65.03251625812906,47,224,5864,
2985.0,70.01675041876047,21,316,26,
1100.0,20.0,22,186,5864,
699.0,14.30615164520744,72,473,25,
2499.0,36.014405762304925,27,1348,5,
2490.0,39.95983935742972,33,958,5,
38625.0,15.000647249190935,49,229,25,
899.0,66.74082313681868,42,2092,2,5.0
1499.0,40.0266844563042,31,850,6,
2999.0,46.68222740913638,22,176,14,
500.0,18.0,21,168,5864,
2450.0,46.93877551020408,33,165,6,
2999.0,68.3561187062354,66,940,5,
650.0,15.384615384615383,29,187,2,
549.0,13.114754098360656,37,205,5,
249.0,0.0,48,188,5864,
5900.0,15.254237288135592,52,236,9,
600.0,32.166666666666664,49,307,1,
899.0,50.055617352614014,27,338,3,
1199.0,63.38615512927439,40,210,314,
2800.0,67.14285714285714,38,207,469,
4198.0,50.0,55,1339,7,
1600.0,45.5,28,187,5864,
169.0,14.792899408284024,55,1063,5864,
28625.0,32.79650655021834,43,3272,1,
899.0,61.179087875417125,51,906,45,
2299.0,60.89604175728578,18,175,5864,3.5
500.0,45.0,32,192,288,1.0
645.0,0.0,45,260,5864,5.0
499.0,60.120240480961925,36,762,5864,
999.0,85.08508508508508,40,209,54,
1595.0,20.0,40,167,1,
999.0,40.14014014014014,54,180,10,5.0
599.0,33.3889816360601,42,213,38,
700.0,25.0,31,193,1,
3488.0,15.166284403669724,13,587,1,
499.0,0.0,48,539,2,
3299.0,61.53379812064262,39,210,83,
459.0,56.644880174291934,101,1299,74,
285.0,0.0,66,1813,5864,
2895.0,48.22107081174439,46,173,101,
4050.0,25.925925925925924,31,194,1,
2299.0,58.721183123097,24,177,2,
799.0,50.06257822277848,16,817,8,
2000.0,25.0,39,262,4,
4500.0,40.08888888888889,68,466,8,
1200.0,25.083333333333336,39,209,59,
599.0,0.0,49,1018,3,
299.0,81.93979933110369,42,228,6,
42163.0,27.130422408272658,47,225,211,
2100.0,77.85714285714286,37,202,288,
599.0,50.08347245409015,32,174,34,
2499.0,12.004801920768308,36,880,4,
549.0,27.322404371584703,30,818,2,
650.0,54.0,30,817,5864,
4750.0,55.1578947368421,82,854,7,
575.0,0.0,71,350,5864,3.0
1199.0,35.029190992493746,46,221,5864,
2795.0,0.0,27,197,5864,
348.0,21.83908045977012,41,210,5864,
425.0,74.11764705882354,65,191,1,
35390.0,0.0,71,291,13,4.5
899.0,66.74082313681868,41,212,3,
1800.0,23.0,54,464,5864,
600.0,55.00000000000001,35,213,2,
1200.0,58.41666666666666,44,218,5864,
4399.0,75.01704932939305,33,378,14,
399.0,12.531328320802004,105,830,1,
999.0,40.04004004004004,37,202,5864,
999.0,0.0,41,864,1,
499.0,55.11022044088176,47,223,46,
325.0,60.0,36,134,167,
999.0,40.04004004004004,29,189,21,
899.0,0.0,45,1017,5864,
1170.0,65.8974358974359,42,226,110,
699.0,21.45922746781116,30,183,1,4.0
1999.0,15.00750375187594,52,477,2,
1300.0,50.76923076923077,30,191,66,
13645.0,10.003664345914254,23,537,2,
975.0,20.51282051282051,35,331,1,
899.0,20.13348164627364,43,943,5864,
649.0,29.892141756548536,51,633,1,
999.0,50.05005005005005,22,162,5864,
999.0,75.07507507507508,61,987,13,
960.0,0.0,29,187,299,
795.0,50.31446540880504,30,170,5864,
34687.0,29.74889728140225,46,223,211,
2495.0,71.98396793587175,19,159,5864,1.5
949.0,42.149631190727085,50,234,5864,
1099.0,0.0,35,610,2,
945.0,4.867724867724868,19,491,4,
259.0,3.861003861003861,48,188,5864,
11820.0,5.0,44,219,9,
1000.0,70.1,25,179,40,
4497.0,60.21792305981766,34,198,5864,
1099.0,50.04549590536852,47,232,5864,
33499.0,14.925818681154665,28,187,25,
1999.0,60.03001500750376,64,259,2,
799.0,56.32040050062578,36,204,1,
289.0,20.06920415224913,33,195,299,
1750.0,37.885714285714286,64,1488,141,
545.0,0.0,31,174,1,
449.0,8.908685968819599,79,287,29,
1299.0,40.03079291762894,54,632,5864,5.0
521.0,28.79078694817658,66,650,8,
374.0,0.0,39,209,11,5.0
1300.0,50.76923076923077,30,191,66,
350.0,0.0,31,191,8,
999.0,0.0,41,942,2,
2999.0,30.01000333444481,37,607,5864,
1399.0,28.591851322373124,46,2390,1,
299.0,33.44481605351171,30,552,13,
699.0,71.5307582260372,48,227,4,
560.0,0.0,54,239,1,
699.0,55.07868383404863,47,803,46,
990.0,50.0,36,200,72,
799.0,73.71714643304131,22,173,5,
745.0,6.174496644295302,32,191,5864,
699.0,52.93276108726752,38,242,5864,
749.0,40.053404539385845,33,189,5864,4.0
889.0,53.430821147356575,22,173,299,
460.0,10.0,40,209,299,
750.0,0.0,47,319,5864,4.5
1499.0,53.36891260840561,42,214,5864,
2499.0,90.03601440576232,42,213,19,
1500.0,27.4,28,188,5864,
2490.0,10.361445783132533,32,603,2,
699.0,71.67381974248927,63,1007,1,1.0
1149.0,0.0,40,292,22,
24485.0,20.0,56,409,132,
1662.0,76.05294825511432,34,197,4,
1399.0,72.337383845604,33,203,314,5.0
899.0,50.055617352614014,43,220,5864,
499.0,60.120240480961925,31,757,5864,
1799.0,50.0277932184547,25,716,2,
2450.0,62.44897959183674,43,217,469,
570.0,38.77192982456141,50,138,8,
599.0,38.39732888146912,44,640,4,
1000.0,50.0,33,359,7,
599.0,33.3889816360601,42,213,38,
1499.0,46.6977985323549,57,513,2,
999.0,60.06006006006006,44,217,314,
998.0,75.45090180360722,50,1464,6,
699.0,0.0,38,192,110,
2199.0,72.76034561164165,42,639,250,
1998.0,62.51251251251251,43,413,5864,
699.0,28.61230329041488,39,209,59,
299.0,0.0,44,617,1,
7800.0,16.666666666666664,59,167,1,
529.0,44.234404536862,31,675,6,
999.0,50.05005005005005,39,205,5864,2.0
2800.0,33.92857142857143,30,192,41,
1040.0,47.11538461538461,45,365,10,
351.0,0.0,17,163,5864,
1299.0,30.023094688221708,32,195,5864,
1199.0,58.38198498748957,43,220,34,
294.0,1.7006802721088436,83,297,4,
1195.0,60.0,49,333,2,
4499.0,0.0,58,248,5,
2895.0,48.22107081174439,46,173,101,
1299.0,45.03464203233256,37,204,288,
1799.0,61.14508060033352,26,590,5864,5.0
3590.0,55.15320334261838,21,178,5864,
999.0,37.43743743743744,22,175,14,
1499.0,60.04002668445631,31,199,5864,1.0
649.0,33.7442218798151,52,386,299,
899.0,55.06117908787542,32,193,46,
598.0,50.0,49,645,5864,
799.0,12.51564455569462,59,326,25,
3675.0,40.81632653061224,59,247,20,
33871.0,20.997313335892063,43,217,18,
3800.0,30.63157894736842,54,1650,3,4.0
2499.0,60.10404161664666,30,189,5864,1.0
610.0,24.91803278688525,38,205,1,
699.0,14.163090128755366,53,236,5864,
598.0,50.0,19,701,5,
999.0,50.05005005005005,36,201,5864,
599.0,50.08347245409015,20,1079,4,
1799.0,10.00555864369094,48,232,5864,
499.0,42.68537074148296,47,450,9,
650.0,54.0,29,816,5864,
1049.0,52.43088655862727,44,217,5864,
1499.0,53.36891260840561,40,271,5864,
1500.0,33.4,54,491,2,
999.0,20.02002002002002,22,144,5864,
756.0,50.0,20,1048,17,
599.0,50.08347245409015,24,177,79,
6819.0,63.35239771227453,43,617,8,
1199.0,25.0208507089241,30,194,5864,
656.0,39.176829268292686,46,220,288,
998.0,50.0,36,462,15,
4900.0,67.36734693877551,41,214,469,
2699.0,51.87106335679882,66,193,25,
4900.0,67.36734693877551,44,220,469,
999.0,60.06006006006006,43,215,5,
650.0,54.0,30,816,5864,
699.0,40.2002861230329,46,221,5864,3.0
1475.0,33.355932203389834,28,187,4,
40285.0,20.0,51,233,132,
1499.0,63.37558372248166,51,1394,45,
2100.0,71.47619047619047,20,970,12,
900.0,36.888888888888886,61,505,141,
3999.0,57.51437859464866,63,190,37,
2999.0,72.35745248416139,65,259,5864,
799.0,62.45306633291614,25,373,1,
3999.0,57.51437859464866,53,179,37,
999.0,40.04004004004004,63,151,95,
999.0,55.05505505505506,36,206,5864,
1200.0,70.91666666666666,28,191,5864,
1799.0,38.91050583657588,42,221,3,
1099.0,40.03639672429482,48,238,5864,
1999.0,15.70785392696348,44,1012,144,
750.0,34.0,36,203,42,
800.0,50.0,19,167,25,
999.0,35.03503503503504,23,158,5864,
1599.0,40.02501563477173,53,183,5864,1.0
619.0,31.98707592891761,45,219,299,
1299.0,53.88760585065435,30,830,20,
179.0,44.6927374301676,45,184,5864,
899.0,44.493882091212456,44,428,2,
405.0,10.123456790123456,76,770,1,
11431.0,15.00306184935701,57,541,3,
800.0,43.75,35,650,51,
439.0,31.890660592255127,35,199,299,
359.0,30.64066852367688,44,184,5864,
999.0,50.05005005005005,34,208,72,3.0
999.0,50.05005005005005,17,172,5864,
825.0,0.0,21,212,5864,
1499.0,80.0533689126084,35,201,5864,
35350.0,21.87835926449788,47,225,99,
480.0,38.75,21,171,299,
460.0,19.565217391304348,28,185,299,
698.0,50.0,49,227,5864,
1200.0,70.91666666666666,28,682,5864,
2100.0,81.42857142857143,46,332,5864,
2800.0,35.714285714285715,35,157,1,
799.0,71.46433041301627,22,173,1,
499.0,54.90981963927856,52,1458,17,
1199.0,58.38198498748957,19,183,5864,
350.0,43.142857142857146,41,248,5864,
598.0,25.75250836120401,58,205,5864,1.0
1499.0,64.04269513008673,78,2290,27,
299.0,39.79933110367893,24,179,7,
1699.0,10.005885815185405,22,180,5864,3.1
666.0,55.1051051051051,47,254,5864,
489.0,20.449897750511248,30,452,4,
1299.0,65.43494996150885,44,217,5864,
990.0,53.63636363636364,49,228,22,
799.0,43.92991239048811,78,1136,16,
1500.0,55.400000000000006,41,211,14,
499.0,4.008016032064128,36,203,42,
2499.0,32.01280512204882,63,372,5864,
184.0,4.891304347826087,33,173,5864,5.0
899.0,61.179087875417125,59,247,288,5.0
1299.0,40.03079291762894,42,218,5864,
43100.0,0.0,29,521,26,
899.0,44.493882091212456,16,156,5864,
380.0,0.0,21,171,299,
399.0,74.93734335839599,39,474,2,
798.0,79.32330827067669,51,191,5864,
599.0,30.05008347245409,23,738,36,
4900.0,67.36734693877551,39,210,469,
2097.0,66.66666666666666,20,893,4,
299.0,0.0,36,199,5864,
1800.0,50.83333333333333,49,229,8,
599.0,72.62103505843072,54,983,74,
3890.0,0.0,10,265,1,
600.0,36.66666666666666,25,1104,6,
1999.0,65.03251625812906,26,454,5864,
349.0,48.71060171919771,23,163,5864,
750.0,26.666666666666668,63,459,10,
30445.0,29.676465757924124,56,243,211,
42270.0,27.702862550272062,46,223,211,
898.0,35.52338530066815,80,291,5864,
908.0,50.0,50,1738,19,
4999.0,79.01580316063213,42,820,1,
699.0,40.05722460658083,52,354,10,
7000.0,0.0,15,142,4,
1399.0,50.03573981415297,26,182,5864,
4999.0,68.01360272054411,47,329,1,
879.0,55.062571103526736,33,195,46,
1299.0,53.88760585065435,31,199,5864,5.0
1500.0,41.8,69,1719,141,
899.0,77.8642936596218,45,221,4,
250.0,20.0,42,213,8,
1450.0,24.20689655172414,28,967,1,
999.0,70.07007007007007,23,564,2,
1550.0,51.2258064516129,29,737,5864,
600.0,58.5,41,797,155,
2500.0,55.08,33,198,141,
1000.0,50.0,48,463,15,
699.0,57.22460658082976,39,207,5864,5.0
4999.0,73.01460292058411,63,859,5,
1795.0,0.0,42,557,3,
1099.0,50.04549590536852,34,2178,5,
350.0,14.571428571428571,44,511,17,
899.0,33.37041156840934,37,1243,3,
799.0,43.92991239048811,77,1132,16,
625.0,56.00000000000001,35,197,314,
1195.0,50.2092050209205,54,254,4,
1595.0,59.56112852664577,53,531,4,
1099.0,49.95450409463149,47,228,5864,
1599.0,18.76172607879925,36,1753,10,
1156.0,50.17301038062284,36,528,5864,
399.0,0.0,26,181,21,
750.0,73.46666666666667,27,183,40,
999.0,67.96796796796797,32,194,85,
49999.0,27.286545730914614,77,522,8,
545.0,30.091743119266056,44,329,3,
350.0,20.0,63,877,3,
1455.0,7.216494845360824,85,302,5864,
1299.0,61.585835257890686,54,457,2,
280.0,0.0,21,168,5864,
699.0,50.07153075822603,49,428,1,
2895.0,48.22107081174439,46,603,101,
599.0,33.3889816360601,42,213,38,
22900.0,22.510917030567683,39,2260,4,
550.0,60.0,36,201,26,
6590.0,49.2412746585736,23,391,1,
799.0,37.546933667083856,37,202,288,
4500.0,20.022222222222226,39,128,2,
4499.0,66.90375639030896,47,527,4,
1499.0,56.70446964643096,26,260,2,
1199.0,15.012510425354462,36,177,5864,
999.0,25.025025025025027,52,235,5864,
500.0,40.0,34,601,1,
1499.0,40.0266844563042,27,185,288,
405.0,0.0,40,210,5864,
1499.0,53.36891260840561,53,179,27,
239.0,50.62761506276152,27,186,5864,
899.0,14.46051167964405,29,189,3,
1999.0,15.70785392696348,44,1017,144,
1599.0,43.77736085053158,25,179,5,
295.0,0.0,69,269,5864,
1199.0,87.57297748123436,38,1193,3,3.7
799.0,0.0,42,297,5864,5.0
450.0,0.0,24,1474,5864,5.0
499.0,64.92985971943888,42,1453,5864,
499.0,64.92985971943888,45,221,5864,5.0
449.0,49.88864142538976,63,382,17,
1099.0,54.5950864422202,27,190,5864,
1100.0,0.0,29,190,1,
1299.0,42.34026173979984,34,199,5864,
899.0,30.03337041156841,46,225,5864,
34692.0,27.36365732733772,58,247,211,
3199.0,50.01562988433885,41,384,3,
799.0,50.06257822277848,24,177,79,
2288.0,30.026223776223777,30,203,5864,2.5
36271.0,30.864878277411705,47,225,99,
1299.0,61.585835257890686,27,273,5,
2100.0,52.42857142857142,29,195,5864,
629.0,36.56597774244833,66,1988,74,
900.0,50.0,19,167,25,
850.0,61.76470588235294,22,399,21,
649.0,55.007704160246526,25,179,46,
550.0,45.45454545454545,35,667,51,
630.0,36.66666666666666,21,173,2,
40682.0,25.23474755420088,47,225,211,
449.0,56.57015590200446,18,165,2,
899.0,44.493882091212456,43,215,29,
2000.0,29.9,37,371,14,
1799.0,61.14508060033352,33,203,5864,
450.0,0.0,26,181,2,
999.0,40.04004004004004,63,151,95,
1699.0,17.657445556209534,39,215,5864,
1499.0,33.3555703802535,63,3844,3,
799.0,56.32040050062578,36,504,71,
725.0,3.4482758620689653,46,347,5864,4.1
2499.0,56.02240896358544,42,345,12,
599.0,38.39732888146912,47,652,4,
1499.0,67.31154102735157,43,783,72,5.0
1000.0,80.10000000000001,19,167,40,
2100.0,64.52380952380953,59,982,2,
1599.0,43.77736085053158,18,345,4,
4999.0,36.867373474694936,46,706,2,
1199.0,24.103419516263557,22,148,41,4.5
795.0,0.0,55,313,5864,
2899.0,50.017247326664375,28,1182,5864,
799.0,12.51564455569462,57,427,25,
1000.0,20.1,39,209,59,
599.0,41.736227045075125,24,848,5864,5.0
795.0,62.264150943396224,42,219,5864,
1650.0,46.06060606060606,49,227,1,
899.0,50.055617352614014,49,957,314,4.2
1999.0,15.70785392696348,44,171,144,
299.0,64.88294314381271,55,248,5864,
1319.0,62.1683093252464,35,525,5864,5.0
598.0,33.27759197324415,26,183,73,
1958.0,27.27272727272727,39,210,83,
999.0,30.03003003003003,48,239,5864,
4999.0,50.19003800760152,21,1039,1,
6000.0,76.83333333333333,22,462,1,
4900.0,67.36734693877551,47,226,469,
599.0,41.736227045075125,48,224,5864,1.0
34562.0,19.99884265956831,56,403,132,
1299.0,65.43494996150885,23,163,5864,
1299.0,42.34026173979984,34,208,5864,
1495.0,26.421404682274247,19,601,6,
19999.0,70.00350017500875,44,299,7,
1600.0,81.875,45,329,5864,
895.0,33.07262569832402,46,227,5864,
799.0,50.06257822277848,43,220,5864,
1399.0,25.017869907076484,45,224,5864,
3999.0,24.981245311327832,21,972,6,
300.0,16.666666666666664,19,167,12,
799.0,37.546933667083856,21,428,24,
699.0,49.92846924177397,38,205,5864,
1499.0,50.03335557038026,55,241,1,
799.0,0.0,33,195,5864,
1100.0,45.909090909090914,32,242,5864,5.0
1499.0,66.711140760507,33,579,5864,
1990.0,0.0,17,158,5864,
1399.0,50.03573981415297,49,175,25,
47390.0,20.0,70,271,132,
2399.0,70.862859524802,30,196,5864,
999.0,80.08008008008008,34,197,22,
350.0,8.571428571428571,69,269,1,
650.0,24.615384615384617,47,303,1,
895.0,10.614525139664805,40,333,5864,3.7
2000.0,29.9,36,368,14,
1000.0,65.10000000000001,34,197,34,
1300.0,73.15384615384616,47,1049,314,5.0
1499.0,56.70446964643096,41,167,21,
1995.0,59.94987468671679,26,181,5864,1.0
999.0,50.05005005005005,15,831,2,
1199.0,70.89241034195163,49,227,5864,
599.0,33.3889816360601,21,600,4,
1499.0,53.36891260840561,40,271,5864,
649.0,0.0,31,407,19,
570.0,47.54385964912281,29,185,2,
1299.0,65.43494996150885,38,207,5864,
399.0,50.125313283208015,26,181,5,
1049.0,30.028598665395617,26,182,5864,
329.0,0.0,37,203,10,
555.0,16.936936936936934,78,287,5864,
599.0,20.03338898163606,26,757,36,2.0
2499.0,80.03201280512204,35,1015,5864,
3699.0,59.47553392808867,45,222,469,
1440.0,51.04166666666666,20,160,5864,
999.0,30.03003003003003,37,210,5864,
2199.0,50.022737608003645,38,234,5864,
698.0,50.0,49,234,5864,
699.0,55.65092989985694,49,1549,6,
750.0,0.0,38,300,5864,4.0
1199.0,78.39866555462885,45,219,100,
1399.0,79.48534667619728,53,667,6,
1299.0,46.95919938414165,24,1183,1,
499.0,72.14428857715431,45,220,30,
2950.0,54.271186440677965,50,139,1,
999.0,0.0,43,498,2,
595.0,0.0,23,525,1,
390.0,10.256410256410255,33,180,5864,
1899.0,52.6592943654555,29,195,5864,
1699.0,55.9152442613302,54,241,5864,
38840.0,27.62615859938208,46,223,211,
4900.0,67.36734693877551,43,218,469,
899.0,68.96551724137932,37,347,100,
1800.0,57.277777777777786,34,415,5864,3.3
1299.0,42.34026173979984,34,208,5864,
999.0,50.05005005005005,41,411,7,
3499.0,57.15918833952558,34,1532,9,
999.0,67.06706706706707,41,351,22,
745.0,6.174496644295302,32,340,5864,3.5
999.0,60.06006006006006,63,1314,2,
1000.0,65.0,28,185,1,
699.0,57.79685264663805,19,167,30,
1195.0,58.24267782426779,32,198,314,
1418.0,22.496473906911145,44,220,5864,
27764.0,40.476876530759256,67,460,13,
2699.0,35.198221563542056,44,154,4,
380.0,16.05263157894737,51,198,5864,
1299.0,42.26327944572749,69,269,27,
999.0,50.05005005005005,19,252,1,
1390.0,0.0,17,848,4,
700.0,64.42857142857143,40,213,3,
300.0,33.666666666666664,33,229,1,
459.0,42.0479302832244,26,181,1,
1839.0,33.87710712343665,45,222,83,
1199.0,54.21184320266889,39,208,5864,
2488.0,30.02411575562701,60,782,1,
999.0,75.07507507507508,64,1001,13,
799.0,39.92490613266583,47,222,5864,5.0
2500.0,60.2,46,332,5864,
979.0,56.58835546475996,44,762,5864,
699.0,42.91845493562232,32,193,34,
500.0,35.0,31,189,3,
599.0,16.69449081803005,22,173,5864,
249.0,27.710843373493976,47,187,5864,5.0
699.0,57.22460658082976,45,217,5864,5.0
3999.0,27.5068767191798,64,191,37,
1255.0,25.97609561752988,60,251,5864,
2229.0,49.97756841633019,35,527,4,
999.0,40.04004004004004,29,189,21,
1137.0,64.90765171503958,47,223,14,
15138.0,55.2054432553838,44,458,8,
500.0,35.0,28,340,51,
1999.0,65.03251625812906,31,204,5864,
2529.0,21.58956109134045,26,181,19,
2199.0,18.190086402910413,34,161,2,
1310.0,40.0,61,900,5864,
2199.0,72.76034561164165,42,639,250,
1330.0,47.4436090225564,59,249,10,
5000.0,30.0,65,657,1,
1599.0,37.023139462163854,37,802,23,
515.0,0.0,35,199,5864,
4497.0,60.21792305981766,34,198,5864,
649.0,57.01078582434514,50,718,155,
501.0,0.0,19,174,5864,
399.0,60.15037593984962,39,1270,21,
1099.0,63.69426751592356,26,161,5864,
1332.0,60.28528528528528,36,360,3,
795.0,0.0,42,342,5864,
2500.0,30.0,21,162,13,
4400.0,68.86363636363636,48,415,2,
3125.0,12.0,68,268,9,
1600.0,25.0,62,473,3,
2000.0,35.05,28,188,9,
2199.0,72.76034561164165,44,641,250,
2399.0,0.0,19,1692,5864,3.9
599.0,16.69449081803005,22,204,5864,
653.0,54.211332312404295,60,1819,1,
750.0,0.0,54,342,5864,4.3
799.0,25.03128911138924,34,198,314,
2795.0,74.99105545617174,19,1056,5864,2.9
799.0,68.8360450563204,28,185,5,
999.0,67.06706706706707,59,287,5864,5.0
1199.0,62.46872393661385,49,881,5864,
550.0,51.090909090909086,40,589,1,
850.0,45.88235294117647,24,177,1,
399.0,40.100250626566414,27,181,8,4.0
2199.0,72.76034561164165,42,639,250,
800.0,50.24999999999999,24,307,3,
35974.0,20.000555957080117,52,235,132,
1480.0,51.35135135135135,30,191,66,
4900.0,67.36734693877551,41,214,469,
600.0,55.00000000000001,33,1663,110,5.0
2895.0,48.22107081174439,40,167,101,
799.0,50.06257822277848,16,815,8,
1499.0,66.64442961974649,59,599,5864,
1170.0,58.119658119658126,69,213,53,
4998.0,78.01120448179272,41,214,73,
999.0,55.05505505505506,44,584,5864,
1399.0,0.0,25,2521,5864,
1699.0,0.0,52,162,8,
1199.0,41.70141784820684,30,190,5864,
1999.0,15.70785392696348,44,1012,144,
2499.0,89.6358543417367,46,221,19,
899.0,33.37041156840934,45,310,3,
799.0,0.0,50,227,5864,
899.0,70.07786429365962,40,888,13,
1299.0,30.023094688221708,47,235,5864,
699.0,0.0,55,280,5864,
499.0,64.92985971943888,51,233,5864,
1299.0,30.023094688221708,47,228,5864,
799.0,71.8397997496871,41,351,167,
999.0,30.03003003003003,30,190,5864,
320.0,0.0,21,168,5864,
750.0,20.0,54,219,1,
599.0,35.89315525876461,49,1182,5,
1729.0,62.46385193753616,43,675,8,
590.0,51.69491525423729,53,1459,6,
1599.0,69.3558474046279,33,121,3,
295.0,0.0,65,261,5864,
760.0,47.5,45,220,5864,
3999.0,57.51437859464866,53,179,37,
1099.0,10.009099181073704,36,201,5864,
999.0,20.12012012012012,41,217,5864,
895.0,18.994413407821227,29,381,5864,
1000.0,70.1,31,191,34,
499.0,50.1002004008016,32,193,34,
2800.0,67.14285714285714,36,203,469,
6000.0,75.01666666666667,39,810,14,
2499.0,60.10404161664666,30,190,5864,3.7
1999.0,33.36668334167084,61,150,95,
900.0,55.66666666666666,34,198,22,
849.0,55.35924617196702,59,793,155,
599.0,62.43739565943238,62,1473,5864,
1000.0,80.10000000000001,21,171,40,
2199.0,52.29649840836744,35,253,3,
1799.0,8.282379099499721,52,235,5864,
898.0,50.0,44,217,4,
1825.0,10.027397260273972,20,147,41,
500.0,30.2,42,368,1,
999.0,50.05005005005005,43,220,5864,
1095.0,27.3972602739726,19,159,5864,
2199.0,20.00909504320145,30,404,2,
1599.0,75.046904315197,45,219,5864,1.0
2760.0,4.021739130434782,52,726,1,
999.0,0.0,38,297,5864,1.0
49010.0,20.0,63,408,132,
2100.0,71.47619047619047,20,970,12,
930.0,48.924731182795696,56,156,53,
1999.0,30.01500750375188,22,654,9,
3995.0,19.09887359198999,39,166,3,4.4
1498.0,46.66221628838451,50,231,3,
4000.0,76.275,48,528,7,
49999.0,28.008560171203424,50,231,211,
2999.0,0.0,23,164,5864,
749.0,46.728971962616825,31,1730,5,
2098.0,0.0,48,234,5864,
995.0,20.100502512562816,23,175,2,
2199.0,72.76034561164165,44,641,250,
1199.0,40.03336113427856,35,203,5864,
458.0,56.55021834061136,29,815,5864,
499.0,60.120240480961925,37,763,5864,
1148.0,28.57142857142857,42,697,4,
500.0,45.0,34,182,288,2.5
800.0,0.0,31,171,5864,
409.0,0.0,73,213,5864,
400.0,25.25,46,223,3,
1195.0,35.06276150627615,26,189,5864,
6999.0,14.28775539362766,37,164,2,
599.0,72.62103505843072,54,983,74,
699.0,0.0,42,134,5864,
185.0,0.0,32,240,5864,3.2
400.0,20.0,47,194,5864,4.0
1780.0,72.47191011235955,48,680,48,
2199.0,72.76034561164165,42,639,250,
499.0,46.09218436873748,100,1157,1,
999.0,50.05005005005005,44,580,5864,
699.0,70.67238912732475,63,203,5864,
1299.0,53.88760585065435,34,828,20,
999.0,60.06006006006006,46,619,1,
1414.0,49.92927864214992,44,1063,6,
1899.0,47.39336492890995,44,499,1,
599.0,0.0,56,308,5864,
3995.0,31.1639549436796,37,763,4,
199.0,51.75879396984925,41,510,8,
4596.0,50.0870322019147,58,549,14,
2199.0,22.73760800363802,44,220,5864,
1099.0,51.86533212010919,60,1087,3,
799.0,50.06257822277848,47,228,314,
510.0,39.21568627450981,28,185,299,
399.0,25.062656641604008,15,326,2,
1599.0,50.03126954346466,53,915,5,
899.0,55.61735261401557,42,254,14,
799.0,49.436795994993744,33,121,5,
4900.0,67.36734693877551,41,214,469,
499.0,60.120240480961925,58,784,5864,
995.0,9.64824120603015,24,176,5864,
4650.0,40.0,40,1061,9,
575.0,6.260869565217392,31,119,7,
450.0,11.333333333333332,26,183,13,
599.0,50.08347245409015,41,167,1,
1575.0,17.523809523809526,25,151,41,
1110.0,40.0,64,259,5864,
4500.0,28.88888888888889,50,1306,1,
949.0,69.54689146469968,31,341,30,
999.0,60.06006006006006,43,615,20,
599.0,18.86477462437396,75,279,299,
1298.0,60.015408320493066,24,177,4,
389.0,0.0,51,198,5864,
525.0,0.0,42,1347,1,
1499.0,0.0,43,1434,8,
648.0,46.141975308641975,19,159,5864,
799.0,50.06257822277848,36,201,314,
39902.0,19.99899754398276,50,231,132,
1700.0,49.76470588235294,26,230,10,
799.0,37.546933667083856,24,112,1,
4900.0,67.36734693877551,39,210,469,
510.0,27.450980392156865,53,200,5864,
539.0,11.131725417439704,72,458,299,
1260.0,28.65079365079365,33,1593,1,
599.0,30.05008347245409,42,216,5864,3.0
2309.0,0.0,36,125,53,
949.0,69.54689146469968,31,341,85,
899.0,40.04449388209122,26,621,4,
1999.0,33.36668334167084,61,150,95,
499.0,64.92985971943888,35,201,5864,5.0
4900.0,67.36734693877551,45,222,469,
2199.0,27.285129604365626,39,356,1,
250.0,16.0,36,203,4,
999.0,50.05005005005005,36,202,5864,
1143.0,12.685914260717407,29,189,3,
799.0,50.06257822277848,40,1512,5864,
949.0,42.149631190727085,50,229,5864,
725.0,37.93103448275862,30,240,51,
1499.0,20.0133422281521,38,206,5864,
2499.0,60.10404161664666,30,188,5864,
349.0,29.799426934097426,60,1330,10,
1040.0,47.11538461538461,46,441,4,
799.0,56.19524405506884,20,169,7,
2999.0,40.01333777925976,45,320,1,
999.0,70.27027027027027,37,203,18,
499.0,80.16032064128257,45,219,155,
700.0,46.42857142857143,38,205,53,
1499.0,33.3555703802535,20,284,3,
1599.0,88.43026891807379,23,292,1,
1599.0,76.29768605378362,46,221,314,
399.0,15.037593984962406,38,185,5864,
1999.0,67.53376688344173,33,373,3,
1600.0,50.625,30,191,66,
399.0,25.062656641604008,24,721,6,
3559.0,61.53413880303455,39,210,83,
499.0,73.94789579158316,43,215,155,
749.0,40.053404539385845,33,189,5864,4.0
2695.0,0.0,51,671,5864,
225.0,11.11111111111111,55,202,5864,
699.0,57.22460658082976,39,207,40,
2199.0,0.0,29,187,288,
399.0,41.10275689223057,28,185,34,1.0
2999.0,76.69223074358119,83,1714,1,
899.0,69.41045606229143,41,212,3,
1000.0,50.5,30,191,26,
1198.0,41.652754590984976,41,219,5864,
699.0,0.0,38,216,1,
840.0,49.40476190476191,56,241,53,
235.0,0.0,62,253,7,
1199.0,58.38198498748957,43,833,54,
849.0,55.35924617196702,59,247,155,
999.0,65.06506506506507,18,167,2,
1186.0,74.78920741989882,31,191,6,
599.0,50.08347245409015,26,987,36,4.5
1099.0,63.69426751592356,52,186,79,
325.0,15.384615384615383,32,193,30,
1200.0,59.25,94,319,7,
999.0,15.015015015015017,46,1066,2,
999.0,28.02802802802803,40,871,2,
699.0,14.30615164520744,27,181,5864,
630.0,58.88888888888889,41,225,155,
499.0,76.15230460921843,45,219,155,
180.0,8.333333333333332,43,190,5864,
599.0,50.08347245409015,28,185,2,
599.0,30.05008347245409,38,204,5864,
430.0,0.0,69,872,1,
1099.0,63.69426751592356,51,237,5864,
2800.0,67.14285714285714,41,213,469,
1040.0,47.11538461538461,38,319,5,
6999.0,50.00714387769681,33,354,1,
370.0,43.24324324324324,16,163,5864,2.0
400.0,34.5,36,2945,1,
2985.0,70.01675041876047,21,316,26,
3800.0,50.0,17,571,25,
999.0,0.0,25,227,5864,
1918.0,50.0,35,522,4,
2149.0,59.28338762214984,29,117,23,
999.0,40.04004004004004,63,151,95,
1499.0,40.0266844563042,59,281,5864,3.3
1790.0,0.0,15,713,5864,
649.0,61.63328197226502,51,231,46,
3699.0,51.39226818058936,60,639,1,
2695.0,0.0,38,531,8,
1099.0,45.49590536851683,38,296,5864,
999.0,59.95995995995996,34,197,8,
699.0,57.22460658082976,54,237,12,
4900.0,67.36734693877551,44,220,469,
1999.0,33.36668334167084,61,150,95,
1699.0,55.9152442613302,54,241,5864,
995.0,53.266331658291456,38,205,314,
849.0,73.4982332155477,31,341,110,
4900.0,67.36734693877551,46,224,469,
799.0,0.0,31,191,5864,
499.0,60.120240480961925,43,769,5864,
800.0,43.75,35,662,51,
1525.0,34.49180327868853,18,167,6,5.0
1499.0,63.37558372248166,51,1394,45,
2099.0,70.08099094807051,29,201,1,1.0
999.0,70.07007007007007,52,233,46,
33033.0,20.00121091030182,59,249,132,
695.0,0.0,34,204,314,
499.0,21.8436873747495,39,803,5864,
449.0,0.0,32,196,1,
1499.0,69.97998665777186,40,640,3,
5000.0,0.0,36,163,22,3.9
1942.0,50.0,24,494,4,
1999.0,55.02751375687844,44,661,1,
9250.0,24.87567567567568,62,256,33,
1299.0,69.28406466512702,33,195,20,
449.0,58.79732739420936,67,207,5864,
7180.0,5.0,29,1019,9,
375.0,0.0,37,190,2,
1100.0,54.63636363636364,30,230,6,
360.0,16.666666666666664,30,177,5864,
2000.0,0.0,43,218,5864,
1795.0,0.0,25,331,3,
849.0,20.141342756183743,41,209,5864,
37904.0,20.00052764879696,53,237,132,
2499.0,72.02881152460985,29,117,12,
4900.0,67.36734693877551,37,206,469,
999.0,50.05005005005005,45,219,314,4.5
894.0,11.073825503355703,32,696,1,
800.0,56.375,34,196,100,
499.0,74.14829659318637,45,218,100,
1299.0,46.18937644341801,32,194,5864,
2100.0,28.57142857142857,44,533,8,
800.0,50.125,69,944,2,
599.0,76.62771285475793,43,215,155,
699.0,57.22460658082976,52,1226,5,
1499.0,66.711140760507,20,248,4,
1999.0,33.36668334167084,61,150,95,
1599.0,73.79612257661037,42,1026,13,
2999.0,93.36445481827276,62,253,4,
675.0,50.07407407407407,32,821,1,
650.0,23.23076923076923,28,185,34,
499.0,60.92184368737475,54,975,3,
1099.0,63.69426751592356,37,1757,1,
699.0,9.72818311874106,20,170,5864,
1999.0,30.465232616308157,26,184,13,
1699.0,47.08652148322543,27,185,5864,
380.0,17.105263157894736,29,717,1,
1599.0,40.21263289555972,19,159,5864,
999.0,70.07007007007007,87,771,167,
3326.0,28.5628382441371,35,287,1,
449.0,60.35634743875279,46,582,5864,
270.0,10.0,44,219,2,
499.0,20.04008016032064,28,823,2,
399.0,42.606516290726816,48,287,2,
1300.0,69.3076923076923,26,187,1,
999.0,67.06706706706707,66,866,36,
4900.0,67.36734693877551,43,218,469,
1710.0,41.578947368421055,63,257,1,
1998.0,60.01001001001001,26,213,4,
799.0,62.57822277847309,63,367,3,
799.0,50.06257822277848,36,206,314,5.0
1129.0,42.515500442869794,22,173,299,
799.0,50.06257822277848,35,596,1,
2250.0,35.11111111111111,40,212,41,
735.0,0.0,37,204,5864,
920.0,19.565217391304348,64,259,4,
4900.0,67.36734693877551,50,232,469,
1090.0,0.0,36,858,1,
1199.0,58.38198498748957,17,399,7,
780.0,0.0,51,322,5864,4.1
495.0,50.505050505050505,56,241,33,
846.0,0.0,39,209,11,5.0
500.0,37.2,24,878,141,
1120.0,3.571428571428571,37,206,2,
650.0,54.0,29,816,5864,
499.0,60.120240480961925,26,181,8,
1499.0,40.0266844563042,24,161,9,
499.0,45.89178356713427,72,879,1,
899.0,52.28031145717463,42,213,54,
1495.0,20.066889632107024,41,217,5864,
999.0,0.0,47,319,5864,
1250.0,20.08,49,266,5864,
4200.0,67.14285714285714,41,214,469,
750.0,26.666666666666668,33,254,1,
2800.0,66.10714285714285,56,253,5864,
1199.0,58.38198498748957,46,583,8,
1899.0,20.01053185887309,36,203,288,
359.0,61.28133704735376,41,213,3,
399.0,32.33082706766917,71,292,2,
350.0,43.142857142857146,33,121,2,
995.0,69.9497487437186,73,199,1,
599.0,37.22871452420701,45,261,14,4.0
299.0,0.0,48,317,5864,4.0
255.0,0.0,37,682,1,
598.0,33.27759197324415,26,3550,73,
1499.0,65.04336224149434,42,220,1,
4200.0,67.14285714285714,38,208,469,
599.0,72.62103505843072,59,1003,74,
598.0,45.48494983277592,14,161,5864,4.7
925.0,0.0,42,321,5864,4.7
999.0,50.05005005005005,35,197,5864,
499.0,61.923847695390776,30,188,4,
699.0,35.7653791130186,32,195,3,
499.0,20.04008016032064,19,175,5864,3.0
899.0,66.74082313681868,19,385,1,
2895.0,41.3126079447323,64,191,101,
650.0,54.0,29,816,5864,
995.0,10.050251256281408,47,337,5864,4.0
1999.0,55.02751375687844,57,867,5,
799.0,40.05006257822278,23,1179,2,
1495.0,30.03344481605351,39,950,17,
11999.0,4.992082673556129,42,501,9,
1683.0,40.64171122994652,67,292,3,
26838.0,20.00149042402564,63,257,132,
275.0,64.0,52,177,2,
550.0,40.0,35,1124,1,
1949.0,76.96254489481785,32,201,288,
2470.0,6.882591093117409,98,1656,1,
2399.0,57.23218007503126,29,118,23,
5099.0,54.912727985879584,37,413,5864,
1399.0,50.03573981415297,25,179,5,
1499.0,64.04269513008673,79,2298,27,
2895.0,48.22107081174439,46,173,101,
7000.0,7.142857142857142,68,600,9,
999.0,50.05005005005005,32,290,79,
1199.0,58.38198498748957,28,391,1,
655.0,39.083969465648856,40,1718,5,
5500.0,48.23636363636364,35,178,21,
950.0,0.0,47,337,5864,4.5
999.0,50.05005005005005,29,828,28,
950.0,0.0,41,292,5864,4.5
900.0,72.55555555555556,35,199,18,
2249.0,37.7945753668297,19,616,2,
1499.0,46.6977985323549,17,170,5864,2.0
1199.0,43.61968306922435,36,560,5864,
3739.0,25.006686279753943,35,3203,3,
1850.0,46.21621621621622,63,151,8,
1599.0,62.10131332082551,47,222,5864,
1099.0,63.69426751592356,54,790,5864,3.0
2499.0,44.017607042817126,18,145,3,3.0
540.0,16.85185185185185,88,307,5864,
35271.0,28.90760114541692,53,237,211,
599.0,62.43739565943238,53,1464,5864,
899.0,50.055617352614014,39,537,5864,
699.0,49.92846924177397,38,206,5864,
1199.0,75.22935779816514,33,195,288,
1499.0,63.37558372248166,51,1394,45,
465.0,0.0,35,205,5864,
3000.0,66.7,27,183,15,
1600.0,50.625,30,191,66,
999.0,55.05505505505506,25,179,46,
2079.0,23.08802308802309,40,468,5,
599.0,70.78464106844741,62,397,2,
1398.0,67.81115879828327,44,2316,4,
850.0,0.0,21,212,5864,
1299.0,23.094688221709006,39,209,28,
1299.0,38.49114703618168,35,1896,1,
699.0,35.7653791130186,45,278,20,
46500.0,45.13978494623656,20,241,25,
1399.0,50.03573981415297,29,188,5864,
1049.0,40.038131553860815,34,197,5864,
499.0,60.120240480961925,33,759,5864,
41522.0,27.91773035980925,46,223,211,
3499.0,48.58531008859674,31,199,5864,1.0
799.0,40.05006257822278,44,218,5864,
699.0,64.2346208869814,41,167,9,2.0
21000.0,14.285714285714285,31,159,1,
399.0,0.0,38,205,5864,
1650.0,42.48484848484848,52,166,9,
339.0,53.09734513274337,50,752,27,
1799.0,47.24847137298499,30,190,5864,
1400.0,35.714285714285715,49,229,59,1.0
1049.0,63.870352716873214,37,347,167,
1129.0,15.057573073516387,22,175,3,
600.0,33.33333333333333,36,203,15,
4900.0,67.36734693877551,39,210,469,
949.0,69.44151738672286,31,190,71,
2599.0,50.01923816852636,27,183,288,
1499.0,56.70446964643096,59,1125,17,
1400.0,74.42857142857143,42,237,141,
4200.0,67.14285714285714,39,210,469,
1995.0,0.0,23,183,5864,4.1
999.0,20.02002002002002,22,496,1,
2499.0,56.02240896358544,33,1310,2,
399.0,30.07518796992481,32,309,36,
2000.0,85.0,24,178,41,
1019.0,9.224730127576054,66,261,29,
27000.0,33.337037037037035,30,739,26,
1549.0,40.02582311168496,33,196,5864,
1350.0,25.185185185185183,36,163,4,3.0
1600.0,50.625,30,191,66,
195.0,0.0,22,173,33,
301.0,0.0,19,165,5864,
1999.0,50.025012506253134,30,771,4,
999.0,40.04004004004004,63,151,95,
849.0,73.02709069493521,31,341,167,
500.0,64.0,44,217,10,
3000.0,50.0,40,1585,4,
1499.0,70.04669779853235,20,250,4,
1199.0,66.72226855713093,33,195,3,
1000.0,80.10000000000001,18,165,40,
360.0,5.555555555555555,59,206,5864,4.5
999.0,50.05005005005005,23,292,2,
650.0,54.0,29,815,5864,
1499.0,70.04669779853235,38,211,314,
850.0,11.76470588235294,31,505,2,
699.0,42.91845493562232,54,204,5864,
360.0,10.0,37,184,5864,
1500.0,86.73333333333333,47,234,4,
899.0,50.055617352614014,42,212,5864,
999.0,50.05005005005005,35,375,1,
695.0,30.071942446043167,40,209,33,
1099.0,40.30937215650592,61,527,1,
2895.0,48.22107081174439,40,167,101,
799.0,54.943679599499376,39,225,5864,
200.0,25.0,33,197,15,
500.0,50.0,32,558,5,
279.0,10.75268817204301,32,307,36,4.4
5999.0,66.67777962993833,24,180,5864,5.0
1040.0,47.11538461538461,47,226,469,
1299.0,23.094688221709006,49,406,2,
1599.0,68.79299562226392,41,217,5864,
594.0,0.0,19,309,12,
5500.0,33.63636363636363,37,206,48,
2699.0,62.98629121897,37,213,5864,
999.0,50.05005005005005,51,231,8,
1040.0,47.11538461538461,40,2189,5,
1140.0,16.666666666666664,55,221,2,
2399.0,10.00416840350146,10,731,5,
499.0,30.060120240480963,22,118,5864,
425.0,44.70588235294118,24,441,1,
599.0,0.0,29,189,2,
1045.0,10.047846889952153,31,569,17,
1500.0,41.8,73,1723,141,
999.0,43.94394394394394,20,178,5864,
360.0,13.88888888888889,23,170,5864,5.0
898.0,39.30957683741648,26,166,5864,
1200.0,66.75,39,521,288,
1049.0,42.89799809342231,44,217,5864,
1499.0,66.711140760507,45,307,1,
4900.0,67.36734693877551,44,220,469,
899.0,61.179087875417125,42,213,155,5.0
11999.0,16.668055671305943,51,226,11,
1199.0,75.0625521267723,51,232,22,
800.0,11.25,23,149,41,
2800.0,67.14285714285714,43,217,469,
4598.0,50.0,55,1339,7,
2295.0,41.61220043572985,23,230,1,
1299.0,42.34026173979984,34,199,5864,
24240.0,20.0,58,247,132,
699.0,0.0,55,280,5864,
1499.0,0.0,56,374,1,
600.0,21.666666666666668,28,185,299,
600.0,50.0,36,1341,5,
555.0,44.14414414414414,16,163,5864,5.0
999.0,60.06006006006006,42,301,8,
779.0,56.35430038510911,33,769,48,
2999.0,70.02334111370457,57,772,1,
349.0,20.05730659025788,63,255,299,
294.0,28.57142857142857,26,530,4,
599.0,0.0,21,1164,7,
499.0,60.120240480961925,43,769,5864,
999.0,45.04504504504504,9,149,2,
1800.0,50.0,26,597,1,
799.0,60.450563204005,42,212,72,
1200.0,70.83333333333334,37,204,72,
6395.0,0.0,30,157,1,
4900.0,67.36734693877551,39,210,469,
799.0,50.06257822277848,36,200,314,3.0
699.0,57.08154506437768,31,459,15,
275.0,10.909090909090908,21,171,30,
599.0,33.3889816360601,36,201,5864,
395.0,32.91139240506329,22,173,33,4.5
2419.0,0.0,37,126,53,
4900.0,67.36734693877551,42,216,469,
899.0,55.61735261401557,36,740,288,
1499.0,50.03335557038026,26,187,5864,
1299.0,61.585835257890686,29,187,314,
359.0,12.256267409470752,40,180,5864,
899.0,20.02224694104561,50,229,5864,
32658.0,36.53316185926879,40,413,211,
499.0,21.8436873747495,40,211,5864,3.0
599.0,40.23372287145242,46,225,5864,
2495.0,29.8997995991984,19,160,5864,
4900.0,67.36734693877551,44,220,469,
499.0,20.04008016032064,21,236,2,
499.0,30.060120240480963,50,892,5864,
2199.0,72.76034561164165,44,641,250,
120.0,12.5,53,393,5864,
990.0,0.0,17,157,5864,
799.0,50.06257822277848,36,206,314,3.3
524.0,33.396946564885496,22,868,1,
3999.0,50.18754688672168,30,171,5864,
1500.0,73.4,58,667,8,
1499.0,40.0266844563042,33,903,6,
999.0,60.06006006006006,37,347,110,
590.0,0.0,37,202,5864,
4950.0,80.0,45,284,14,
1100.0,63.727272727272734,39,207,15,
1399.0,42.88777698355968,33,197,4,
799.0,62.57822277847309,47,298,1,
525.0,43.04761904761904,48,195,5864,5.0
2000.0,20.0,36,953,15,
1299.0,67.28252501924558,22,162,5864,
899.0,55.61735261401557,33,187,8,
849.0,40.04711425206125,41,217,5864,
650.0,53.84615384615385,49,226,5864,
2450.0,59.224489795918366,35,162,14,4.1
1199.0,0.0,40,215,5864,
11900.0,25.210084033613445,71,274,8,
999.0,50.05005005005005,38,335,28,
699.0,68.95565092989986,25,179,2,
4999.0,50.01000200040008,31,447,1,
3999.0,0.0,36,125,53,
1799.0,83.37965536409116,35,199,5,
2499.0,60.024009603841534,15,583,3,
1999.0,25.012506253126567,23,900,41,
999.0,60.06006006006006,18,158,5864,5.0
845.0,5.44378698224852,40,212,5864,1.0
450.0,0.0,39,207,5864,3.0
799.0,0.0,31,1107,288,
849.0,55.35924617196702,59,779,155,
110.0,9.090909090909092,21,173,4,
1999.0,50.025012506253134,26,196,5864,
999.0,0.0,56,323,5864,
1625.0,58.46153846153847,22,281,4,
2499.0,0.0,33,691,288,
2399.0,0.0,27,278,5864,
35873.0,20.00111504474117,58,403,132,
849.0,73.4982332155477,31,341,100,
570.0,2.1052631578947367,54,206,5864,1.0
700.0,47.285714285714285,46,815,2,
499.0,60.120240480961925,33,443,1,5.0
3775.0,0.0,48,556,9,
799.0,43.67959949937422,24,177,4,
599.0,78.46410684474124,46,223,1,5.0
445.0,0.0,50,250,5864,
1199.0,58.5487906588824,65,261,6,
1099.0,54.5950864422202,32,168,5864,
949.0,68.38777660695469,31,341,110,
1550.0,74.06451612903226,21,173,1,
3249.0,60.01846722068329,39,208,6,
680.0,0.0,45,221,3,3.3
1300.0,60.0,26,730,14,
3000.0,25.0,39,612,59,
1295.0,0.0,47,523,5864,
999.0,50.05005005005005,29,828,28,
1099.0,13.64877161055505,24,704,9,
435.0,28.735632183908045,29,187,30,
1999.0,77.53876938469234,40,218,4,
4900.0,67.36734693877551,42,216,469,
1299.0,23.094688221709006,27,259,15,
1245.0,80.0,29,187,8,
1040.0,47.11538461538461,47,173,1,
1299.0,53.88760585065435,58,146,2,
1399.0,30.021443888491778,35,201,5864,
1500.0,50.06666666666667,29,1133,5864,
1625.0,58.46153846153847,22,283,4,
1000.0,60.1,20,169,6,
1099.0,37.306642402183805,36,464,1,
41432.0,26.016122803630044,47,225,211,
1199.0,50.0417014178482,47,225,2,
999.0,40.04004004004004,63,151,95,
390.0,0.0,40,209,299,
4900.0,67.36734693877551,38,208,469,
799.0,40.05006257822278,38,204,5864,
599.0,26.71118530884808,36,734,1,
480.0,63.54166666666666,37,479,167,
1109.0,61.22633002705141,50,229,299,
899.0,56.729699666295886,59,260,34,
1949.0,0.0,38,206,5864,
1475.0,0.0,38,220,314,
650.0,16.0,59,249,5864,
3999.0,37.7344336084021,83,712,2,
1399.0,50.03573981415297,43,653,12,
999.0,40.04004004004004,39,207,5864,
549.0,49.90892531876138,42,213,5864,
799.0,40.05006257822278,62,258,5864,
1950.0,48.76923076923077,92,313,12,
1090.0,46.3302752293578,53,179,10,
2375.0,44.71578947368421,65,262,4,
1200.0,58.41666666666666,36,202,5864,
1999.0,33.36668334167084,61,150,95,
36053.0,20.001109477713367,55,402,132,
599.0,23.372287145242076,33,195,1,
799.0,50.06257822277848,16,815,8,
999.0,10.01001001001001,24,164,5864,
1199.0,58.38198498748957,19,197,5864,
450.0,11.11111111111111,54,194,5864,
899.0,50.055617352614014,37,533,5864,
2100.0,28.57142857142857,44,528,8,
3500.0,37.142857142857146,68,1622,2,
390.0,10.256410256410255,30,177,5864,
1299.0,53.88760585065435,37,205,5864,1.0
2299.0,50.021748586341886,37,766,2,
2199.0,72.76034561164165,44,641,250,
2199.0,50.022737608003645,27,248,5,
319.0,15.673981191222571,67,263,299,
999.0,30.03003003003003,29,204,5864,
1299.0,38.49114703618168,30,195,5864,
1500.0,46.73333333333333,43,217,4,
19663.0,69.99949143060572,44,325,7,
2398.0,50.0,26,345,6,
700.0,52.85714285714286,39,221,155,
999.0,40.04004004004004,63,151,95,
999.0,55.05505505505506,57,292,5864,5.0
2495.0,0.0,39,685,1,
2499.0,20.00800320128051,40,210,29,
2199.0,72.76034561164165,44,641,250,
1199.0,66.72226855713093,35,200,54,
1400.0,42.92857142857143,49,229,59,
799.0,54.943679599499376,39,207,5864,
1600.0,0.0,14,876,2,
923.0,41.17009750812567,30,439,10,
499.0,40.08016032064128,44,571,2,
1895.0,57.83641160949868,19,159,5864,2.0
1499.0,56.70446964643096,41,167,21,
555.0,9.90990990990991,44,219,8,2.8
499.0,40.08016032064128,51,231,40,
198.0,9.090909090909092,67,712,14,
4200.0,67.14285714285714,40,212,469,
4900.0,67.36734693877551,45,222,469,
1999.0,70.03501750875438,42,168,7,
4022.0,15.017404276479365,39,354,1,
299.0,33.44481605351171,28,185,35,
619.0,34.41033925686591,77,283,299,
1165.0,22.832618025751074,63,257,9,
1299.0,53.88760585065435,49,875,20,
1499.0,76.71781187458305,35,198,5864,5.0
2199.0,72.76034561164165,44,641,250,
1499.0,63.37558372248166,51,1394,45,
1600.0,43.8125,28,187,5864,
795.0,0.0,42,342,5864,1.0
399.0,50.125313283208015,76,202,2,1.0
799.0,68.71088861076345,26,181,8,
998.0,55.01002004008016,39,193,100,
399.0,37.59398496240601,31,429,19,
400.0,50.24999999999999,29,183,2,
435.0,16.7816091954023,53,237,5864,
2399.0,25.01042100875365,71,1222,13,
2895.0,34.542314335060446,32,159,101,
2250.0,6.666666666666667,32,202,314,
1026.0,71.73489278752436,34,406,4,
1899.0,47.39336492890995,18,173,5864,
7000.0,11.428571428571429,50,495,9,
1998.0,0.0,48,248,5864,
2164.0,70.00924214417745,38,276,5864,
360.0,2.7777777777777777,32,179,5864,
898.0,50.0,42,899,3,
249.0,0.0,48,188,5864,
999.0,52.052052052052055,64,517,1,
35158.0,20.001137721144545,55,241,132,
399.0,24.81203007518797,28,185,34,
1299.0,76.98229407236336,40,214,5,
129.0,23.25581395348837,44,183,5864,
750.0,48.0,54,237,53,
9500.0,52.34736842105263,13,140,28,
1998.0,62.51251251251251,43,413,5864,5.0
799.0,77.97246558197747,41,222,85,
500.0,30.0,26,181,8,
1399.0,79.48534667619728,53,673,6,
599.0,0.0,38,204,5864,
22924.0,20.00087244808934,53,402,132,
400.0,24.75,55,241,5864,
500.0,25.0,32,214,26,1.0
17060.0,23.094958968347008,62,715,2,
798.0,51.253132832080205,56,439,3,
999.0,55.05505505505506,36,218,5864,
598.0,50.0,49,231,5864,
688.0,40.11627906976744,70,256,314,
2000.0,70.6,35,711,12,
499.0,59.118236472945895,53,236,85,
399.0,50.125313283208015,26,134,27,
2895.0,41.3126079447323,64,191,101,
799.0,41.30162703379224,40,211,14,
1199.0,33.694745621351124,60,390,5864,
1340.0,47.01492537313433,17,165,2,
199.0,25.125628140703515,52,233,40,
1999.0,15.70785392696348,44,1017,144,
1299.0,50.80831408775982,43,254,5864,
2059.0,69.45118989800875,42,398,4,
999.0,58.95895895895896,34,196,100,
1040.0,47.11538461538461,35,198,5864,
950.0,63.26315789473684,66,259,110,
9999.0,35.003500350035004,43,1234,1,
2895.0,48.22107081174439,46,603,101,
660.0,40.0,16,163,7,
599.0,16.69449081803005,42,213,5864,5.0
93600.0,35.0,27,187,31,
499.0,55.11022044088176,47,223,46,
1299.0,61.585835257890686,48,183,5864,
499.0,45.89178356713427,42,182,5864,
1200.0,37.5,51,624,59,
1299.0,73.13317936874519,29,187,3,
1299.0,38.49114703618168,26,166,5864,
1999.0,50.025012506253134,26,189,5864,
999.0,44.94494494494494,29,439,28,
2500.0,50.03999999999999,26,184,48,
699.0,57.22460658082976,38,205,7,
450.0,17.77777777777778,43,215,299,
1399.0,42.88777698355968,37,643,1,
981.0,45.05606523955148,22,1077,1,
998.0,70.04008016032064,23,175,19,
1599.0,46.21638524077549,40,211,5,
499.0,50.1002004008016,32,193,79,
2499.0,64.02561024409763,45,219,15,
725.0,48.27586206896552,40,209,53,
1619.0,80.04941321803582,42,213,9,
2700.0,24.074074074074076,38,165,10,4.4
1089.0,39.94490358126722,18,564,7,
998.0,50.0,27,777,73,
999.0,50.05005005005005,44,222,5864,
459.0,56.644880174291934,105,1315,74,
699.0,57.08154506437768,38,147,5,3.4
2199.0,72.76034561164165,42,639,250,
875.0,46.85714285714286,49,317,8,
989.0,46.41051567239636,45,185,5864,
1199.0,30.025020850708923,43,216,5864,
799.0,43.80475594493116,49,842,1,
5999.0,78.36306051008502,49,1557,17,
730.0,0.0,27,184,5864,
1800.0,87.66666666666667,36,360,2,
1499.0,67.37825216811207,21,600,3,
899.0,55.61735261401557,35,497,100,
289.0,1.384083044982699,78,1825,5864,
799.0,49.93742177722152,35,197,72,
199.0,55.778894472361806,63,256,1,
1999.0,45.02251125562781,38,136,5,
599.0,33.3889816360601,42,213,38,
349.0,14.326647564469914,27,183,8,3.0
1980.0,77.52525252525253,77,283,13,
1000.0,23.1,19,178,5864,
45910.0,30.0,70,271,22,
1300.0,45.46153846153846,63,518,141,
399.0,49.87468671679198,47,224,5864,4.0
4900.0,67.36734693877551,37,206,469,
2999.0,90.36345448482828,61,251,19,
499.0,66.93386773547094,33,308,1,
999.0,50.05005005005005,29,831,28,
949.0,21.074815595363543,39,208,5864,
1973.0,54.5362392295996,37,390,1,
1100.0,68.27272727272728,34,205,1,
499.0,49.8997995991984,41,210,5864,
1400.0,64.35714285714286,42,214,5864,3.0
1499.0,56.70446964643096,41,893,21,
499.0,60.120240480961925,40,921,7,
669.0,0.0,26,158,5864,
375.0,6.666666666666667,37,322,3,
850.0,17.764705882352942,27,185,1,
999.0,50.05005005005005,21,161,5864,5.0
30199.0,14.901155667406204,37,205,25,
600.0,58.5,41,211,167,
500.0,20.200000000000003,28,185,34,
1295.0,70.03861003861005,34,198,314,
449.0,35.6347438752784,45,219,299,
899.0,33.37041156840934,19,522,3,
2490.0,0.0,52,550,288,
700.0,75.85714285714286,18,165,1,
2500.0,60.040000000000006,11,138,28,3.7
1299.0,48.65280985373364,31,1142,3,
498.0,0.0,30,446,12,
2195.0,34.806378132118446,29,118,23,
3200.0,56.09375,53,142,1,
1000.0,50.1,34,525,7,
499.0,30.060120240480963,39,223,5864,
998.0,62.4248496993988,22,184,5864,
749.0,57.27636849132176,33,194,5864,
597.0,25.125628140703515,69,460,4,
1000.0,70.1,25,181,85,
1199.0,84.7372810675563,47,953,100,
47438.0,20.000843205868712,49,229,132,
1200.0,25.083333333333336,42,180,1,
1299.0,61.585835257890686,61,181,79,
799.0,18.773466833541928,48,227,5,
2999.0,65.35511837279093,46,760,3,
7299.0,24.66091245376079,31,194,9,
499.0,64.92985971943888,39,1450,5864,
799.0,0.0,28,183,5864,
1000.0,62.1,78,225,5864,
1999.0,70.03501750875438,29,155,7,
3699.0,46.20167612868343,17,144,7,5.0
1899.0,0.0,38,463,7,
2499.0,0.0,29,187,288,
1499.0,26.684456304202804,42,410,9,
1200.0,68.75,31,311,100,
4900.0,67.36734693877551,39,210,469,
999.0,25.025025025025027,117,365,6,
699.0,21.745350500715308,86,1245,8,
1099.0,18.198362147406733,18,158,5864,2.0
799.0,47.68460575719649,33,121,3,
99.0,10.1010101010101,46,185,5864,
800.0,0.0,33,315,5864,3.7
1200.0,33.33333333333333,21,394,4,
999.0,60.06006006006006,55,974,2,
379.0,5.804749340369393,37,184,5864,
1095.0,70.04566210045662,37,204,5864,
950.0,69.57894736842105,54,237,25,
1299.0,7.698229407236336,54,238,5864,
1195.0,10.0418410041841,41,571,5864,
850.0,30.117647058823525,52,634,1,
3999.0,25.006251562890725,58,422,1,5.0
499.0,44.88977955911824,45,393,17,
449.0,0.0,15,206,3,
999.0,70.07007007007007,34,359,1,
1025.0,0.0,18,154,5864,
999.0,74.97497497497497,73,277,17,
1350.0,53.77777777777778,25,797,4,
700.0,35.85714285714286,47,223,314,
999.0,45.04504504504504,54,500,7,
58520.0,37.5,76,2560,3,
749.0,0.0,43,215,5864,
10796.0,50.91700629862912,28,218,288,
999.0,81.98198198198197,44,170,1,1.0
1099.0,55.050045495905366,36,546,5864,3.0
1299.0,20.01539645881447,51,273,5864,
666.0,55.1051051051051,40,211,5864,
1999.0,15.70785392696348,46,470,144,
1499.0,53.36891260840561,35,641,5864,
1298.0,42.29583975346687,18,166,5864,
300.0,56.66666666666666,20,108,2,
2499.0,92.07683073229292,62,253,4,
1040.0,47.11538461538461,38,1188,72,
666.0,55.1051051051051,46,223,5864,
22507.0,30.999244679433065,59,708,9,
799.0,50.06257822277848,55,551,5864,
2499.0,48.019207683073226,44,506,2,
630.0,50.0,35,199,299,
1450.0,25.17241379310345,60,735,33,
1245.0,80.0,29,187,8,
41872.0,28.682651891478795,57,245,211,
2099.0,52.40590757503573,53,141,7,
600.0,33.33333333333333,42,943,7,
1950.0,35.8974358974359,40,400,10,
999.0,50.05005005005005,27,185,2,
1450.0,10.413793103448276,20,147,41,
499.0,60.120240480961925,42,213,167,
2999.0,83.36112037345782,59,247,6,
499.0,50.1002004008016,47,282,20,
5200.0,75.01923076923077,28,186,11,
29381.0,30.570777032776284,41,213,211,
1999.0,55.02751375687844,41,390,1,
525.0,11.047619047619047,50,229,37,
6500.0,12.307692307692308,37,603,9,
499.0,60.120240480961925,41,1575,13,
800.0,25.125,39,209,59,
800.0,25.0,69,487,10,
999.0,0.0,53,319,5864,3.0
499.0,64.12825651302605,50,369,2,
2495.0,80.0,33,195,5,
1380.0,63.84057971014493,51,231,46,
2399.0,66.44435181325552,36,963,3,
1099.0,18.198362147406733,25,179,4,
1099.0,77.34303912647862,41,211,19,
500.0,64.0,27,511,5864,
1500.0,33.4,50,231,59,4.0
950.0,0.0,47,352,5864,
1095.0,54.7945205479452,40,308,288,
2100.0,76.66666666666667,32,193,5,
2999.0,56.68556185395131,56,145,7,
499.0,44.88977955911824,40,429,1,
399.0,0.0,28,185,21,
1999.0,40.0200100050025,41,168,1,
899.0,50.055617352614014,38,205,72,
1299.0,57.73672055427252,73,276,167,
799.0,51.18898623279099,29,138,2,
950.0,31.684210526315788,36,238,42,
727.0,19.944979367262725,39,209,83,
1999.0,15.70785392696348,63,1036,144,
809.0,43.263288009888754,27,465,299,
360.0,0.0,38,185,5864,
599.0,58.26377295492488,47,1184,1,
1599.0,56.28517823639775,29,197,5864,
599.0,33.3889816360601,47,187,5864,
599.0,20.03338898163606,26,312,36,3.7
2245.0,59.95545657015591,25,186,5864,
849.0,73.02709069493521,31,341,85,
1699.0,23.543260741612716,59,186,3,
940.0,47.87234042553192,40,209,53,
987.0,69.70618034447821,23,175,19,
599.0,33.3889816360601,43,653,5,
1550.0,51.2258064516129,29,717,5864,
2499.0,68.02721088435374,34,203,5864,
750.0,33.46666666666667,23,175,34,
899.0,59.39933259176863,42,220,5864,
2800.0,67.14285714285714,41,213,469,
1499.0,40.0266844563042,47,582,1,
3150.0,57.14285714285714,36,204,469,
1780.0,72.47191011235955,37,667,48,
679.0,34.31516936671576,52,233,299,
1770.0,50.0,26,182,5864,
1299.0,61.585835257890686,68,487,1,
1999.0,70.03501750875438,35,252,2,5.0
930.0,5.376344086021505,40,211,2,
3294.0,60.01821493624773,38,206,1,5.0
600.0,41.66666666666667,32,195,4,
599.0,72.62103505843072,47,955,74,
2199.0,72.76034561164165,42,639,250,
1199.0,84.23686405337781,31,1772,2,
999.0,60.06006006006006,43,589,71,
999.0,40.04004004004004,40,638,6,
599.0,25.87646076794658,87,1344,2,
999.0,80.08008008008008,38,206,5864,
379.0,34.300791556728235,23,175,18,
999.0,0.0,31,190,5864,
799.0,62.57822277847309,31,192,5864,4.8
880.0,10.0,31,636,2,
400.0,4.75,21,497,299,
998.0,50.0,27,777,73,
1999.0,50.025012506253134,31,1230,1,
301.0,0.0,19,165,5864,
1911.0,80.01046572475144,36,162,314,
2500.0,30.0,21,263,13,
3499.0,55.01571877679336,21,182,5864,
1999.0,15.70785392696348,44,1017,144,
2000.0,25.0,32,426,5864,
3000.0,45.03333333333333,23,186,5864,
550.0,18.181818181818183,48,1728,2,
799.0,18.773466833541928,29,194,1,
1599.0,50.03126954346466,32,199,5864,
499.0,0.0,22,518,2,
499.0,35.87174348697395,26,183,13,2.0
900.0,33.33333333333333,48,615,59,
1599.0,56.28517823639775,58,1570,10,
5495.0,9.099181073703368,49,410,5864,
700.0,0.0,36,203,18,4.0
3999.0,57.51437859464866,32,906,5864,3.3
1040.0,47.11538461538461,20,238,5864,
699.0,65.80829756795423,32,193,44,
795.0,50.06289308176101,22,173,33,
650.0,30.76923076923077,41,213,59,2.0
325.0,0.0,44,217,10,
250.0,0.0,45,219,8,
499.0,30.060120240480963,24,140,5864,
450.0,33.55555555555556,18,165,18,5.0
1200.0,58.41666666666666,35,205,72,
11999.0,25.00208350695891,70,272,1,
32386.0,19.999382449206447,67,414,132,
1299.0,50.03849114703618,25,179,5864,
2000.0,35.25,89,310,5864,
2099.0,50.02382086707956,33,196,288,
1100.0,63.727272727272734,39,207,15,
1499.0,56.70446964643096,59,1123,17,
1200.0,55.00000000000001,50,275,4,
34340.0,28.34012813046011,45,221,211,
1595.0,0.0,40,211,5864,
599.0,50.08347245409015,23,685,8,
850.0,0.0,30,191,4,
2099.0,25.01191043353978,25,187,5864,
999.0,0.0,37,365,2,
290.0,15.517241379310343,26,181,30,
4400.0,45.47727272727273,76,282,5,
899.0,0.0,49,332,5864,3.5
2199.0,72.76034561164165,42,639,250,
1499.0,66.711140760507,17,157,5864,2.0
1250.0,60.08,26,161,5864,3.2
7499.0,0.0,37,126,53,
599.0,30.05008347245409,33,195,314,
599.0,0.0,29,188,5864,
897.0,46.59977703455965,28,962,6,
399.0,37.59398496240601,31,429,19,
599.0,8.180300500834726,55,281,5864,
899.0,50.055617352614014,27,338,3,
3299.0,61.53379812064262,39,210,83,
360.0,23.05555555555556,35,182,5864,
899.0,0.0,55,181,1,
899.0,0.0,45,219,5864,
499.0,60.120240480961925,37,748,5864,
699.0,50.07153075822603,35,197,72,
2999.0,50.01667222407469,32,527,17,
2000.0,70.6,35,711,12,
1499.0,15.276851234156103,16,172,5864,
1200.0,70.83333333333334,27,191,5864,
1099.0,55.1410373066424,109,1021,3,
895.0,32.960893854748605,16,163,7,
459.0,56.644880174291934,113,1345,74,
1999.0,33.36668334167084,61,150,95,
20330.0,70.0,44,300,7,
1439.0,50.03474635163308,22,173,299,
799.0,0.0,48,320,5864,
800.0,0.0,29,117,1,
1500.0,86.73333333333333,47,234,4,
900.0,0.0,44,217,5864,
1799.0,0.0,30,191,5864,
42928.0,20.00093179276929,53,400,132,
1050.0,5.714285714285714,36,203,1,
299.0,33.44481605351171,45,219,40,
49999.0,30.364607292145845,40,211,211,
699.0,28.61230329041488,55,195,5864,
409.0,2.444987775061125,38,205,5864,
999.0,60.06006006006006,21,171,1,
699.0,53.50500715307582,23,956,7,
1999.0,15.70785392696348,58,185,144,
3600.0,16.666666666666664,22,602,1,
825.0,48.48484848484848,301,2545,14,
2199.0,72.76034561164165,42,639,250,
1500.0,50.0,33,200,5864,
999.0,15.015015015015017,53,670,3,
2199.0,72.76034561164165,42,639,250,
1200.0,58.41666666666666,40,215,34,
599.0,33.3889816360601,23,370,2,
3599.0,30.00833564879133,22,552,5864,
868.0,71.19815668202764,23,111,3,
1490.0,40.0,17,157,5864,
1749.0,42.88164665523156,36,202,5864,
2485.0,0.0,26,191,5864,4.0
10796.0,50.91700629862912,28,209,288,
999.0,70.07007007007007,22,616,5864,
995.0,0.0,46,674,2,
6000.0,79.80000000000001,40,1474,9,
10484.0,0.0,66,265,5864,
350.0,23.142857142857142,26,187,5864,
4900.0,67.36734693877551,45,222,469,
1699.0,30.01765744555621,21,162,5864,
3499.0,63.58959702772221,38,464,2,
660.0,1.2121212121212122,38,234,1,
295.0,0.0,67,1814,5864,
675.0,0.0,25,545,5864,
501.0,0.0,19,166,5864,
1599.0,0.0,29,188,5864,
1699.0,40.02354326074161,42,212,5864,
599.0,40.23372287145242,46,1264,5864,
1300.0,44.38461538461539,39,995,141,
599.0,33.3889816360601,42,213,38,
1999.0,45.02251125562781,22,588,16,
2598.0,50.0,34,200,27,
3570.0,52.38095238095239,59,186,9,
899.0,69.41045606229143,37,347,85,
1699.0,47.08652148322543,58,1323,8,
999.0,60.06006006006006,42,458,34,
799.0,0.0,42,475,22,
998.0,50.0,27,777,73,
999.0,57.05705705705706,33,230,1,
999.0,40.04004004004004,48,490,2,
1429.0,20.01399580125962,39,210,83,
290.0,3.4482758620689653,65,261,1,
1099.0,20.10919017288444,40,216,5864,
799.0,40.05006257822278,33,189,5864,4.0
649.0,9.244992295839753,30,118,2,
350.0,42.85714285714285,35,611,51,
695.0,57.55395683453237,22,173,33,5.0
899.0,55.83982202447163,35,200,288,
1290.0,45.81395348837209,47,225,3,
1399.0,57.18370264474625,35,523,5,
1199.0,58.38198498748957,46,583,8,
799.0,69.96245306633291,36,203,5864,
449.0,11.1358574610245,36,201,26,
799.0,50.06257822277848,64,257,9,
799.0,81.35168961201502,40,209,167,
350.0,35.714285714285715,55,195,5864,
36543.0,29.19574200257231,46,223,211,
920.0,0.0,34,1718,29,
1100.0,54.63636363636364,39,207,15,
1999.0,25.012506253126567,49,228,5864,
849.0,73.4982332155477,31,200,85,
998.0,50.0,27,777,73,
325.0,46.15384615384615,35,654,51,
1064.0,0.0,84,633,1,
2480.0,24.193548387096776,65,260,15,5.0
399.0,50.125313283208015,42,151,1,
199.0,25.125628140703515,36,761,42,
1499.0,66.711140760507,24,164,5864,
1499.0,46.6977985323549,33,201,5864,
899.0,50.055617352614014,39,537,5864,
1099.0,63.69426751592356,44,217,5864,
1295.0,0.0,47,225,5864,
349.0,5.444126074498568,24,150,4,
599.0,16.69449081803005,22,174,5864,
8999.0,0.0,36,125,53,
299.0,16.722408026755854,48,188,5864,
1075.0,7.441860465116279,45,321,5864,5.0
899.0,46.71857619577308,37,125,6,
80.0,0.0,29,188,10,
799.0,75.09386733416771,37,201,110,
999.0,40.04004004004004,42,639,250,
699.0,0.0,57,369,5864,4.3
41945.0,20.0,54,239,132,
1299.0,0.0,37,226,5864,5.0
1018.0,36.2475442043222,34,199,4,
1099.0,58.23475887170154,19,181,5864,
1099.0,71.8835304822566,87,771,4,
2499.0,65.98639455782312,43,143,5864,
1332.0,25.0,48,227,6,
3550.0,22.53521126760564,40,595,1,
1599.0,6.316447779862414,32,193,19,
820.0,0.0,23,546,1,
698.0,0.0,39,216,167,
500.0,50.0,7,246,2,
2250.0,33.77777777777778,32,196,41,
2895.0,48.22107081174439,40,167,101,
1595.0,25.07836990595611,19,544,6,
599.0,0.0,47,223,5864,
1200.0,75.08333333333333,37,204,167,
999.0,40.04004004004004,29,189,21,
699.0,60.65808297567954,32,195,5864,5.0
999.0,74.97497497497497,55,241,17,
1499.0,40.0266844563042,27,185,288,
4900.0,67.36734693877551,41,214,469,
39550.0,28.738305941845766,47,225,211,
42071.0,30.303534501200357,50,231,211,
22752.0,30.999472573839665,59,249,9,
799.0,37.546933667083856,37,202,2,
499.0,44.08817635270541,47,1790,3,
1999.0,72.53626813406704,35,253,6,
899.0,55.61735261401557,73,397,5,
649.0,77.04160246533128,29,339,71,
999.0,50.05005005005005,33,203,5864,3.0
5950.0,62.18487394957983,64,439,1,
1000.0,60.1,26,182,5,
1199.0,50.0417014178482,81,291,1,
650.0,23.23076923076923,26,181,26,
1999.0,52.52626313156578,44,1572,37,
174.0,6.321839080459771,78,287,9,
799.0,49.436795994993744,44,215,314,1.0
1535.0,28.40390879478828,40,215,5864,
525.0,0.0,25,545,5864,
2249.0,55.580257892396624,31,193,5864,
1150.0,0.0,45,218,5864,
895.0,20.0,43,350,6,
36000.0,25.0,49,229,13,
799.0,56.32040050062578,13,311,2,
2500.0,30.0,21,162,13,
635.0,15.748031496062993,42,215,2,
799.0,50.06257822277848,55,551,5864,
1499.0,56.70446964643096,41,966,21,
1899.0,0.0,15,165,5864,
4300.0,61.04651162790697,49,230,27,
490.0,8.36734693877551,21,171,299,
249.0,0.0,24,150,4,4.6
1500.0,58.46666666666667,70,1350,141,
2199.0,18.5993633469759,23,503,5864,
2450.0,62.44897959183674,41,213,469,
1299.0,65.43494996150885,66,263,2,5.0
3900.0,79.48717948717949,30,190,5864,
375.0,30.666666666666664,10,482,1,
1599.0,40.21263289555972,19,159,5864,
4799.0,50.01041883725777,24,190,3,
2199.0,72.76034561164165,44,641,250,
2499.0,64.02561024409763,30,189,10,
699.0,35.7653791130186,47,282,20,
350.0,22.857142857142858,29,129,3,
1099.0,54.5950864422202,27,187,5864,
420.0,0.0,29,187,299,
2199.0,72.76034561164165,44,641,250,
1863.0,73.21524422973698,36,201,41,
4900.0,67.36734693877551,43,218,469,
4999.0,0.0,38,164,13,
1299.0,23.094688221709006,39,209,28,
799.0,60.075093867334175,40,880,5864,
1599.0,50.03126954346466,99,329,5864,
850.0,61.76470588235294,22,403,21,
2699.0,51.87106335679882,66,193,25,
1000.0,25.0,95,321,33,
999.0,30.03003003003003,33,2195,4,
1199.0,62.55212677231026,53,257,79,
2500.0,52.0,37,164,15,
1998.0,50.0,76,283,5864,
1999.0,60.03001500750376,33,376,3,
499.0,0.0,40,778,1,
575.0,69.56521739130434,25,1289,5864,
4999.0,40.008001600320064,18,159,5864,5.0
1050.0,43.42857142857143,39,994,141,
2599.0,53.86687187379762,45,172,1,
29999.0,16.66722224074136,30,2795,3,
1299.0,39.95381062355658,33,859,314,
7192.0,20.745272525027808,65,192,9,4.0
999.0,0.0,55,280,5864,
249.0,21.686746987951807,39,179,5864,
29793.0,29.23505521431209,46,223,211,
1400.0,41.42857142857143,19,347,2,
2499.0,35.01400560224089,65,971,5864,
999.0,0.0,23,218,5864,
250.0,24.0,30,366,1,
43694.0,21.99615507850048,58,399,99,
999.0,60.06006006006006,43,216,30,
435.0,54.02298850574713,28,224,5864,2.5
849.0,0.0,33,93,314,
450.0,11.11111111111111,47,187,5864,
47822.0,31.05056250261386,49,384,211,
1040.0,47.11538461538461,43,1169,314,
699.0,35.7653791130186,39,209,1,
749.0,46.728971962616825,57,242,5864,4.0
599.0,76.79465776293823,37,347,71,
2000.0,78.0,24,125,41,
1000.0,50.1,21,171,11,
3599.0,16.67129758266185,75,185,1,
451.0,0.0,17,164,5864,
398.0,31.65829145728643,51,198,5864,5.0
400.0,50.0,36,555,2,
2199.0,72.76034561164165,44,641,250,
730.0,0.0,22,173,299,
1199.0,63.38615512927439,33,200,3,
500.0,77.8,41,1741,3,
699.0,4.86409155937053,42,251,5864,
2300.0,4.565217391304348,22,149,1,
1040.0,47.11538461538461,53,1461,5864,
499.0,61.923847695390776,30,189,3,
1299.0,42.34026173979984,34,199,5864,
1500.0,51.33333333333333,30,191,66,
400.0,57.75,41,211,54,
2200.0,54.59090909090909,24,216,1,
600.0,32.5,25,179,155,1.0
699.0,35.050071530758224,46,220,5864,2.0
2800.0,67.14285714285714,38,207,469,
449.0,31.848552338530062,62,251,1,
999.0,50.05005005005005,24,284,1,
4200.0,67.14285714285714,38,208,469,
1599.0,40.02501563477173,31,198,5864,5.0
1199.0,58.38198498748957,34,197,288,
1700.0,20.588235294117645,26,267,13,
500.0,0.0,41,212,5864,1.0
1360.0,30.0,43,215,5864,
300.0,56.99999999999999,33,196,22,
750.0,46.8,45,221,1,5.0
2199.0,72.76034561164165,42,639,250,
399.0,54.88721804511278,41,213,167,
36291.0,19.9994488991761,51,398,132,
2904.0,70.0068870523416,55,239,9,
899.0,61.179087875417125,43,169,3,5.0
31418.0,20.001273155515943,56,243,132,
499.0,9.819639278557114,33,176,4,
599.0,33.3889816360601,42,213,38,
1035.0,9.27536231884058,73,275,29,
1599.0,56.47279549718574,27,190,5864,
899.0,0.0,43,319,5864,3.7
1250.0,76.08,74,4058,14,
1000.0,60.1,40,223,100,
1999.0,50.025012506253134,32,799,4,
699.0,65.80829756795423,32,193,44,
2199.0,72.76034561164165,44,641,250,
699.0,42.91845493562232,24,437,24,
845.0,5.44378698224852,46,225,5864,
799.0,65.081351689612,39,207,46,
1399.0,0.0,16,308,12,
4200.0,67.14285714285714,43,218,469,
799.0,31.1639549436796,31,926,17,
1500.0,54.73333333333333,34,397,1,
5834.0,15.01542680836476,49,291,1,
1299.0,61.585835257890686,73,500,5864,
899.0,50.055617352614014,33,200,72,
499.0,64.92985971943888,50,1461,5864,
2199.0,72.76034561164165,42,639,250,
2599.0,15.005771450557909,27,175,6,
1599.0,31.269543464665414,56,876,3,
300.0,10.0,47,187,5864,
458.0,56.55021834061136,29,815,5864,
599.0,50.08347245409015,24,177,79,
34451.0,19.999419465327566,51,396,132,
1569.0,55.44933078393881,33,1423,5864,5.0
399.0,50.125313283208015,30,417,1,
1299.0,50.03849114703618,87,308,5864,
550.0,4.909090909090909,42,215,3,
1009.0,65.21308225966304,45,427,1,
110.0,9.090909090909092,42,271,3,
490.0,18.367346938775512,48,227,2,
899.0,20.13348164627364,41,215,5864,
1099.0,30.02729754322111,48,232,5864,
649.0,50.077041602465336,40,209,314,
549.0,0.0,27,187,5864,
999.0,50.05005005005005,42,212,5864,
1699.0,45.90935844614479,34,203,5864,
22214.0,30.998469433690467,59,249,9,
450.0,58.88888888888889,44,217,10,
499.0,78.15631262525051,45,224,100,
47645.0,29.99895057193829,70,243,22,
1499.0,62.97531687791861,32,193,3,
1360.0,15.073529411764705,22,478,9,
1499.0,26.951300867244832,22,163,5864,
1499.0,56.70446964643096,41,897,21,
1300.0,50.76923076923077,30,191,66,
975.0,33.33333333333333,28,712,51,
1199.0,40.03336113427856,18,686,5864,
1099.0,0.0,29,1366,5,
1099.0,40.03639672429482,42,1156,5864,
1990.0,30.0,17,158,5864,
899.0,53.9488320355951,43,215,167,
1958.0,27.27272727272727,45,222,83,
999.0,67.06706706706707,57,830,36,
1399.0,77.19799857040744,22,238,3,
620.0,51.774193548387096,18,165,18,4.8
830.0,0.0,48,225,5864,
2872.0,15.006963788300837,61,398,1,
599.0,45.07512520868113,37,205,5864,
351.0,57.54985754985755,22,174,5864,
599.0,40.23372287145242,46,1264,5864,
699.0,0.0,37,216,10,
640.0,49.21875,54,237,53,
6900.0,4.0,80,1092,1,4.0
899.0,50.055617352614014,37,203,5864,3.0
699.0,42.91845493562232,16,328,1,
4900.0,67.36734693877551,41,214,469,
1799.0,19.955530850472485,42,163,5864,4.1
499.0,10.02004008016032,64,1312,1,5.0
899.0,70.07786429365962,40,876,13,
729.0,0.0,54,418,7,
1399.0,40.10007147962831,26,181,5864,
1749.0,37.04974271012007,39,792,23,
370.0,43.24324324324324,20,167,5864,
799.0,50.06257822277848,43,215,1,
1299.0,61.585835257890686,70,146,79,
1400.0,57.49999999999999,37,203,3,
499.0,30.060120240480963,39,219,5864,
600.0,66.83333333333333,43,343,167,
1950.0,23.128205128205128,54,195,5864,
999.0,10.01001001001001,27,298,1,
1299.0,64.97305619707467,54,237,6,
1199.0,0.0,25,474,15,3.0
1999.0,50.025012506253134,45,423,6,
1950.0,82.05128205128204,32,193,1,
1099.0,54.5950864422202,48,532,5864,
555.0,44.14414414414414,16,163,5864,3.4
999.0,60.06006006006006,141,1344,2,
2199.0,72.76034561164165,44,642,250,
599.0,41.736227045075125,28,1045,5,
1743.0,49.97131382673551,80,5300,6,
299.0,0.0,54,292,2,
46029.0,20.99980447109431,45,221,18,
2200.0,15.5,42,168,7,5.0
1040.0,47.11538461538461,42,213,9,1.0
1191.0,34.92863140218304,44,704,5864,
1499.0,46.6977985323549,35,318,5,
899.0,50.055617352614014,38,462,9,
2500.0,54.04,26,603,7,
150.0,6.666666666666667,42,936,5864,
2000.0,42.55,25,182,48,
649.0,20.03081664098613,41,962,4,
1054.0,54.55407969639469,34,477,14,
1499.0,33.3555703802535,31,280,1,
1013.0,33.366238894373154,36,564,8,
1299.0,46.18937644341801,20,430,8,
699.0,40.05722460658083,46,221,5864,
699.0,50.07153075822603,46,220,5864,
2150.0,60.46511627906976,34,604,1,
799.0,67.45932415519398,45,696,6,
40000.0,28.55,52,235,1,
795.0,25.15723270440252,57,1911,2,
1499.0,65.04336224149434,25,160,5864,5.0
830.0,63.97590361445783,27,1704,4,
1399.0,0.0,27,193,5864,
899.0,40.04449388209122,47,301,5864,
650.0,54.0,29,816,5864,
775.0,21.41935483870968,37,463,5864,5.0
32002.0,19.99875007812012,55,241,132,
1099.0,60.05459508644222,39,213,72,
300.0,33.666666666666664,47,187,5864,
980.0,28.57142857142857,31,1479,3,
2399.0,25.01042100875365,74,1243,13,
1649.0,48.51425106124924,39,417,1,
1799.0,50.0277932184547,33,197,5864,
2399.0,25.01042100875365,13,140,5,
999.0,50.05005005005005,29,829,28,
8999.0,55.561729081009005,31,391,1,
999.0,40.04004004004004,33,171,8,
996.0,80.02008032128514,30,189,9,2.5
998.0,80.06012024048096,35,199,19,3.0
4000.0,47.775,35,750,21,
37900.0,60.68601583113457,39,211,1,4.0
4200.0,67.14285714285714,39,210,469,
999.0,40.04004004004004,29,189,21,
1076.0,65.70631970260223,57,243,14,
795.0,0.0,50,350,5864,5.0
500.0,50.0,29,187,2,
2899.0,48.29251466022767,28,187,5864,
410.0,2.682926829268293,60,207,5864,
25668.0,27.60246220975533,49,229,211,
42207.0,27.130570758405003,51,233,211,
499.0,55.11022044088176,33,313,3,
1000.0,5.0,23,395,1,
999.0,70.07007007007007,15,372,2,
500.0,44.4,76,1320,141,
999.0,60.06006006006006,51,400,46,
999.0,65.96596596596596,23,354,1,
1999.0,15.70785392696348,44,1017,144,
1499.0,60.04002668445631,23,158,5864,5.0
908.0,50.0,42,1698,19,
249.0,0.0,29,362,5864,
1200.0,0.0,48,567,5,
2199.0,72.76034561164165,44,641,250,
390.0,12.82051282051282,28,185,299,
2899.0,50.017247326664375,25,188,5864,
4900.0,67.36734693877551,38,208,469,
1598.0,56.25782227784731,26,315,6,
390.0,10.256410256410255,36,183,5864,
779.0,20.025673940949936,40,211,83,
1999.0,0.0,26,191,5864,1.0
999.0,65.06506506506507,22,500,5864,3.0
749.0,40.18691588785047,45,1461,5864,
1999.0,35.01750875437719,50,1338,10,
666.0,55.1051051051051,38,207,5864,
1600.0,0.0,60,562,1,
999.0,40.04004004004004,48,227,59,
1499.0,40.29352901934623,84,920,2,
749.0,49.93324432576769,24,222,3,
1199.0,30.025020850708923,29,188,5864,
1800.0,77.77777777777779,77,283,13,
3499.0,48.58531008859674,50,1798,9,
699.0,0.0,47,211,5864,
1950.0,28.25641025641026,33,353,5864,
999.0,30.03003003003003,48,1154,1,
598.0,50.0,49,231,5864,
500.0,28.4,20,169,7,
4500.0,5.555555555555555,47,226,1,
4499.0,86.10802400533451,56,243,5864,
190.0,0.0,40,156,85,
3400.0,49.58823529411765,33,751,21,
1866.0,73.2583065380493,31,191,6,
1299.0,76.98229407236336,41,248,5864,
3200.0,29.375,34,1098,41,
1049.0,63.870352716873214,31,341,110,
899.0,70.07786429365962,40,876,13,
1999.0,80.99049524762381,35,255,6,
999.0,59.55955955955956,44,217,314,3.0
1999.0,15.70785392696348,58,1031,144,
2600.0,55.00000000000001,31,192,3,
740.0,50.0,57,838,12,
999.0,40.04004004004004,35,198,5864,
2649.0,69.98867497168743,27,395,6,
1200.0,70.91666666666666,28,682,5864,
2100.0,60.0,37,204,5864,
3299.0,0.0,37,126,53,
500.0,50.0,32,558,5,
699.0,55.07868383404863,47,571,46,
1400.0,74.42857142857143,40,235,141,
47049.0,28.368296881974118,44,425,211,
549.0,27.322404371584703,43,163,5864,3.6
2199.0,72.76034561164165,44,641,250,
999.0,55.05505505505506,27,441,5864,1.0
1399.0,67.90564689063618,39,215,5864,
600.0,66.83333333333333,75,279,11,
207.0,16.425120772946862,55,698,14,
681.0,22.026431718061676,93,772,8,
1999.0,55.02751375687844,36,612,5864,
399.0,50.125313283208015,17,691,5864,3.0
450.0,0.0,70,260,3,
840.0,0.0,13,326,3,
1499.0,70.04669779853235,45,225,314,
2299.0,35.01522401043932,44,498,5864,
699.0,58.6552217453505,40,245,5864,
1550.0,51.2258064516129,29,719,5864,
998.0,44.88977955911824,45,471,15,
295.0,49.83050847457628,23,175,5,
359.0,30.64066852367688,46,186,5864,
800.0,60.0,43,376,1,
484.0,38.22314049586777,37,560,1,
999.0,0.0,52,232,20,
1199.0,50.0417014178482,38,281,2,
849.0,60.07067137809188,46,152,4,
11587.0,15.008198843531543,48,312,5,
600.0,62.5,27,187,5864,
1400.0,50.07142857142857,28,187,5864,
599.0,62.43739565943238,62,1473,5864,
339.0,53.09734513274337,42,744,27,
1299.0,69.28406466512702,38,465,1,
2499.0,66.02641056422569,27,189,5864,5.0
749.0,14.95327102803738,24,177,4,
2199.0,72.76034561164165,44,641,250,
2400.0,50.0,47,219,5864,
1298.0,50.0,30,189,4,
1099.0,54.5950864422202,17,527,5,
5500.0,38.2,36,204,8,
899.0,61.179087875417125,51,906,45,
2300.0,51.04347826086957,47,470,1,
598.0,33.27759197324415,26,183,73,
1999.0,65.03251625812906,25,179,3,
499.0,41.883767535070135,38,1257,11,
699.0,64.37768240343348,13,164,5864,
179.0,0.0,38,154,20,
1999.0,0.0,41,211,29,
798.0,56.26566416040101,46,1001,1,
499.0,54.90981963927856,36,206,314,
499.0,54.90981963927856,52,406,17,
799.0,25.03128911138924,16,116,5864,
480.0,58.54166666666667,23,163,5864,
418.0,4.545454545454546,24,171,5864,
540.0,33.33333333333333,44,191,5864,3.8
12499.0,0.0,28,156,8,2.9
598.0,33.27759197324415,26,183,73,
489.0,10.224948875255624,53,193,5864,
799.0,38.04755944931164,45,446,1,
449.0,49.88864142538976,63,288,17,
4900.0,67.36734693877551,48,228,469,
999.0,50.05005005005005,30,189,288,3.6
2895.0,48.22107081174439,46,173,101,
599.0,58.43071786310517,23,656,8,
150.0,16.666666666666664,48,188,5864,
1378.0,71.04499274310595,23,175,5,
3150.0,57.14285714285714,39,210,469,
1080.0,55.00000000000001,31,347,17,
299.0,33.44481605351171,30,191,3,
1650.0,0.0,53,194,5864,
300.0,25.0,43,509,17,
1999.0,31.46573286643321,34,750,1,
2199.0,72.76034561164165,42,639,250,
1100.0,35.0,22,175,1,
7199.0,50.006945409084594,16,162,27,
1839.0,33.87710712343665,45,222,83,
280.0,24.285714285714285,49,201,5864,
35500.0,25.0,29,189,13,
799.0,60.450563204005,42,213,72,3.5
1995.0,59.94987468671679,26,182,5864,2.8
749.0,0.0,46,550,1,
48214.0,16.667358028788318,40,211,211,
999.0,50.05005005005005,42,534,5864,
1399.0,56.96926375982845,26,188,5864,
999.0,23.12312312312312,60,161,5864,
3499.0,60.017147756501856,33,262,13,
500.0,25.0,32,214,26,
799.0,56.19524405506884,73,277,1,
4200.0,67.14285714285714,43,218,469,
5999.0,85.01416902817137,44,307,1,
19345.0,15.001292323597829,28,979,3,
499.0,0.0,25,179,2,
200.0,25.0,38,178,5864,
999.0,50.05005005005005,40,856,314,
1899.0,50.026329647182735,41,428,1,
1600.0,0.0,13,218,3,
1500.0,66.66666666666666,24,1458,1,
4795.0,66.73618352450468,23,183,5864,
1173.0,70.076726342711,62,767,7,
700.0,64.42857142857143,40,215,1,
1099.0,36.39672429481347,35,171,5864,
1999.0,15.70785392696348,44,1017,144,
249.0,20.080321285140563,39,179,5864,
1695.0,0.0,29,1213,7,
1600.0,45.5,28,185,5864,
399.0,10.025062656641603,31,217,1,
2199.0,72.76034561164165,42,639,250,
1499.0,73.3822548365577,37,203,5864,2.0
1818.0,22.16721672167217,26,181,19,
1399.0,57.18370264474625,50,176,3,
2985.0,70.01675041876047,21,314,26,
4900.0,67.36734693877551,42,216,469,
1999.0,70.03501750875438,26,390,7,
24984.0,8.325328210054435,68,267,99,
1565.0,40.0,25,123,5864,
899.0,50.055617352614014,42,218,5864,
4079.0,61.53468987496935,39,210,83,
1958.0,27.27272727272727,45,222,83,
1699.0,59.97645673925839,32,198,5864,
1999.0,15.70785392696348,58,1031,144,
390.0,10.256410256410255,27,174,5864,
598.0,50.0,49,228,5864,
19500.0,10.0,82,480,1,
499.0,36.07214428857716,40,211,4,
1499.0,66.711140760507,33,579,5864,
600.0,25.0,67,265,2,
900.0,50.0,45,989,3,
799.0,37.546933667083856,40,214,5864,
1900.0,68.47368421052632,24,1106,12,
1299.0,30.023094688221708,18,632,5864,
48346.0,23.495221941835933,60,251,99,
1099.0,40.12738853503185,27,184,5864,
899.0,66.74082313681868,47,239,6,
595.0,0.0,35,295,8,
755.0,33.90728476821192,23,355,5864,
599.0,72.62103505843072,48,959,74,
1999.0,65.13256628314157,20,178,5864,
598.0,50.0,49,227,5864,
650.0,54.0,30,817,5864,
398.0,10.804020100502512,24,171,5864,1.0
1700.0,47.23529411764706,26,239,10,
1000.0,65.4,24,240,41,
2599.0,26.125432858791843,19,146,7,
2568.0,50.93457943925234,35,379,1,
169.0,10.059171597633137,44,184,5864,
1399.0,0.0,34,182,5,
1449.0,62.11180124223602,50,1273,5864,
1690.0,0.0,17,158,5864,
1449.0,73.8440303657695,59,741,167,
809.0,48.8257107540173,71,441,299,
1495.0,0.0,25,313,3,
1499.0,66.711140760507,25,817,5864,
899.0,42.71412680756397,35,2229,17,
599.0,36.727879799666105,15,1547,2,
4128.0,63.03294573643411,27,186,3,
999.0,73.07307307307308,20,169,2,
1499.0,66.711140760507,33,579,5864,
1299.0,50.03849114703618,26,189,5864,
2199.0,72.76034561164165,44,641,250,
4900.0,67.36734693877551,39,210,469,
2199.0,72.76034561164165,42,639,250,
1200.0,23.33333333333333,26,181,13,1.0
2100.0,77.38095238095238,28,185,13,
599.0,40.06677796327212,41,211,314,
5500.0,38.690909090909095,35,742,21,
999.0,0.0,23,848,2,
999.0,50.05005005005005,44,223,314,5.0
2500.0,30.0,21,162,13,
790.0,16.455696202531644,30,189,6,
1195.0,25.10460251046025,46,879,5864,
44880.0,50.0,33,2091,1,
699.0,28.61230329041488,56,241,6,
699.0,14.30615164520744,26,186,167,
499.0,64.92985971943888,46,1457,5864,
899.0,55.06117908787542,47,223,46,
1700.0,10.0,28,193,5864,
23190.0,29.04700301854248,50,231,211,
2500.0,30.0,21,262,13,
2900.0,48.79310344827586,28,243,10,
999.0,74.97497497497497,42,215,17,
1000.0,60.1,38,212,71,
650.0,54.0,29,815,5864,
1099.0,54.959053685168335,34,218,314,
20020.0,19.250749250749248,32,2313,6,
2393.0,13.790221479314669,42,566,2,
2099.0,12.6250595521677,41,168,2,
999.0,50.05005005005005,24,504,3,
7000.0,42.142857142857146,37,397,2,
10796.0,50.91700629862912,28,208,288,
3659.0,48.10057392730254,56,469,10,
899.0,55.61735261401557,63,257,2,
499.0,50.1002004008016,24,177,79,
2499.0,60.024009603841534,20,180,5864,
2199.0,22.73760800363802,28,186,5864,
4000.0,50.0,49,191,5864,
1999.0,20.01000500250125,11,138,5,
1099.0,72.79344858962693,46,546,7,
2250.0,55.60000000000001,81,291,15,
1295.0,0.0,22,163,5864,
3499.0,35.010002857959414,22,186,5864,
779.0,20.025673940949936,40,211,83,
4900.0,67.36734693877551,41,214,469,
900.0,24.55555555555556,48,968,33,
4900.0,67.36734693877551,46,224,469,
2488.0,30.02411575562701,38,480,5864,
999.0,80.08008008008008,38,206,5864,
1199.0,30.025020850708923,26,699,7,
1599.0,43.77736085053158,42,236,3,
599.0,33.3889816360601,63,172,2,4.3
280.0,14.285714285714285,27,183,4,
599.0,50.08347245409015,32,193,34,
699.0,30.61516452074392,80,291,2,5.0
2499.0,60.024009603841534,15,587,3,
599.0,72.62103505843072,48,959,74,
850.0,53.05882352941177,49,226,71,5.0
799.0,37.546933667083856,17,157,5864,
845.0,50.05917159763313,39,391,288,
999.0,80.08008008008008,23,483,3,
648.0,46.141975308641975,19,159,5864,
639.0,0.0,19,169,6,
1599.0,0.0,24,182,5864,
539.0,50.09276437847866,47,749,27,
39346.0,10.588115691556958,55,241,1,
150.0,36.66666666666666,38,172,5864,4.0
8241.0,66.47251547142336,46,473,3,
499.0,60.120240480961925,38,764,5864,
6900.0,28.98550724637681,40,167,1,
8097.0,51.84636285043843,28,208,288,
999.0,60.06006006006006,43,215,54,
499.0,75.95190380761522,50,524,1,
1699.0,41.20070629782225,29,188,5864,
800.0,65.0,27,183,26,
1899.0,68.45708267509215,48,318,1,
1545.0,0.0,45,457,17,
430.0,59.30232558139535,30,188,20,
750.0,42.13333333333333,301,830,14,
1998.0,44.994994994995,46,768,5864,
1429.0,20.01399580125962,39,210,83,
999.0,62.06206206206206,36,212,288,1.0
1895.0,31.6622691292876,62,254,5864,
1799.0,20.01111728738188,31,192,288,
375.0,22.666666666666664,43,131,9,
49999.0,30.10060201204024,40,211,211,
999.0,0.0,52,315,5864,4.8
1098.0,50.0,56,1158,7,
995.0,51.256281407035175,43,387,314,
359.0,1.1142061281337048,13,160,5864,
1499.0,56.70446964643096,41,167,27,
1099.0,54.5950864422202,32,168,5864,
1495.0,33.44481605351171,24,512,1,
699.0,65.80829756795423,32,193,44,
666.0,55.1051051051051,39,228,5864,
2800.0,60.535714285714285,47,174,28,4.8
350.0,28.57142857142857,32,1043,1,
899.0,20.13348164627364,40,1428,5864,
999.0,40.04004004004004,33,523,5864,
400.0,57.75,41,218,155,
800.0,50.125,51,231,5864,
1055.0,33.74407582938389,28,390,2,
433.0,0.0,50,231,11,5.0
599.0,61.769616026711184,48,227,5,
1550.0,74.25806451612902,44,348,4,
2999.0,46.68222740913638,23,186,5864,
750.0,48.0,50,229,1,
799.0,69.0863579474343,16,742,1,
499.0,75.55110220440882,41,351,167,
1299.0,42.34026173979984,34,199,5864,
1390.0,50.0,90,432,5864,
450.0,7.333333333333333,62,209,5864,
699.0,14.30615164520744,41,211,5864,
6840.0,15.0,42,227,1,
475.0,0.0,24,177,7,
240.0,0.0,54,239,5,
1499.0,60.9739826551034,25,185,5864,
569.0,47.45166959578208,40,209,40,
699.0,35.050071530758224,42,220,5864,3.7
2999.0,56.68556185395131,59,148,7,
5899.0,51.178165790812,29,595,18,
999.0,62.06206206206206,35,413,7,
1899.0,65.50816219062665,34,403,2,
49999.0,50.83901678033561,77,522,8,
999.0,59.95995995995996,44,217,8,
999.0,40.04004004004004,63,151,95,
1899.0,74.19694576092681,45,221,314,5.0
2818.0,67.49467707594037,67,2048,1,
499.0,50.1002004008016,32,193,79,
1099.0,0.0,47,220,5,1.0
4900.0,67.36734693877551,40,212,469,
2999.0,63.35445148382794,21,179,5864,
3999.0,40.03500875218805,41,619,1,
999.0,30.03003003003003,31,1142,3,
1899.0,73.67035281727225,42,281,1,
2999.0,66.68889629876625,41,1001,30,
575.0,0.0,52,336,5864,2.0
1050.0,43.42857142857143,39,1001,141,
279.0,10.75268817204301,48,225,40,
350.0,15.714285714285714,27,174,5864,2.7
499.0,40.08016032064128,41,373,1,
1499.0,47.36490993995998,32,408,5864,
1049.0,63.870352716873214,31,341,30,
1999.0,15.70785392696348,44,1012,144,
1445.0,50.03460207612457,47,223,5864,5.0
2400.0,77.5,54,386,5864,
799.0,70.08760951188987,39,207,54,
1550.0,51.2258064516129,29,733,5864,
1350.0,45.18518518518518,34,621,1,
4900.0,67.36734693877551,45,222,469,
650.0,54.0,30,817,5864,
349.0,28.653295128939828,22,175,2,
569.0,50.08787346221442,32,193,46,
600.0,20.0,43,925,1,
385.0,48.31168831168832,32,120,1,
2560.0,50.0390625,51,232,3,
499.0,50.1002004008016,89,553,4,
699.0,71.5307582260372,33,1221,6,
24552.0,27.248289345063537,49,229,211,
980.0,26.53061224489796,54,155,5864,
1550.0,51.2258064516129,29,729,5864,
1990.0,64.87437185929649,81,465,5864,
949.0,69.54689146469968,31,341,110,
200.0,20.0,77,2981,1,
699.0,21.745350500715308,85,1714,8,
179.0,0.0,39,179,5864,
3625.0,41.37931034482759,59,247,20,
299.0,20.066889632107024,59,430,5,
3499.0,14.289797084881394,36,163,1,
425.0,0.0,43,1003,1,
5999.0,78.36306051008502,49,1548,17,
999.0,72.07207207207207,85,297,110,
500.0,30.6,24,859,141,
1199.0,30.025020850708923,45,224,5864,
1399.0,46.461758398856325,34,2193,5,
1200.0,75.08333333333333,19,167,25,
25404.0,0.0,45,221,6,
2890.0,55.05190311418685,18,159,5864,
500.0,20.0,20,167,5864,
795.0,12.57861635220126,47,839,2,
350.0,42.85714285714285,35,707,51,
699.0,70.10014306151645,26,181,5864,
745.0,46.30872483221477,23,175,8,
1299.0,38.49114703618168,21,141,1,
599.0,50.08347245409015,24,177,79,
1299.0,70.20785219399538,33,195,5864,4.3
249.0,0.0,19,142,5,
1999.0,70.03501750875438,29,393,7,
799.0,37.546933667083856,30,139,4,
865.0,0.0,29,164,5864,
1099.0,58.23475887170154,31,193,30,
799.0,56.32040050062578,38,205,2,
1000.0,70.3,62,3986,14,
1299.0,53.88760585065435,38,554,5864,
699.0,65.80829756795423,32,193,44,
1000.0,61.5,27,183,6,
1999.0,15.70785392696348,58,1025,144,
1199.0,70.05838198498749,37,203,72,
360.0,13.88888888888889,27,174,5864,
1099.0,63.69426751592356,52,186,79,
299.0,8.02675585284281,40,210,5864,1.0
1700.0,67.64705882352942,44,219,85,
1199.0,55.04587155963303,69,887,1,
1999.0,50.025012506253134,32,180,5864,4.0
600.0,25.0,72,275,1,
1599.0,68.79299562226392,35,201,288,2.0
2100.0,0.0,62,164,5864,
5797.0,61.53182680696913,38,1646,83,
799.0,60.075093867334175,43,215,5864,
2199.0,72.76034561164165,42,639,250,
1378.0,71.04499274310595,19,167,5,
2400.0,80.0,43,216,5864,
499.0,64.92985971943888,39,209,5864,5.0
1699.0,50.02942907592701,11,399,1,
398.0,9.547738693467336,31,178,5864,
599.0,0.0,46,228,5864,4.0
1999.0,33.36668334167084,61,150,95,
949.0,69.54689146469968,31,341,85,
299.0,0.0,28,185,34,
750.0,20.0,32,195,26,
699.0,57.22460658082976,42,213,7,
1699.0,79.4585050029429,48,225,4,
4396.0,51.910828025477706,64,568,14,
2712.0,53.98230088495575,60,523,1,
4999.0,0.0,50,176,13,
795.0,50.06289308176101,38,211,72,
1500.0,42.0,31,193,5864,
3999.0,55.01375343835959,50,1670,37,2.0
2138.0,20.018709073900844,13,167,5864,
489.0,20.449897750511248,30,439,4,
725.0,0.0,21,147,41,3.0
1499.0,54.96997998665777,33,197,5864,
1599.0,50.03126954346466,77,1314,5864,
399.0,0.0,29,316,14,
34745.0,20.998704849618647,45,221,18,
1300.0,49.30769230769231,26,182,5864,
599.0,62.43739565943238,93,317,5864,5.0
799.0,0.0,33,195,5864,
2000.0,45.05,46,1382,4,
1299.0,50.03849114703618,26,180,5864,1.0
16880.0,50.0,34,554,1,
399.0,60.15037593984962,39,1275,21,
1399.0,45.03216583273767,39,207,5864,
1999.0,35.01750875437719,14,166,5864,
1999.0,15.70785392696348,46,663,144,
1800.0,56.777777777777786,23,297,2,
1500.0,73.4,58,303,8,
590.0,51.69491525423729,38,164,6,
2890.0,13.84083044982699,49,794,1,
2248.0,60.00889679715302,24,164,5864,
1199.0,25.0208507089241,23,149,41,
499.0,57.91583166332666,24,177,5864,
500.0,61.0,40,209,10,
650.0,39.23076923076923,45,185,5864,
850.0,61.76470588235294,22,398,21,
21387.0,35.06335624444756,58,451,13,
899.0,50.055617352614014,39,177,314,
2199.0,72.76034561164165,42,639,250,
1700.0,67.64705882352942,40,211,22,
1299.0,63.12548113933796,34,211,85,
249.0,35.7429718875502,56,196,5864,
799.0,73.71714643304131,37,204,85,
1000.0,60.1,33,195,6,
699.0,42.91845493562232,44,216,5864,
999.0,60.06006006006006,41,212,5864,
2199.0,72.76034561164165,42,639,250,
1999.0,15.70785392696348,46,515,144,
1399.0,57.18370264474625,31,789,5864,2.9
1500.0,36.66666666666666,33,196,5864,
1399.0,62.47319513938528,44,219,5864,
549.0,13.114754098360656,37,205,5,
999.0,50.05005005005005,12,152,5864,
4900.0,67.36734693877551,42,216,469,
960.0,0.0,38,207,1,
1499.0,80.0533689126084,35,200,5864,
1999.0,40.0200100050025,44,229,5864,1.0
549.0,10.018214936247723,31,969,2,
799.0,50.06257822277848,49,232,314,
10796.0,50.91700629862912,28,209,288,
499.0,64.92985971943888,34,1445,5864,
430.0,36.04651162790697,35,687,167,
1050.0,50.0,57,856,12,
2499.0,90.43617446978791,39,207,19,
1075.0,16.37209302325581,21,147,41,
2500.0,50.03999999999999,26,603,48,
339.0,53.09734513274337,48,750,27,
600.0,50.0,36,1402,5,
3499.0,80.02286367533581,35,213,5864,
288.0,1.0416666666666663,69,1816,5864,
2499.0,35.01400560224089,67,262,5864,
399.0,32.581453634085214,27,479,2,
1999.0,33.36668334167084,61,150,95,
999.0,70.07007007007007,49,227,5,
499.0,60.120240480961925,48,774,5864,
999.0,60.06006006006006,20,710,3,
1990.0,47.48743718592965,26,229,3,
1450.0,64.20689655172413,50,231,9,
1999.0,30.01500750375188,51,296,3,
35000.0,11.428571428571429,15,143,1,
1449.0,51.75983436853002,33,257,288,
599.0,16.69449081803005,36,386,5864,2.0
1999.0,15.70785392696348,44,1011,144,
850.0,41.294117647058826,57,243,12,
430.0,7.209302325581396,72,275,8,
1099.0,45.49590536851683,37,714,18,
3499.0,27.836524721348955,44,171,26,4.2
429.0,6.75990675990676,39,305,3,
1199.0,50.0417014178482,23,163,5864,
499.0,30.060120240480963,39,220,5864,
655.0,16.946564885496183,68,267,5864,
600.0,41.66666666666667,32,460,2,
1800.0,44.44444444444444,40,212,1,
2100.0,50.0,34,573,15,
299.0,16.722408026755854,19,167,3,
1999.0,90.04502251125562,37,203,19,
1099.0,54.5950864422202,54,237,9,
3999.0,0.0,38,127,53,
393.0,16.539440203562343,68,717,14,
1999.0,71.03551775887944,38,207,5864,
1299.0,50.03849114703618,19,159,5864,2.0
1800.0,75.0,40,209,2,
599.0,76.79465776293823,37,203,167,
2750.0,52.763636363636365,34,212,5864,5.0
299.0,33.44481605351171,20,1021,5,
350.0,28.57142857142857,39,209,5864,
800.0,58.875,34,106,54,
875.0,62.4,104,397,1,
499.0,64.92985971943888,50,1461,5864,
899.0,50.055617352614014,34,268,288,
560.0,0.0,28,236,7,
2199.0,31.832651205093228,22,637,9,
2999.0,83.36112037345782,59,247,6,
949.0,69.54689146469968,37,202,71,
1050.0,28.57142857142857,44,439,5,
685.0,70.94890510948905,26,181,1,
999.0,67.06706706706707,65,862,36,
380.0,39.47368421052632,50,190,5864,
500.0,43.0,11,411,1,
855.0,0.0,46,266,5864,5.0
450.0,35.55555555555556,29,187,34,
1199.0,66.72226855713093,39,229,5864,
1799.0,55.58643690939411,58,381,1,
290.0,5.862068965517241,34,197,13,
425.0,82.35294117647058,63,214,5864,
1899.0,0.0,14,176,5864,3.5
1499.0,64.04269513008673,79,2296,27,
2499.0,8.003201280512204,71,237,11,
2895.0,48.22107081174439,46,173,101,
750.0,0.0,39,248,5864,
799.0,50.06257822277848,39,208,5864,3.0
1499.0,63.37558372248166,51,1394,45,
1375.0,0.0,48,268,3,
1295.0,0.0,53,251,5864,
2199.0,72.76034561164165,42,639,250,
697.0,28.40746054519369,28,878,2,
2000.0,80.0,24,125,41,
1599.0,40.21263289555972,20,160,5864,
500.0,60.0,29,187,26,1.0
2499.0,60.024009603841534,50,170,5864,
500.0,50.0,39,445,15,
725.0,0.0,54,292,5864,
149.0,0.0,31,171,5864,
678.0,33.775811209439524,22,398,8,
2800.0,0.0,37,928,1,
799.0,50.06257822277848,58,159,5864,
1730.0,0.0,43,196,5864,
450.0,46.66666666666666,29,187,5864,
360.0,23.05555555555556,30,177,5864,
1999.0,33.36668334167084,61,150,95,
249.0,0.0,19,525,2,
600.0,3.333333333333333,95,321,1,4.0
600.0,30.0,54,194,5864,
1000.0,65.10000000000001,26,96,100,
2199.0,72.76034561164165,44,641,250,
599.0,41.736227045075125,25,1036,5,
4900.0,67.36734693877551,37,206,469,
1299.0,37.72132409545805,43,290,11,
499.0,84.16833667334669,45,218,100,2.0
1299.0,30.023094688221708,21,161,5864,
499.0,78.15631262525051,45,219,155,
499.0,44.08817635270541,49,1798,3,
999.0,40.04004004004004,35,199,5864,
1799.0,50.0277932184547,55,533,5864,
594.0,50.0,46,812,1,
999.0,0.0,29,187,4,5.0
2100.0,47.66666666666667,30,302,3,
550.0,36.36363636363637,21,171,11,
850.0,0.0,20,146,41,5.0
4900.0,67.36734693877551,41,214,469,
570.0,29.82456140350877,43,215,5864,
999.0,40.04004004004004,35,523,5864,
1599.0,0.0,34,262,2,
599.0,50.08347245409015,20,169,13,
39389.0,20.00050775597248,57,408,132,
550.0,36.36363636363637,22,1336,1,
339.0,19.174041297935105,88,377,1,
18015.0,21.09908409658618,41,163,5864,
2138.0,57.951356407857816,42,215,5864,
949.0,69.54689146469968,31,341,110,
7794.0,56.38953040800616,61,254,27,
2780.0,4.568345323741007,27,660,1,
799.0,53.81727158948686,19,172,5864,
1500.0,41.8,81,1731,141,
2199.0,72.76034561164165,44,641,250,
400.0,10.0,25,172,5864,
3799.0,80.02105817320347,35,999,5864,
999.0,69.06906906906907,40,211,5864,
17254.0,15.005216181754957,35,611,3,
3298.0,54.548211036992114,25,180,14,
1799.0,47.24847137298499,30,190,5864,
500.0,32.2,26,183,13,
1299.0,77.13625866050808,33,196,288,
1980.0,77.52525252525253,28,185,13,
3500.0,28.857142857142858,20,185,5864,
900.0,70.11111111111111,23,862,3,
42758.0,29.35591000514524,37,205,26,
499.0,51.10220440881763,62,706,11,
1630.0,73.68098159509202,36,632,41,
499.0,12.024048096192384,49,630,1,
2599.0,50.01923816852636,22,329,2,
33093.0,22.6452724141057,58,399,99,
1890.0,40.0,17,158,5864,
1599.0,61.72607879924953,35,724,2,
799.0,50.06257822277848,48,230,5864,
2000.0,29.9,35,365,14,
3999.0,52.51312828207052,70,197,37,
1099.0,71.8835304822566,87,304,167,
459.0,56.644880174291934,97,1285,74,
2199.0,63.665302410186456,28,187,5864,
3999.0,57.61440360090022,17,173,5864,
800.0,53.125,34,314,3,
1299.0,76.98229407236336,40,1212,1,
3999.0,57.51437859464866,68,195,37,
2999.0,66.68889629876625,41,1002,30,
1499.0,23.41561040693796,39,128,7,
850.0,23.647058823529413,27,183,5864,
460.0,50.21739130434783,100,331,5864,
1000.0,70.1,32,194,155,4.0
22459.0,0.0,58,245,99,
999.0,60.06006006006006,22,173,2,
799.0,18.773466833541928,56,1429,1,
449.0,42.31625835189309,29,187,2,
599.0,72.62103505843072,57,995,74,
1499.0,64.04269513008673,78,2289,27,
999.0,60.06006006006006,40,211,5,5.0
1299.0,61.585835257890686,31,191,2,3.2
899.0,40.04449388209122,38,146,5864,
3695.0,25.00676589986468,37,214,5864,
399.0,32.581453634085214,36,203,42,
349.0,14.326647564469914,43,215,40,
1695.0,0.0,19,160,5864,3.0
1599.0,56.28517823639775,42,289,14,
570.0,20.0,19,229,1,
799.0,50.06257822277848,18,572,2,5.0
850.0,50.0,75,279,53,
285.0,0.0,66,263,5864,
1239.0,61.01694915254237,50,490,299,
1700.0,58.88235294117648,42,130,1,
418.0,4.545454545454546,24,171,5864,
599.0,0.0,47,231,5864,
1299.0,15.396458814472672,24,160,5864,
748.0,60.02673796791444,40,519,2,
599.0,0.0,44,401,22,
598.0,33.27759197324415,26,183,73,
849.0,73.4982332155477,41,351,2,
999.0,67.06706706706707,30,360,3,
1999.0,15.70785392696348,63,1031,144,
1999.0,90.04502251125562,56,792,1,
2800.0,36.07142857142857,33,198,41,
1899.0,0.0,45,323,314,
500.0,30.0,26,181,8,
499.0,30.060120240480963,22,162,5864,
649.0,77.04160246533128,29,186,100,
3599.0,44.45679355376493,56,243,5864,
7999.0,33.116639579947496,53,181,4,5.0
5399.0,60.17781070568624,41,168,26,4.4
2599.0,0.0,29,187,288,
375.0,0.0,48,195,5864,
500.0,40.0,43,215,15,
599.0,50.08347245409015,66,175,6,
1980.0,77.52525252525253,107,343,13,
1000.0,70.1,32,193,71,1.0
750.0,0.0,57,333,5864,4.4
375.0,25.333333333333336,53,193,5864,
999.0,40.04004004004004,42,639,250,
999.0,65.46546546546547,31,195,314,
699.0,57.22460658082976,41,591,3,
1999.0,60.03001500750376,22,190,5864,
600.0,55.833333333333336,26,402,3,
529.0,41.58790170132325,47,266,9,
599.0,16.69449081803005,29,187,26,
949.0,47.41833508956796,48,224,314,
799.0,60.075093867334175,41,217,5864,
499.0,20.04008016032064,25,211,5,
449.0,22.271714922049,41,210,5864,
599.0,33.3889816360601,42,213,38,
799.0,67.45932415519398,45,696,6,
399.0,0.0,38,405,7,
2199.0,72.76034561164165,44,641,250,
1825.0,73.75342465753425,36,636,41,
999.0,67.06706706706707,66,866,36,
2895.0,48.22107081174439,46,173,101,
1299.0,30.023094688221708,25,192,5864,
1050.0,44.95238095238096,30,1356,4,
999.0,70.07007007007007,22,616,5864,
18350.0,4.997275204359673,29,1020,9,
599.0,62.43739565943238,55,241,5864,
1099.0,70.06369426751591,89,773,3,
1999.0,15.70785392696348,44,1012,144,
1099.0,40.03639672429482,51,233,5864,5.0
1499.0,40.0266844563042,27,185,288,
1299.0,77.13625866050808,33,197,288,
499.0,60.120240480961925,36,762,5864,
699.0,28.61230329041488,23,183,5864,
1797.0,75.01391207568169,35,199,41,
2199.0,45.47521600727604,87,1528,6,
999.0,55.05505505505506,27,441,5864,3.0
599.0,8.180300500834726,53,277,5864,
2800.0,67.14285714285714,37,205,469,
781.0,29.577464788732392,45,154,3,
1499.0,56.70446964643096,41,896,21,
1399.0,50.03573981415297,41,1318,1,
1590.0,56.60377358490566,10,136,1,3.5
2499.0,26.010404161664667,76,1257,13,
2499.0,48.019207683073226,43,170,9,
2450.0,62.44897959183674,37,205,469,
39999.0,37.50093752343809,39,3309,3,
850.0,0.0,35,319,5864,
1198.0,44.99165275459098,36,207,5864,
999.0,50.05005005005005,39,213,5864,
1450.0,27.58620689655172,48,766,5864,
410.0,10.0,28,185,299,
2500.0,52.0,41,1611,3,
2199.0,72.76034561164165,42,639,250,
2000.0,50.0,56,737,2,
899.0,20.13348164627364,43,215,5864,
599.0,33.3889816360601,42,213,38,
2390.0,58.36820083682008,28,472,4,
2999.0,50.01667222407469,31,526,17,
999.0,70.47047047047047,34,820,2,
1150.0,67.3913043478261,34,197,16,4.0
1450.0,27.93103448275862,72,199,6,
699.0,64.37768240343348,25,259,5864,
2199.0,72.76034561164165,42,639,250,
1499.0,0.0,43,1424,8,
759.0,0.0,45,221,3,2.0
600.0,33.33333333333333,34,911,7,
1799.0,44.469149527515285,29,1490,17,
22630.0,0.0,49,159,1,
999.0,60.06006006006006,22,172,5864,
999.0,50.05005005005005,42,538,5864,
1290.0,30.0,45,220,5864,
310.0,3.225806451612903,24,177,1,
595.0,20.0,55,327,5864,4.8
2099.0,38.11338732729872,31,194,71,
899.0,66.74082313681868,41,561,3,
799.0,50.06257822277848,27,185,1,
2199.0,72.76034561164165,42,639,250,
2599.0,74.79799923047325,43,361,4,
1099.0,70.06369426751591,47,247,5864,
2199.0,55.47976352887676,41,918,5,
1498.0,70.02670226969292,52,233,1,
1199.0,59.216013344453714,19,229,1,
499.0,60.120240480961925,33,759,5864,
999.0,0.0,45,697,3,
449.0,26.7260579064588,47,886,5864,
699.0,35.7653791130186,52,230,8,
999.0,0.0,29,471,299,
399.0,0.0,29,315,14,
480.0,0.0,21,171,299,
30600.0,35.0,27,1457,31,
1725.0,60.0,31,191,10,
1499.0,50.03335557038026,43,131,7,
550.0,36.54545454545455,31,193,5,
899.0,38.9321468298109,54,241,5864,
1499.0,20.08005336891261,40,964,5864,
1290.0,45.81395348837209,48,227,3,
999.0,50.05005005005005,36,201,5864,
15500.0,31.89677419354839,51,179,22,4.5
5373.0,0.0,61,905,2,
1999.0,0.0,16,170,5864,3.0
1040.0,47.11538461538461,43,1199,72,1.0
895.0,34.97206703910615,43,216,5864,
2800.0,67.14285714285714,43,217,469,
49845.0,30.001003109639885,52,235,4,
670.0,0.0,43,216,5864,
969.0,12.38390092879257,51,526,299,
1429.0,30.09097270818754,33,200,5864,
150.0,20.0,36,203,4,
780.0,37.69230769230769,21,171,299,
925.0,24.97297297297297,42,212,5864,
499.0,60.120240480961925,42,768,5864,
1000.0,60.1,36,217,167,
800.0,18.875,46,193,2,
425.0,0.0,37,419,2,
1690.0,0.0,18,372,3,
510.0,19.607843137254903,28,185,299,
547.0,41.13345521023766,31,675,6,
4500.0,11.11111111111111,17,144,14,3.2
899.0,66.85205784204672,22,186,167,
1200.0,50.083333333333336,12,1288,5864,
1099.0,72.79344858962693,46,547,7,
2260.0,15.0,40,2141,1,
1275.0,58.58823529411765,25,521,1,
349.0,29.799426934097426,15,254,2,
299.0,50.16722408026756,41,511,8,
999.0,40.04004004004004,42,639,250,
399.0,25.062656641604008,47,187,5864,
4900.0,67.36734693877551,39,210,469,
647.0,56.10510046367851,33,200,48,
899.0,50.055617352614014,35,525,5864,
1099.0,9.099181073703368,56,177,5864,5.0
800.0,0.0,44,215,5864,
650.0,46.15384615384615,18,165,18,5.0
899.0,40.04449388209122,49,241,5864,
1500.0,53.400000000000006,41,230,14,
1999.0,33.36668334167084,61,150,95,
2299.0,0.0,26,1302,5864,5.0
1499.0,53.36891260840561,33,195,5864,
999.0,30.03003003003003,47,1031,17,
899.0,55.61735261401557,42,254,14,
999.0,60.06006006006006,51,304,3,
899.0,50.055617352614014,38,204,5864,
500.0,54.0,34,197,26,
699.0,42.91845493562232,14,166,5864,
999.0,58.95895895895896,43,215,167,
2400.0,54.208333333333336,33,874,5,
199.0,15.07537688442211,48,227,5864,
875.0,0.0,29,191,1,
2049.0,0.0,34,198,5864,
999.0,60.06006006006006,43,559,100,
1599.0,34.39649781113196,39,128,6,
599.0,60.10016694490818,36,895,13,
650.0,54.0,29,815,5864,
1099.0,68.24385805277525,22,182,5864,
560.0,19.642857142857142,41,865,2,
2800.0,36.07142857142857,48,2032,3,
599.0,50.08347245409015,26,289,3,
1500.0,46.73333333333333,40,128,3,
550.0,45.45454545454545,35,624,51,
250.0,20.4,18,165,12,
599.0,50.08347245409015,20,169,13,
999.0,60.06006006006006,37,219,110,
2949.0,69.98982706002035,27,567,6,
425.0,9.88235294117647,27,183,37,
999.0,40.04004004004004,63,151,95,
3530.0,55.52407932011332,81,853,7,4.0
999.0,60.06006006006006,41,211,5864,
349.0,0.0,24,451,1,
445.0,0.0,30,1243,2,
800.0,58.875,34,198,85,
499.0,40.08016032064128,32,307,2,
1149.0,13.054830287206268,33,195,8,
523.0,54.302103250478005,26,114,3,
47704.0,29.999580747945664,70,271,22,
999.0,67.06706706706707,63,854,36,
795.0,0.0,40,338,5864,5.0
749.0,57.27636849132176,33,193,5864,
599.0,8.347245409015025,21,109,9,
1499.0,26.684456304202804,14,169,5864,
399.0,0.0,27,184,5864,
599.0,50.08347245409015,24,177,79,
3499.0,54.301228922549306,17,676,4,
1999.0,60.03001500750376,39,127,7,
599.0,33.3889816360601,32,194,5864,
400.0,55.00000000000001,45,1478,1,
999.0,55.05505505505506,39,207,29,5.0
999.0,70.07007007007007,49,227,5,
700.0,50.142857142857146,57,243,12,
1500.0,41.333333333333336,32,375,10,
2999.0,50.01667222407469,27,609,1,
1555.0,49.19614147909968,57,1086,1,
499.0,60.120240480961925,42,768,5864,
699.0,28.61230329041488,19,167,5864,
390.0,10.256410256410255,29,176,5864,
1699.0,30.01765744555621,19,593,5864,
1699.0,58.85815185403178,25,434,3,
4200.0,67.14285714285714,38,208,469,
375.0,6.666666666666667,48,195,5864,
359.0,58.495821727019504,36,202,22,
1299.0,53.88760585065435,38,1913,34,
999.0,40.04004004004004,63,151,95,
1499.0,73.3822548365577,19,159,5864,
399.0,52.63157894736842,42,215,27,
41863.0,23.022716957695337,58,247,99,
749.0,0.0,35,621,3,
395.0,37.9746835443038,50,229,33,
899.0,20.13348164627364,43,895,5864,
5999.0,0.0,37,126,53,
815.0,35.58282208588957,51,233,5,
44875.0,15.0016713091922,40,211,25,
399.0,32.581453634085214,19,921,5,
8690.0,5.005753739930955,36,468,2,
27136.0,29.19369103773585,49,229,211,
899.0,10.011123470522804,41,210,100,5.0
1399.0,50.03573981415297,25,179,5,
1595.0,0.0,25,322,3,
1200.0,60.0,20,169,16,
999.0,50.05005005005005,35,567,314,
845.0,5.44378698224852,46,225,5864,
299.0,10.367892976588628,35,491,1,
450.0,68.88888888888889,48,225,167,4.0
7499.0,40.00533404453927,79,307,5864,1.0
899.0,44.493882091212456,50,237,5864,
1199.0,41.70141784820684,26,183,14,
550.0,36.36363636363637,21,171,11,
1199.0,66.72226855713093,67,263,9,
2000.0,29.9,38,374,14,
1999.0,15.70785392696348,58,1025,144,
1999.0,0.0,25,191,5864,
270.0,29.629629629629623,28,460,299,
448.0,22.098214285714285,41,383,5864,3.0
360.0,2.7777777777777777,32,179,5864,
36811.0,19.999456684143325,52,235,132,
799.0,50.06257822277848,36,199,288,
350.0,28.57142857142857,36,203,15,
1399.0,30.021443888491778,27,621,5864,
380.0,15.789473684210526,19,167,12,
35609.0,30.000842483641776,52,235,4,
2200.0,38.63636363636363,11,138,6,5.0
699.0,65.80829756795423,32,193,44,
2495.0,63.967935871743485,49,228,5864,5.0
12999.0,67.63597199784599,57,2964,2,
849.0,73.4982332155477,41,212,85,
999.0,60.06006006006006,51,231,46,
499.0,60.120240480961925,41,767,5864,
350.0,14.571428571428571,43,505,17,
1250.0,60.08,46,408,5864,
799.0,50.06257822277848,38,215,29,
647.0,56.10510046367851,33,200,48,
3140.0,55.73248407643312,27,756,110,
1700.0,45.47058823529412,28,187,5864,
499.0,60.120240480961925,42,768,5864,
655.0,0.0,44,260,5864,
310.0,16.129032258064516,38,441,15,
2500.0,64.03999999999999,48,258,5864,3.5
999.0,45.04504504504504,29,1411,1,3.8
1500.0,51.33333333333333,30,191,66,
1399.0,50.03573981415297,48,2078,25,
8190.0,4.993894993894994,29,188,9,
499.0,60.120240480961925,48,774,5864,
570.0,29.82456140350877,43,215,5864,
2000.0,15.0,54,244,5864,
699.0,65.80829756795423,32,193,44,
1550.0,51.2258064516129,29,182,5864,
1999.0,0.0,43,1605,2,
499.0,62.12424849699399,44,277,1,
3150.0,57.14285714285714,37,206,469,
779.0,56.35430038510911,33,769,48,
24300.0,19.91769547325103,47,3732,1,
1134.0,0.0,21,543,1,
500.0,37.0,36,203,42,
45999.0,13.04376182090915,28,187,25,
1045.0,61.81818181818181,23,189,5864,
115.0,0.0,49,262,5,
5900.0,0.0,15,142,4,
459.0,56.644880174291934,113,1341,74,
4500.0,60.0,38,214,2,
3799.0,76.7570413266649,18,318,5,
3999.0,60.01500375093774,66,472,2,
11037.0,0.0,28,97,1,
999.0,4.904904904904905,19,178,5864,
1200.0,79.16666666666666,33,195,40,
630.0,44.44444444444444,28,672,51,
399.0,0.0,29,187,8,
599.0,33.3889816360601,42,228,5864,
975.0,9.743589743589745,45,317,5864,
3999.0,50.01250312578145,18,172,5864,
699.0,64.2346208869814,43,213,110,
2499.0,25.01000400160064,50,243,5864,
1385.0,27.870036101083038,39,209,1,
799.0,50.06257822277848,16,815,8,
2199.0,72.76034561164165,42,639,250,
395.0,18.9873417721519,48,200,5864,4.3
1200.0,79.16666666666666,31,191,40,
1225.0,20.0,18,167,1,1.0
999.0,34.93493493493494,80,291,4,
1999.0,15.70785392696348,44,171,144,
3000.0,38.5,16,717,9,
1899.0,0.0,34,207,5864,
500.0,56.00000000000001,45,635,13,
999.0,40.04004004004004,35,199,5864,
1550.0,51.2258064516129,29,715,5864,
199.0,0.0,34,175,4,
1300.0,40.0,72,275,2,5.0
855.0,33.33333333333333,109,1014,3,
1060.0,50.0,22,173,299,
350.0,14.571428571428571,43,503,17,
4900.0,67.36734693877551,44,220,469,
599.0,58.43071786310517,61,170,3,
48375.0,29.998966408268736,70,271,22,
500.0,20.200000000000003,27,183,8,
1999.0,52.52626313156578,29,300,1,
999.0,50.05005005005005,50,646,5864,
1049.0,60.05719733079123,41,217,9,
4280.0,11.682242990654206,69,1259,1,
599.0,76.62771285475793,28,185,167,
499.0,20.04008016032064,20,160,5864,
350.0,22.857142857142858,54,562,1,
8538.0,0.0,74,502,2,
1699.0,45.02648616833432,37,208,5864,
1485.0,52.92929292929293,16,156,5864,
350.0,14.571428571428571,37,492,17,
2999.0,83.36112037345782,46,221,3,
899.0,44.493882091212456,36,171,5864,2.4
2100.0,28.57142857142857,47,333,5864,
1700.0,52.0,40,266,5,
1600.0,50.0,65,259,4,
899.0,30.03337041156841,53,815,4,
570.0,17.543859649122805,34,202,5864,
399.0,32.581453634085214,19,921,5,
1199.0,48.29024186822352,26,200,1,
398.0,0.0,36,197,5864,3.0
899.0,45.05005561735261,48,231,314,
1199.0,35.029190992493746,40,211,5864,
3650.0,70.0,21,339,26,
1399.0,40.10007147962831,29,193,5864,
1599.0,0.0,37,216,5864,1.0
29990.0,29.00966988996332,45,171,22,4.3
599.0,50.08347245409015,51,968,7,
999.0,50.05005005005005,19,164,2,
750.0,30.0,22,1094,5864,
1400.0,42.92857142857143,40,1576,1,
38890.0,0.0,82,313,13,5.0
1120.0,50.89285714285714,30,1789,66,
599.0,58.26377295492488,35,218,1,
4900.0,67.36734693877551,39,210,469,
399.0,60.15037593984962,39,1270,21,
999.0,75.07507507507508,57,965,13,
1599.0,65.35334584115073,55,240,5864,
39730.0,26.038258243141204,55,241,211,
499.0,61.923847695390776,30,188,100,
899.0,0.0,28,187,5,
1495.0,36.58862876254181,42,215,1,
1999.0,85.04252126063031,27,183,7,
109.0,30.275229357798167,50,189,5864,
695.0,30.071942446043167,40,209,33,
1999.0,4.95247623811906,33,208,5864,
1599.0,50.03126954346466,42,265,14,
1399.0,67.90564689063618,27,183,7,
399.0,25.062656641604008,18,363,2,
1250.0,72.0,39,207,1,
1199.0,58.38198498748957,26,183,14,
1299.0,46.18937644341801,32,254,5864,
2999.0,66.68889629876625,41,1003,30,
725.0,14.896551724137929,75,281,5864,
725.0,0.0,49,310,5864,
2795.0,34.991055456171736,33,204,1,
1797.0,66.66666666666666,43,131,6,5.0
5990.0,26.56093489148581,54,181,17,4.1
27603.0,28.23968409230881,45,221,211,
1180.0,65.2542372881356,46,221,25,
500.0,0.0,19,167,4,
999.0,58.45845845845846,31,191,314,
599.0,41.736227045075125,45,427,5,
2500.0,32.0,44,527,8,
28374.0,0.0,52,495,16,
1499.0,56.70446964643096,59,654,17,
399.0,75.18796992481202,38,722,6,
699.0,0.0,37,204,5864,
2499.0,85.03401360544217,34,398,2,
1599.0,40.21263289555972,20,160,5864,
2399.0,25.01042100875365,79,1272,13,
2199.0,65.93906321055026,49,657,1,
149.0,13.422818791946307,59,199,5864,
2000.0,42.55,25,182,48,
280.0,0.0,21,168,5864,
699.0,28.61230329041488,51,1111,3,
1200.0,58.41666666666666,40,214,72,
1900.0,50.0,42,213,5864,
529.0,26.46502835538752,27,183,299,
1099.0,40.12738853503185,33,817,5864,
350.0,8.571428571428571,28,185,30,
1600.0,79.375,24,177,41,
789.0,33.33333333333333,28,1155,5,
2500.0,28.000000000000004,39,210,59,
9999.0,25.002500250025,66,264,4,
499.0,44.88977955911824,45,306,5,
350.0,10.0,53,235,37,
799.0,28.035043804755944,37,203,5864,
450.0,0.0,37,205,12,2.3
1000.0,15.0,33,119,5864,
499.0,30.060120240480963,39,230,5864,
1899.0,0.0,34,200,110,
849.0,10.011778563015312,37,202,5864,
899.0,54.94994438264739,41,217,5864,
3999.0,57.51437859464866,61,188,37,
1299.0,60.20015396458815,35,945,1,
580.0,0.0,44,196,5864,
349.0,40.11461318051576,27,183,8,
499.0,60.120240480961925,34,1540,13,
3799.0,60.0157936299026,32,204,5864,
599.0,20.03338898163606,26,302,36,1.0
299.0,0.0,36,201,5864,
750.0,66.66666666666666,76,2504,15,
1299.0,76.98229407236336,41,1477,4,
1499.0,10.00667111407605,84,300,3,
999.0,80.08008008008008,31,191,2,
1001.0,41.95804195804196,38,207,2,
599.0,78.29716193656094,24,178,12,
599.0,20.03338898163606,26,784,36,3.8
32609.0,20.000613327608946,52,401,132,
399.0,25.062656641604008,29,187,1,
1199.0,70.89241034195163,39,1074,3,
599.0,16.69449081803005,18,190,5864,
899.0,50.055617352614014,41,215,5864,
34997.0,21.430408320713205,58,247,13,
849.0,10.011778563015312,37,203,5864,
500.0,24.4,40,209,7,
695.0,2.877697841726619,47,337,5864,4.5
699.0,64.37768240343348,54,818,4,
1085.0,25.437788018433174,42,160,5864,4.7
210.0,55.23809523809524,41,211,167,3.0
499.0,23.246492985971944,36,156,5864,
999.0,85.08508508508508,40,209,22,
3748.0,39.994663820704375,68,157,7,
1699.0,41.20070629782225,38,223,3,
2099.0,23.820867079561697,21,182,5864,
899.0,63.40378197997776,51,469,1,
1499.0,60.04002668445631,36,207,5864,
501.0,9.98003992015968,38,207,2,
1881.0,37.79904306220095,23,178,7,
4900.0,67.36734693877551,41,214,469,
1699.0,63.50794585050029,35,1123,3,
650.0,50.0,26,181,25,
1595.0,37.36677115987461,43,215,5864,
974.0,23.100616016427107,40,403,5,
450.0,0.0,28,185,299,
499.0,60.120240480961925,43,769,5864,
2199.0,72.76034561164165,42,639,250,
2760.0,50.03623188405797,67,264,5,
2150.0,50.0,35,501,5864,
800.0,15.625,36,292,15,
1099.0,45.04094631483167,41,211,5864,
15783.0,44.7506811125895,20,315,25,
1999.0,70.03501750875438,31,119,12,
899.0,0.0,45,225,5864,
300.0,15.0,23,175,7,
600.0,15.0,94,319,5864,
1199.0,37.53127606338615,43,216,5864,
1599.0,40.21263289555972,19,159,5864,
1200.0,50.083333333333336,12,168,5864,
599.0,36.727879799666105,15,1551,2,
2000.0,50.05,27,183,15,
1199.0,20.01668056713928,27,189,5864,
1230.0,60.0,20,169,16,
545.0,64.58715596330276,144,906,1,
26856.0,28.976764968722076,53,237,211,
2495.0,10.02004008016032,47,358,5864,2.0
3699.0,32.441200324412,39,166,8,4.0
99.0,0.0,54,193,5864,
785.0,25.095541401273884,36,203,4,
1500.0,46.73333333333333,51,233,59,
1999.0,50.025012506253134,74,279,1,
499.0,0.0,28,190,5864,
1599.0,70.91932457786116,39,207,5864,
2149.0,57.23592368543508,29,117,23,
999.0,51.95195195195195,52,623,1,
499.0,21.8436873747495,39,221,5864,
1499.0,0.0,44,470,5864,
3150.0,57.14285714285714,37,206,469,
4900.0,67.36734693877551,42,216,469,
835.0,11.976047904191615,29,187,288,
2100.0,14.285714285714285,27,217,5864,5.0
598.0,33.27759197324415,47,194,5864,
1399.0,55.03931379556827,39,206,5864,
549.0,10.018214936247723,44,217,37,
799.0,50.06257822277848,47,228,314,
908.0,50.0,40,1688,19,
930.0,0.0,27,182,5864,
299.0,33.44481605351171,56,241,35,
4200.0,67.14285714285714,42,216,469,
1350.0,0.0,32,196,15,
799.0,50.06257822277848,58,554,5864,
999.0,30.03003003003003,28,1293,2,
799.0,50.06257822277848,23,267,36,
799.0,43.92991239048811,83,1156,16,
899.0,70.07786429365962,45,219,155,
1299.0,53.88760585065435,40,310,1,
1250.0,0.0,45,219,5864,
449.0,55.23385300668152,30,294,3,
1599.0,53.15822388993121,46,419,5,2.0
3360.0,0.0,14,332,1,3.0
700.0,21.428571428571427,35,197,5864,
3149.0,44.680851063829785,14,168,5864,
788.0,36.6751269035533,45,1027,14,5.0
999.0,40.04004004004004,24,436,24,
699.0,40.05722460658083,37,202,5864,
900.0,52.33333333333333,19,159,5864,
22946.0,10.995380458467707,55,241,99,
499.0,41.883767535070135,54,1272,11,
1000.0,60.1,42,214,314,
13903.0,29.99352657699777,42,1263,8,
1199.0,62.55212677231026,42,214,5864,
599.0,66.7779632721202,34,834,5,
850.0,53.05882352941177,49,226,71,
2199.0,72.76034561164165,42,634,250,
399.0,50.125313283208015,26,181,5,
999.0,57.05705705705706,38,206,85,
1699.0,70.62978222483814,19,173,5864,
799.0,62.57822277847309,44,218,85,5.0
2300.0,80.47826086956522,28,185,2,5.0
899.0,45.05005561735261,57,242,5864,
1699.0,38.25779870512066,38,127,6,
1100.0,63.727272727272734,39,207,15,
7794.0,56.38953040800616,62,256,27,
599.0,61.26878130217028,54,235,110,
999.0,50.05005005005005,74,399,5,
800.0,62.5,25,179,6,
2199.0,72.76034561164165,44,641,250,
769.0,46.16384915474642,65,259,299,
849.0,20.141342756183743,41,211,5864,
2149.0,13.959981386691483,37,1100,3,
1399.0,0.0,34,200,110,
750.0,50.0,17,732,5,
999.0,0.0,44,347,5864,4.3
1020.0,55.88235294117647,67,217,53,
999.0,40.04004004004004,61,249,5864,
1200.0,75.08333333333333,24,177,25,
1299.0,46.34334103156274,38,2549,34,
1196.0,68.31103678929766,43,215,14,
699.0,78.826895565093,43,217,4,
1399.0,50.03573981415297,24,178,5864,
940.0,49.46808510638298,67,263,53,
4795.0,62.56517205422315,32,201,5864,
2895.0,41.3126079447323,64,385,101,
2889.0,0.0,52,188,5864,
1299.0,53.88760585065435,38,164,34,
1499.0,40.0266844563042,54,746,5864,
850.0,30.58823529411765,36,242,42,
1040.0,47.11538461538461,28,307,2,
1300.0,6.230769230769231,44,197,5864,4.0
1499.0,63.37558372248166,51,1394,45,
1199.0,0.0,51,242,5864,
4900.0,67.36734693877551,38,208,469,
1299.0,61.585835257890686,57,335,79,
1283.0,33.35931410756041,36,566,8,
2499.0,46.77871148459384,18,145,26,4.3
1499.0,55.03669112741828,26,181,5864,
45345.0,16.66776932407101,40,421,211,
1999.0,50.22511255627814,33,195,5,
999.0,60.06006006006006,41,211,11,
950.0,10.526315789473683,52,335,5864,3.0
600.0,33.666666666666664,29,1065,1,
850.0,50.0,41,211,53,
34283.0,29.434413557739987,49,229,211,
499.0,30.060120240480963,21,161,5864,
2158.0,27.24745134383689,45,222,83,
2900.0,51.75862068965517,45,1983,12,
2499.0,68.02721088435374,52,706,1,
2599.0,0.0,55,767,5864,
1040.0,47.11538461538461,49,209,1,
1455.0,29.96563573883161,24,151,1,
26054.0,0.0,69,269,2,
845.0,27.810650887573964,42,194,5864,
1299.0,53.88760585065435,36,201,4,
469.0,36.24733475479744,69,267,299,
1899.0,52.6592943654555,32,726,5864,
849.0,55.35924617196702,59,695,167,
1999.0,15.70785392696348,46,541,144,
1018.0,36.2475442043222,37,205,4,
1599.0,69.10569105691057,62,1220,1,
599.0,59.93322203672789,55,240,22,
730.0,4.2465753424657535,25,323,5864,
2999.0,11.237079026342114,52,363,5864,
295.0,0.0,67,265,5864,
799.0,71.8397997496871,26,525,3,
795.0,20.0,43,1507,6,
3650.0,49.31506849315068,50,1123,3,
4999.0,30.006001200240046,48,360,6,
1499.0,63.37558372248166,51,1394,45,
1395.0,14.336917562724013,41,211,5864,
2599.0,42.32397075798384,31,157,1,4.0
1299.0,42.34026173979984,22,175,14,1.0
790.0,64.55696202531645,71,2273,10,
5999.0,0.0,37,126,53,
1399.0,40.02859185132237,31,192,5864,
999.0,50.05005005005005,39,206,5864,3.0
2450.0,62.44897959183674,43,217,469,
666.0,55.1051051051051,47,225,5864,
2199.0,72.76034561164165,44,641,250,
899.0,50.055617352614014,29,353,5864,
649.0,9.244992295839753,30,118,2,
399.0,75.43859649122807,53,736,6,
699.0,30.042918454935624,47,223,8,
1100.0,18.272727272727277,46,223,59,
950.0,57.89473684210527,36,201,8,
999.0,33.83383383383383,45,969,2,
699.0,65.80829756795423,32,193,44,
2025.0,57.58024691358025,42,215,5864,
1010.0,10.990099009900993,33,195,8,
1915.0,49.97389033942559,24,503,4,
1499.0,63.37558372248166,51,1394,45,
1800.0,61.16666666666667,81,291,15,
2999.0,16.672224074691563,70,272,1,
592.0,0.0,17,165,6,
1199.0,58.38198498748957,19,190,5864,
1200.0,55.91666666666667,24,177,2,4.0
1200.0,0.0,71,748,2,
3299.0,30.009093664746896,30,600,5864,
1499.0,0.0,54,181,8,
599.0,16.69449081803005,94,319,4,
3600.0,38.88888888888889,37,206,2,
598.0,50.0,49,226,5864,
700.0,50.142857142857146,16,535,2,
429.0,0.0,34,833,6,
795.0,0.0,31,663,1,
999.0,60.06006006006006,35,200,5864,4.7
499.0,40.08016032064128,43,692,11,
999.0,50.05005005005005,56,927,4,
995.0,29.94974874371859,39,111,5864,
1099.0,63.69426751592356,51,231,314,
2299.0,69.98695084819487,28,660,5864,
599.0,71.78631051752922,46,1108,9,
189.0,5.291005291005291,56,196,5864,
1400.0,10.285714285714285,11,256,1,
1763.0,74.53204764605785,35,995,41,
1050.0,43.42857142857143,39,1011,141,
499.0,20.04008016032064,67,917,1,
24548.0,20.001629460648527,62,255,132,
1399.0,78.77055039313795,33,196,288,
350.0,0.0,36,201,2,
1849.0,52.460789616008654,39,278,10,
1200.0,70.91666666666666,28,191,5864,
1790.0,0.0,18,388,3,
699.0,28.61230329041488,23,243,4,
5059.0,19.924886341174144,87,485,4,
1100.0,9.181818181818182,20,146,41,
999.0,60.16016016016016,19,782,4,
3499.0,20.005715918833957,29,198,5864,
1998.0,62.51251251251251,43,413,5864,
1699.0,61.801059446733376,50,231,5864,
1295.0,0.0,40,450,2,
738.0,50.0,56,241,1,
799.0,43.80475594493116,16,156,5864,4.0
4200.0,67.14285714285714,42,216,469,
1019.0,30.02944062806673,42,156,5864,
949.0,69.54689146469968,37,209,167,
999.0,50.05005005005005,59,888,3,
599.0,71.95325542570951,51,153,2,
570.0,29.82456140350877,43,215,5864,5.0
2199.0,72.76034561164165,42,639,250,
2089.0,80.03829583532792,42,213,9,
1600.0,3.125,69,222,5864,
1704.0,81.2793427230047,23,469,5864,
1798.0,66.74082313681868,24,188,5864,
946.0,62.36786469344609,36,570,5864,
899.0,0.0,28,185,5864,4.0
315.0,40.0,45,185,5864,
1044.0,33.04597701149425,27,210,1,
999.0,50.05005005005005,35,1107,72,
1100.0,28.18181818181818,95,608,6,
2199.0,72.76034561164165,42,639,250,
1099.0,73.06642402183805,32,280,3,
570.0,0.0,63,257,2,
1800.0,16.72222222222222,60,1124,5864,
2499.0,50.02000800320128,35,204,1,3.0
598.0,0.0,39,213,1,
350.0,14.571428571428571,37,484,17,
2000.0,25.05,71,734,33,
1599.0,40.21263289555972,19,159,5864,
2299.0,5.48064375815572,16,260,4,
1599.0,50.03126954346466,31,506,2,
799.0,0.0,41,357,5864,3.5
999.0,40.04004004004004,25,444,24,
1183.0,49.36601859678783,36,203,5864,
3288.0,50.0,39,220,5864,
855.0,0.0,40,248,5864,
1999.0,50.025012506253134,32,208,5864,4.5
999.0,40.04004004004004,29,189,21,
2299.0,39.147455415398,29,622,3,
399.0,45.11278195488722,22,492,2,
799.0,56.82102628285357,85,1388,2,
1149.0,0.0,34,521,1,
495.0,20.2020202020202,20,169,3,
1140.0,71.49122807017544,63,255,25,
549.0,49.90892531876138,42,650,5864,
3390.0,17.699115044247787,36,204,2,5.0
800.0,50.125,52,234,5864,
2100.0,47.66666666666667,30,300,3,
300.0,56.00000000000001,29,437,5864,
400.0,0.0,47,194,5864,
1299.0,42.26327944572749,68,3538,27,
849.0,73.4982332155477,29,192,71,
2199.0,72.76034561164165,42,639,250,
295.0,6.779661016949152,47,199,5864,4.0
2959.0,69.68570462994255,30,190,5864,5.0
649.0,61.63328197226502,26,181,155,5.0
425.0,6.11764705882353,48,225,40,
3700.0,15.0,38,352,1,
1000.0,50.1,24,124,41,
399.0,27.56892230576441,16,163,5864,2.5
499.0,78.15631262525051,45,219,155,
600.0,50.16666666666667,54,237,2,
1299.0,53.88760585065435,32,824,20,
4900.0,67.36734693877551,40,212,469,
2299.0,34.797738147020446,22,589,16,
999.0,85.08508508508508,40,209,22,
750.0,58.66666666666666,76,2278,10,
1817.0,41.16675839295542,32,441,10,
680.0,0.0,38,205,26,
999.0,60.06006006006006,51,231,46,
4396.0,51.910828025477706,64,564,14,
300.0,46.66666666666666,38,178,5864,
2985.0,70.01675041876047,21,317,26,
599.0,62.43739565943238,46,1457,5864,
350.0,27.142857142857142,23,175,7,
999.0,50.05005005005005,42,213,5864,
2895.0,48.22107081174439,46,173,101,
995.0,49.84924623115578,40,730,314,
499.0,50.1002004008016,31,190,5864,
225.0,13.333333333333334,27,183,7,
1347.0,66.66666666666666,32,538,12,
2400.0,55.04166666666666,39,698,5,
1299.0,53.88760585065435,38,1891,34,
3700.0,0.0,52,572,9,
529.0,41.58790170132325,47,266,9,
8093.0,0.0,30,450,1,
1000.0,30.1,29,196,5864,
499.0,40.08016032064128,53,1390,11,
649.0,7.704160246533127,18,158,5864,
1050.0,43.42857142857143,39,999,141,
1199.0,66.72226855713093,40,210,288,
2299.0,39.10395824271423,33,694,2,
500.0,12.0,41,213,59,
999.0,57.45745745745746,83,192,2,
2499.0,68.10724289715886,33,201,5864,5.0
2499.0,80.03201280512204,35,1015,5864,
499.0,50.1002004008016,23,175,5864,
2025.0,57.58024691358025,42,219,5864,
2138.0,60.24321796071095,42,214,5864,
899.0,33.37041156840934,54,241,5864,
299.0,69.89966555183946,45,184,5864,
1500.0,51.33333333333333,30,1789,66,
3299.0,38.01151864201273,42,216,1,
630.0,0.0,44,300,5864,4.3
999.0,55.05505505505506,53,721,5864,
1499.0,60.04002668445631,49,241,155,
799.0,68.8360450563204,45,220,5864,5.0
1499.0,56.70446964643096,59,1123,17,
3299.0,51.53076689906032,33,802,6,
299.0,51.50501672240802,26,174,5,
2999.0,66.68889629876625,33,1257,5864,5.0
1000.0,63.0,24,124,41,
1099.0,54.5950864422202,36,207,5864,
1199.0,0.0,36,296,1,
1199.0,50.0417014178482,41,409,7,
850.0,50.0,43,215,5864,
2199.0,54.57025920873125,31,499,3,
999.0,52.45245245245245,32,588,2,
39475.0,20.0,55,241,132,
499.0,80.16032064128257,45,219,155,
375.0,9.333333333333334,19,166,5864,
1000.0,25.1,43,252,4,
300.0,40.0,18,165,7,
8097.0,51.84636285043843,28,208,288,
999.0,29.929929929929934,87,733,5,
599.0,0.0,45,511,7,
500.0,48.2,36,1127,22,
1880.0,62.5,22,173,6,
1999.0,33.36668334167084,61,150,95,
1250.0,88.0,25,179,5,
2399.0,20.842017507294702,45,467,1,
2295.0,15.032679738562091,14,170,5864,
599.0,0.0,33,197,4,
749.0,40.053404539385845,33,927,5864,4.0
2299.0,44.75859069160504,55,432,2,
1250.0,20.8,59,247,9,
1000.0,55.1,31,895,314,4.8
1149.0,59.96518711923412,42,219,5864,
855.0,0.0,36,1076,1,
1495.0,49.96655518394649,54,1051,3,
1200.0,70.91666666666666,28,191,5864,
699.0,71.5307582260372,43,215,7,
690.0,28.98550724637681,43,204,8,
500.0,70.0,27,183,26,
749.0,0.0,51,496,299,
1499.0,56.70446964643096,59,1124,17,
855.0,0.0,40,248,5864,
399.0,25.062656641604008,23,249,2,
625.0,0.0,37,205,5864,
800.0,65.0,41,689,1,
350.0,14.571428571428571,28,185,34,
1000.0,50.1,39,521,5864,4.0
599.0,0.0,55,280,5864,
399.0,25.062656641604008,18,165,7,
450.0,10.0,44,519,1,
1299.0,50.03849114703618,25,179,5864,
1000.0,60.0,26,806,14,
1149.0,56.57093124456048,26,458,5864,
499.0,40.08016032064128,51,485,10,
375.0,0.0,39,209,11,5.0
500.0,23.6,21,168,5864,
285.0,0.0,52,233,3,
2199.0,72.76034561164165,44,641,250,
349.0,20.05730659025788,82,295,1,
1799.0,0.0,57,246,5,
1899.0,25.697735650342285,88,308,4,
455.0,0.0,46,568,5864,
1999.0,45.02251125562781,22,589,16,
1080.0,55.00000000000001,26,354,17,
299.0,0.0,38,205,1,
1499.0,15.276851234156103,16,172,5864,
1299.0,42.34026173979984,34,199,5864,
899.0,50.055617352614014,32,254,314,
2800.0,67.14285714285714,38,207,469,
2199.0,72.76034561164165,42,639,250,
999.0,40.04004004004004,12,333,2,
149.0,0.0,40,180,5864,
849.0,0.0,55,295,5864,
300.0,41.66666666666667,35,667,51,
475.0,29.47368421052631,41,181,5864,
1460.0,10.273972602739724,46,224,4,
1299.0,73.13317936874519,29,187,3,
5398.0,51.85253797702853,28,204,288,
999.0,0.0,37,243,5864,
1499.0,50.03335557038026,39,208,5864,
799.0,57.571964956195245,38,205,167,5.0
799.0,25.03128911138924,44,217,5864,
800.0,43.875,30,191,3,
1179.0,43.25699745547074,22,173,299,
699.0,35.7653791130186,46,280,20,
1321.0,71.61241483724451,34,197,4,
799.0,56.32040050062578,21,171,4,
799.0,0.0,33,93,314,
250.0,60.0,31,193,1,3.0
1065.0,20.187793427230048,35,594,2,
599.0,26.54424040066778,25,173,1,1.3
999.0,65.06506506506507,35,215,3,
385.0,9.090909090909092,68,267,1,
999.0,52.15215215215216,28,185,299,
2400.0,50.0,32,1692,15,
1399.0,62.54467476769121,33,1018,5,
2000.0,40.0,23,661,1,
1815.0,60.05509641873278,26,793,14,
799.0,37.546933667083856,18,158,5864,
999.0,60.06006006006006,22,173,2,
640.0,49.21875,54,152,53,
1899.0,47.39336492890995,34,198,5864,
599.0,53.42237061769616,37,1133,13,
1299.0,26.943802925327176,47,282,20,
1299.0,0.0,34,764,2,
259.0,0.0,6,436,2,
2000.0,70.6,35,711,12,
899.0,44.493882091212456,15,167,5864,
4525.0,33.14917127071823,59,247,20,
1099.0,20.01819836214741,21,161,5864,
700.0,28.57142857142857,43,462,15,
19007.0,10.001578365865209,58,247,99,
2099.0,0.0,29,187,288,
399.0,20.050125313283207,25,179,3,
1299.0,46.18937644341801,20,430,8,
2149.0,39.55328059562587,33,1219,10,
2000.0,70.6,36,716,12,
985.0,80.20304568527918,66,261,2,
899.0,50.055617352614014,48,227,14,
1099.0,54.5950864422202,42,243,14,
6599.0,77.28443703591454,33,381,14,
995.0,0.0,31,724,1,
1100.0,72.81818181818181,50,560,1,
499.0,60.120240480961925,34,760,5864,
899.0,66.74082313681868,40,636,5864,
299.0,16.722408026755854,58,198,5864,4.3
1600.0,45.5,28,187,5864,3.0
2250.0,46.66666666666666,35,162,17,4.0
1400.0,74.42857142857143,46,241,141,
599.0,72.62103505843072,54,983,74,
179.0,0.0,52,235,1,
795.0,0.0,34,199,314,
799.0,49.436795994993744,44,252,314,
129.0,7.751937984496124,65,205,5864,
999.0,55.05505505505506,44,217,5864,
1499.0,82.65510340226818,34,401,6,
699.0,35.7653791130186,44,217,7,
499.0,55.11022044088176,39,207,46,
435.0,6.666666666666667,51,431,1,
1299.0,30.792917628945343,33,687,2,
1040.0,47.11538461538461,34,197,3,
24400.0,0.0,50,275,5864,
850.0,34.11764705882353,40,211,15,1.0
32520.0,20.34132841328413,41,382,99,
5500.0,38.2,43,218,8,
2598.0,50.0,34,3519,27,
108900.0,35.0,34,614,31,
585.0,5.982905982905983,54,1274,1,
499.0,0.0,26,181,21,
2895.0,48.22107081174439,40,167,101,
999.0,47.44744744744745,27,185,7,
660.0,60.75757575757576,47,393,5864,
1999.0,15.70785392696348,46,173,144,
999.0,50.05005005005005,29,828,28,
500.0,30.2,35,204,314,
2490.0,39.95983935742972,33,958,5,
1599.0,59.34959349593496,38,206,29,
2999.0,60.02000666888962,26,275,5,
6599.0,0.0,54,240,5,
855.0,0.0,46,266,5864,
459.0,56.644880174291934,110,1331,74,
899.0,72.30255839822024,37,347,167,
1349.0,51.89028910303929,43,215,8,
2999.0,81.69389796598865,21,598,3,
440.0,0.0,28,185,299,
700.0,28.57142857142857,35,201,1,
2199.0,72.76034561164165,44,641,250,
1299.0,65.43494996150885,33,195,6,
400.0,24.0,47,500,141,
2499.0,20.00800320128051,28,1091,1,
375.0,4.0,77,224,5864,
700.0,43.0,34,122,1,
698.0,50.0,49,645,5864,
1799.0,9.672040022234576,42,329,2,
1499.0,63.37558372248166,51,1394,45,
2600.0,65.42307692307693,56,250,5864,
1499.0,63.37558372248166,51,1394,45,
300.0,10.0,48,188,5864,
1499.0,0.0,43,1429,8,
810.0,0.0,53,725,26,
1199.0,58.38198498748957,19,159,5864,
399.0,0.0,26,181,21,
1495.0,46.82274247491639,46,316,1,
4998.0,78.01120448179272,33,198,73,
1499.0,63.37558372248166,51,1394,45,
500.0,38.0,20,171,1,5.0
999.0,10.01001001001001,67,328,5864,3.0
1075.0,25.67441860465116,38,207,4,
500.0,60.0,25,2145,3,
399.0,25.062656641604008,29,561,8,
599.0,50.75125208681135,55,181,4,
1199.0,40.116763969974976,33,202,5864,
1999.0,33.36668334167084,61,150,95,
1299.0,42.34026173979984,34,199,5864,
379.0,21.108179419525065,60,251,3,
849.0,0.0,37,673,2,
31414.0,20.000636658814543,69,269,132,
1999.0,15.70785392696348,59,186,144,
999.0,60.06006006006006,51,394,46,
399.0,60.15037593984962,38,1269,21,
4900.0,67.36734693877551,49,230,469,
11050.0,77.4660633484163,52,927,1,
1499.0,70.64709806537692,54,1802,10,
599.0,33.3889816360601,40,214,314,
399.0,0.0,38,207,5864,
599.0,39.89983305509182,36,200,314,
499.0,60.120240480961925,32,758,5864,
999.0,45.04504504504504,44,218,5864,5.0
599.0,0.0,30,937,3,
650.0,36.15384615384615,50,138,3,
899.0,50.055617352614014,35,197,5864,
2500.0,60.040000000000006,29,1863,1,
908.0,50.0,33,1653,19,
999.0,50.55055055055056,43,569,5864,
799.0,40.175219023779725,39,208,5864,2.0
899.0,20.13348164627364,37,208,5864,
899.0,44.493882091212456,42,213,5864,
500.0,50.0,34,197,26,
1500.0,0.0,18,270,1,
1199.0,79.39949958298583,61,979,5,3.6
1999.0,15.70785392696348,58,1031,144,
349.0,57.306590257879655,29,117,18,
299.0,50.16722408026756,45,278,20,
200.0,53.0,41,584,54,
1399.0,0.0,16,310,12,
699.0,50.07153075822603,44,219,1,
7500.0,43.48,72,199,28,2.8
945.0,10.582010582010582,29,191,288,
525.0,11.047619047619047,50,229,37,
360.0,3.055555555555556,25,172,5864,
599.0,41.56928213689483,46,223,2,
980.0,69.48979591836735,58,1062,5,
1500.0,13.4,28,188,110,
275.0,20.0,51,191,5864,
1499.0,0.0,34,1153,1,
650.0,0.0,53,340,5864,4.0
350.0,14.285714285714285,41,1183,1,
1199.0,64.22018348623854,49,267,5864,
499.0,0.0,19,167,25,
4900.0,67.36734693877551,40,212,469,
1299.0,46.18937644341801,33,1813,1,
650.0,32.46153846153847,36,238,42,
2999.0,50.01667222407469,17,311,5864,
1299.0,61.585835257890686,29,188,314,
2800.0,67.14285714285714,45,221,469,
499.0,0.0,29,187,8,
399.0,50.125313283208015,11,128,1,
2389.0,45.66764336542487,69,1054,1,
1299.0,53.88760585065435,37,163,1,
1999.0,15.70785392696348,44,1011,144,
999.0,50.05005005005005,71,493,14,
650.0,54.0,29,816,5864,
599.0,16.69449081803005,20,176,5864,
1395.0,37.99283154121864,35,162,2,2.5
499.0,60.120240480961925,43,217,5864,
2895.0,48.22107081174439,46,173,101,
5000.0,62.02,49,176,22,4.2
499.0,21.8436873747495,39,222,5864,
999.0,50.05005005005005,41,210,314,
500.0,20.0,25,172,5864,
1470.0,10.0,53,1445,11,
2399.0,75.03126302626094,28,168,5864,
499.0,50.1002004008016,43,215,7,
799.0,50.06257822277848,40,208,5864,
584.0,23.116438356164384,16,506,1,
799.0,35.04380475594493,31,813,5864,3.2
24449.0,20.00081802936725,50,231,132,
10338.0,5.02031340684852,84,298,8,
1199.0,75.0625521267723,35,198,5864,
4900.0,67.36734693877551,41,214,469,
650.0,54.30769230769232,52,4076,14,5.0
5995.0,0.0,53,727,8,5.0
499.0,0.0,45,219,21,
999.0,50.05005005005005,32,192,72,
715.0,9.230769230769232,80,289,29,
920.0,0.0,20,171,6,
795.0,0.0,40,293,5864,
2250.0,33.77777777777778,37,206,41,
445.0,26.96629213483146,22,173,33,
349.0,0.0,24,194,7,3.0
849.0,20.141342756183743,41,209,5864,
1099.0,30.02729754322111,30,189,288,
1299.0,59.35334872979215,18,397,1,
1299.0,0.0,29,193,5864,
1499.0,63.37558372248166,51,1394,45,
1999.0,50.025012506253134,32,512,1,
500.0,37.2,24,864,141,
1399.0,50.03573981415297,55,2089,25,
1099.0,27.2975432211101,78,287,2,
799.0,0.0,55,280,5864,
1099.0,45.49590536851683,38,294,5864,
799.0,42.05256570713392,57,462,4,
699.0,67.66809728183118,35,652,1,
999.0,85.08508508508508,34,197,167,
899.0,61.179087875417125,23,697,167,
2199.0,27.285129604365626,104,214,1,
1150.0,65.30434782608697,41,212,314,1.0
480.0,63.54166666666666,37,479,155,
960.0,0.0,22,173,2,
799.0,49.436795994993744,44,256,314,3.0
699.0,57.22460658082976,21,524,2,
499.0,44.88977955911824,50,190,5864,5.0
1100.0,19.090909090909093,29,189,1,5.0
1999.0,86.04302151075538,48,225,4,
699.0,21.45922746781116,35,772,2,
599.0,0.0,45,226,5864,3.7
2699.0,70.39644312708411,26,1226,5864,
360.0,44.72222222222222,44,191,5864,3.1
2499.0,44.017607042817126,121,3783,7,
2199.0,72.76034561164165,44,641,250,
650.0,54.0,30,817,5864,
875.0,0.0,77,1521,1,
1999.0,15.70785392696348,46,591,144,
800.0,56.25,48,227,8,
1099.0,45.49590536851683,37,714,18,
729.0,21.94787379972565,40,211,14,
299.0,26.421404682274247,55,195,5864,
999.0,60.06006006006006,40,751,5864,
410.0,3.1707317073170733,58,205,5864,
849.0,5.889281507656066,41,251,5864,2.5
4225.0,18.34319526627219,32,159,2,3.8
4999.0,0.0,43,169,13,
350.0,14.571428571428571,49,207,5864,
1000.0,60.1,26,108,5,
899.0,70.07786429365962,40,876,13,
999.0,53.25325325325325,90,1433,36,
199.0,65.32663316582915,25,180,1,4.0
699.0,50.07153075822603,55,699,9,
2999.0,50.01667222407469,32,527,17,
18110.0,19.24903368304804,32,3236,6,
499.0,50.1002004008016,14,226,3,
1600.0,50.0,43,403,1,
1240.0,10.0,58,248,2,
499.0,0.0,43,215,29,
1499.0,56.70446964643096,41,167,27,
2699.0,62.98629121897,28,708,7,
499.0,64.92985971943888,49,229,5864,
500.0,44.4,75,281,141,
799.0,75.09386733416771,31,192,85,
499.0,74.14829659318637,41,210,20,
1400.0,74.42857142857143,43,238,141,
1400.0,0.0,28,1367,3,
798.0,56.89223057644111,25,187,5864,
999.0,30.03003003003003,47,225,8,
425.0,29.411764705882355,25,455,1,
799.0,50.06257822277848,59,555,5864,
899.0,50.055617352614014,39,535,5864,
899.0,0.0,39,336,5864,5.0
2500.0,30.0,11,889,5864,
599.0,50.08347245409015,20,169,13,3.0
1398.0,50.0,39,1056,7,
1299.0,0.0,33,570,46,
1140.0,57.10526315789474,49,227,100,
540.0,37.03703703703704,31,487,2,
1299.0,53.88760585065435,59,1771,4,
290.0,10.0,39,207,37,
1199.0,50.0417014178482,31,198,5864,3.5
330.0,40.909090909090914,46,186,5864,
4900.0,67.36734693877551,48,228,469,
400.0,31.25,32,195,26,
990.0,52.92929292929293,36,1586,11,
3500.0,61.42857142857143,40,167,5,
999.0,40.04004004004004,63,151,95,
5000.0,32.0,31,192,1,
1029.0,51.50631681243926,38,213,5864,
1200.0,83.41666666666666,19,167,25,
3350.0,43.28358208955223,27,193,5864,
749.0,14.95327102803738,45,185,5864,
2499.0,40.01600640256102,29,170,5864,
4900.0,67.36734693877551,44,220,469,
2299.0,0.0,21,179,5864,
399.0,25.062656641604008,25,1613,1,
3099.0,0.0,31,158,8,3.6
698.0,51.00286532951289,83,295,5864,
699.0,50.07153075822603,24,177,79,
39174.0,28.975851329963756,49,229,211,
1590.0,30.0,16,157,5864,
350.0,14.571428571428571,42,513,17,
590.0,51.69491525423729,26,1432,6,
250.0,0.0,42,389,5,
2500.0,28.04,28,188,3,
550.0,40.0,41,217,5864,
459.0,26.14379084967321,46,221,299,
1899.0,60.03159557661928,35,1049,5864,4.0
1099.0,59.14467697907189,22,187,5864,
1299.0,53.88760585065435,38,1891,34,
1499.0,64.04269513008673,76,2274,27,
597.0,25.125628140703515,64,445,4,
899.0,15.016685205784205,18,190,2,
32693.0,21.998592970972386,50,231,99,
1699.0,0.0,37,203,5864,
999.0,0.0,41,277,5864,4.0
420.0,0.0,20,527,12,
1147.0,56.49520488230165,45,219,6,
1500.0,26.266666666666666,38,1160,141,
499.0,60.120240480961925,37,763,5864,
999.0,61.96196196196196,30,189,54,
950.0,19.157894736842103,31,2197,141,
899.0,20.13348164627364,43,829,5864,
2800.0,67.14285714285714,40,211,469,
399.0,10.025062656641603,49,227,37,
26084.0,20.000766753565404,57,245,132,
2199.0,72.76034561164165,44,641,250,
4900.0,67.36734693877551,45,222,469,
949.0,69.54689146469968,37,347,71,
799.0,25.03128911138924,27,115,2,5.0
299.0,16.722408026755854,58,799,5864,5.0
2000.0,25.0,48,226,5864,
299.0,78.26086956521739,30,203,6,
249.0,0.0,36,201,3,
18820.0,35.06376195536663,50,231,13,
1679.0,59.85705777248362,42,596,5864,
800.0,12.625,22,148,41,4.0
999.0,75.27527527527528,37,203,18,
1500.0,51.33333333333333,30,191,66,
238.0,14.285714285714285,80,291,9,
897.0,63.21070234113713,23,196,2,
699.0,55.07868383404863,39,207,46,
42199.0,28.031469940045973,55,241,211,
1499.0,64.70980653769179,31,972,1,
1099.0,59.14467697907189,36,201,314,5.0
2985.0,70.01675041876047,21,315,26,
1499.0,56.70446964643096,41,965,21,
350.0,14.857142857142858,79,921,1,
1499.0,83.38892595063375,59,886,1,
520.0,29.03846153846154,22,173,299,
1600.0,50.0,29,187,15,
399.0,0.0,26,181,21,
399.0,12.531328320802004,41,211,40,
549.0,36.42987249544626,18,158,5864,
1690.0,40.0,26,167,5864,
3150.0,57.14285714285714,36,204,469,
699.0,57.22460658082976,39,206,5864,5.0
799.0,50.06257822277848,45,771,5864,4.3
3150.0,80.0,47,312,14,
398.0,19.597989949748744,44,191,5864,4.5
1000.0,65.10000000000001,48,1302,1,
37333.0,30.3002705381298,49,229,211,
999.0,50.05005005005005,41,164,14,
400.0,10.0,25,172,5864,
1899.0,0.0,30,198,5864,
999.0,0.0,29,186,5864,
1400.0,71.5,27,427,11,
1299.0,53.88760585065435,38,1913,34,
1490.0,40.0,18,158,5864,
34799.0,20.287939308600823,63,257,299,
280.0,0.0,21,168,5864,
449.0,0.0,34,198,5864,
4900.0,67.36734693877551,46,224,469,
650.0,54.0,29,189,5864,
4200.0,67.14285714285714,45,222,469,
1799.0,50.0277932184547,33,196,5864,
499.0,46.89378757515031,21,173,5864,2.0
390.0,0.0,37,201,110,
1000.0,65.10000000000001,40,210,167,
650.0,35.38461538461539,23,175,34,
1299.0,23.094688221709006,27,185,15,
319.0,20.06269592476489,40,209,299,
2199.0,72.76034561164165,42,639,250,
999.0,50.05005005005005,35,923,2,
699.0,0.0,20,169,1,
599.0,39.89983305509182,36,201,314,
1599.0,18.76172607879925,47,1096,1,
400.0,43.75,35,647,51,
25157.0,27.789482052708987,49,229,211,
999.0,50.05005005005005,18,100,27,
399.0,0.0,38,205,5864,
2999.0,63.35445148382794,21,179,5864,
14500.0,54.6,70,3313,5,
1299.0,53.88760585065435,38,1913,34,
899.0,38.9321468298109,43,425,1,
959.0,37.53910323253389,40,210,14,
398.0,27.1356783919598,20,167,5864,3.7
40360.0,15.842418235877108,51,233,3,
1000.0,60.1,24,177,40,
395.0,0.0,34,2228,2,4.3
598.0,50.0,49,227,5864,
385.0,40.25974025974026,52,192,5864,
1599.0,40.21263289555972,19,159,5864,
2199.0,72.76034561164165,44,641,250,
2999.0,66.68889629876625,41,1003,30,
798.0,69.2982456140351,70,210,5864,
1599.0,0.0,18,159,5864,
2999.0,68.3561187062354,38,1112,5864,
2895.0,48.22107081174439,46,173,101,
599.0,41.736227045075125,26,1039,5,
49344.0,21.678420881971466,61,253,99,
2450.0,62.44897959183674,45,221,469,
949.0,69.54689146469968,37,347,22,
380.0,16.05263157894737,24,171,5864,
498.0,0.0,30,446,12,
145.0,0.0,36,188,5864,
809.0,0.0,42,325,5864,
599.0,0.0,61,199,5864,
599.0,72.62103505843072,54,983,74,
489.0,69.52965235173824,46,1108,9,
999.0,50.05005005005005,18,588,5864,
1198.0,58.347245409015024,35,201,73,
398.0,27.1356783919598,25,172,5864,4.4
1040.0,47.11538461538461,33,194,1,
1633.0,0.0,66,875,2,
2199.0,72.76034561164165,44,641,250,
999.0,67.96796796796797,41,210,100,5.0
499.0,50.1002004008016,24,177,10,
949.0,68.38777660695469,31,204,100,
829.0,14.475271411338964,28,186,5864,
999.0,50.05005005005005,9,115,5864,
999.0,40.04004004004004,63,151,95,
2199.0,0.0,38,127,53,
1000.0,70.1,38,206,155,
499.0,78.15631262525051,45,219,155,
33477.0,20.31245332616423,57,245,99,
1999.0,15.70785392696348,58,1026,144,
350.0,5.142857142857142,66,218,5864,
1200.0,33.5,40,1723,4,
1399.0,60.04288777698356,37,203,5864,
999.0,60.96096096096096,34,430,1,
990.0,65.75757575757576,33,1308,5,
999.0,30.03003003003003,45,219,5864,4.0
990.0,52.92929292929293,40,1597,11,
699.0,49.92846924177397,38,203,5864,
1799.0,30.016675931072815,39,861,53,
650.0,0.0,44,217,5864,
499.0,60.120240480961925,38,471,1,
449.0,49.88864142538976,63,382,17,
1999.0,33.36668334167084,61,150,95,
299.0,0.0,41,210,5864,4.0
1995.0,20.050125313283207,23,112,3,
399.0,0.0,29,580,14,
149.0,2.684563758389262,51,191,5864,
599.0,62.43739565943238,41,1452,5864,
449.0,11.1358574610245,46,186,5864,
2980.0,50.0,56,736,2,
1499.0,66.711140760507,33,579,5864,
695.0,42.58992805755396,56,272,1,
1899.0,50.026329647182735,41,2097,5864,
870.0,0.0,29,187,299,
1250.0,26.4,58,146,8,
699.0,50.07153075822603,55,699,9,
599.0,8.180300500834726,45,258,5864,3.0
5900.0,52.559322033898304,67,264,12,
490.0,28.57142857142857,27,153,6,2.5
1400.0,74.42857142857143,40,235,141,
1599.0,37.023139462163854,37,777,23,
699.0,28.61230329041488,16,492,5864,
2150.0,54.79069767441861,35,1240,1,
2999.0,46.68222740913638,51,1542,1,4.0
599.0,36.39398998330551,23,531,5864,
2199.0,56.84402000909504,18,1950,5864,
1399.0,50.03573981415297,47,723,5864,
1199.0,45.87155963302752,15,148,2,5.0
320.0,6.25,22,169,5864,
2199.0,72.76034561164165,42,639,250,
677.0,22.156573116691288,79,752,8,
1145.0,13.100436681222709,20,269,4,
699.0,42.91845493562232,27,183,7,
1099.0,90.90081892629664,35,671,5864,
1199.0,16.680567139282733,30,481,1,
999.0,50.05005005005005,37,208,5864,
398.0,9.547738693467336,31,178,5864,
1450.0,58.689655172413794,29,187,1,
1395.0,20.0,38,207,5864,
600.0,50.33333333333333,24,124,41,
590.0,40.0,30,189,7,
1100.0,22.727272727272727,37,1831,1,
699.0,42.91845493562232,26,539,1,
1999.0,55.02751375687844,43,143,5864,
1605.0,25.233644859813083,67,266,5864,
799.0,81.35168961201502,40,152,22,
3495.0,0.0,19,956,5864,3.5
1100.0,16.818181818181817,28,185,2,
999.0,74.97497497497497,43,217,17,
2199.0,72.76034561164165,44,641,250,
2599.0,61.56213928434013,24,380,5864,
599.0,16.69449081803005,35,455,5864,
1155.0,9.177489177489177,72,274,29,
570.0,29.82456140350877,43,216,5864,
599.0,50.08347245409015,43,215,34,
499.0,50.901803607214426,51,231,26,5.0
999.0,50.05005005005005,41,211,5864,
850.0,60.0,50,229,25,
44500.0,0.0,34,201,26,
999.0,52.45245245245245,43,173,288,
998.0,55.01002004008016,39,193,100,
699.0,28.61230329041488,57,179,4,
999.0,70.07007007007007,47,263,5864,
1958.0,64.3003064351379,29,200,5864,4.5
2649.0,69.98867497168743,27,568,6,
7600.0,50.01315789473684,23,741,1,
2150.0,55.81395348837209,42,250,5864,4.5
589.0,25.46689303904924,36,203,42,
1310.0,43.51145038167939,49,1049,8,
699.0,35.050071530758224,42,217,5864,5.0
1299.0,0.0,18,110,10,
1299.0,50.03849114703618,24,570,2,
5520.0,44.927536231884055,20,316,25,
449.0,58.79732739420936,64,204,5864,
700.0,50.0,40,211,1,
1800.0,38.94444444444444,33,202,5864,
599.0,40.23372287145242,46,225,5864,
2299.0,30.01304915180513,33,209,5864,
725.0,0.0,48,273,5864,
1899.0,40.07372301211164,31,306,1,
1099.0,40.03639672429482,51,233,5864,
1198.0,72.03672787979967,62,1101,5,
489.0,67.48466257668711,46,1108,9,
599.0,30.05008347245409,47,223,299,
399.0,25.062656641604008,29,561,8,
1899.0,26.54028436018957,39,166,5,2.3
1040.0,50.96153846153846,30,191,66,
300.0,16.666666666666664,36,260,15,
1695.0,0.0,29,978,7,
899.0,20.13348164627364,37,905,5864,
1849.0,50.02704164413196,36,327,2,
36631.0,30.24487455979908,47,225,211,
999.0,55.95595595595596,43,214,5864,
2500.0,56.00000000000001,32,159,15,
399.0,37.59398496240601,49,189,5864,
1199.0,58.38198498748957,19,173,5864,
549.0,54.644808743169406,52,240,167,
1040.0,47.11538461538461,42,374,288,
2149.0,54.21126105165192,29,117,23,
500.0,25.0,26,181,7,
4900.0,67.36734693877551,41,214,469,
340.0,29.411764705882355,65,212,5864,
11073.0,5.021222794184052,77,402,8,
790.0,40.0,28,185,7,
2000.0,29.9,29,347,14,
1895.0,31.6622691292876,34,781,2,
1000.0,30.1,29,1133,5864,
3400.0,49.58823529411765,33,759,21,
699.0,57.22460658082976,54,180,5,
999.0,40.04004004004004,39,427,2,
190.0,13.157894736842104,47,194,5864,
5500.0,38.2,46,224,8,
1499.0,60.04002668445631,29,718,1,
250.0,8.0,27,325,4,
23948.0,20.001670285618843,52,235,132,
3238.0,61.766522544780734,59,247,20,
735.0,7.482993197278912,26,114,5,3.5
1400.0,74.42857142857143,44,239,141,
36642.0,27.684078380001093,49,229,211,
5587.0,61.53570789332379,45,222,83,
799.0,0.0,34,258,2,
999.0,55.05505505505506,58,1145,1,
1499.0,70.04669779853235,39,707,5864,
1500.0,33.4,39,209,59,
1349.0,64.86286137879911,12,162,5864,
549.0,54.644808743169406,51,843,1,
4200.0,67.14285714285714,40,212,469,
1990.0,60.0,35,200,5864,
4900.0,67.36734693877551,38,208,469,
999.0,60.06006006006006,40,186,1,
798.0,50.0,20,124,27,
6999.0,34.29061294470639,24,456,3,
390.0,10.256410256410255,33,180,5864,
950.0,11.578947368421051,59,147,8,
4900.0,67.36734693877551,38,208,469,
1599.0,76.54784240150094,57,245,8,
2399.0,77.11546477699042,57,2093,2,
2049.0,60.02928257686676,35,207,5864,
449.0,55.67928730512249,41,517,8,
4200.0,67.14285714285714,47,226,469,
1599.0,50.03126954346466,36,468,1,
6500.0,22.0,57,1400,1,
1220.0,50.81967213114754,30,191,66,
169.0,11.83431952662722,12,336,2,
200.0,0.0,65,1113,1,
14077.0,51.82922497691269,54,596,8,
2000.0,29.9,30,350,14,
1199.0,20.01668056713928,50,269,5864,
360.0,2.5,30,177,5864,
499.0,64.92985971943888,39,209,5864,
899.0,40.04449388209122,38,206,5864,
599.0,33.3889816360601,42,213,38,
350.0,30.0,27,183,30,
499.0,50.1002004008016,24,177,10,
699.0,35.7653791130186,41,218,314,3.5
2050.0,68.2439024390244,44,257,5864,
1000.0,66.0,24,125,41,
1199.0,47.206005004170144,29,117,23,
1299.0,53.88760585065435,38,1913,34,
539.0,30.0556586270872,76,281,299,
41336.0,19.99951616024773,48,227,132,
999.0,82.08208208208208,40,866,7,
799.0,62.57822277847309,55,195,5864,5.0
1530.0,54.37908496732026,75,875,1,
1499.0,66.711140760507,44,222,5864,
999.0,64.86486486486487,36,402,1,
899.0,0.0,42,219,5864,
845.0,50.29585798816568,43,149,5864,
1099.0,55.050045495905366,40,209,5864,4.0
17460.0,0.0,86,743,11,
3303.0,36.8755676657584,45,222,83,
999.0,72.27227227227228,37,203,18,
860.0,47.7906976744186,20,169,5,
299.0,33.44481605351171,31,405,19,
1999.0,15.70785392696348,44,1017,144,
2399.0,50.02084201750729,31,475,9,
1499.0,50.03335557038026,39,209,5864,
1690.0,11.242603550295858,17,437,5864,
895.0,55.418994413407816,26,508,5864,4.0
499.0,4.008016032064128,30,170,5864,5.0
2099.0,0.0,29,187,288,
1299.0,65.1270207852194,39,211,2,
1499.0,82.65510340226818,52,418,6,
900.0,27.77777777777778,25,86,1,
1099.0,63.69426751592356,52,186,79,
1099.0,60.96451319381255,36,202,5864,
500.0,25.0,32,195,26,
500.0,48.2,32,1115,22,
699.0,0.0,55,280,5864,
450.0,10.0,54,237,37,
239.0,16.736401673640167,48,188,5864,
1600.0,0.0,34,324,1,
600.0,34.166666666666664,39,186,5864,
1099.0,52.77525022747953,38,780,12,
799.0,40.05006257822278,21,165,5864,
4200.0,67.14285714285714,41,214,469,
760.0,51.44736842105263,76,281,299,
599.0,17.362270450751254,57,281,3,
1499.0,60.04002668445631,44,179,5864,4.4
699.0,50.07153075822603,48,225,12,
2100.0,14.285714285714285,22,203,5864,5.0
399.0,10.025062656641603,42,213,37,
2500.0,30.0,21,162,13,
4200.0,67.14285714285714,43,218,469,
999.0,65.06506506506507,60,648,5864,
2999.0,70.02334111370457,17,545,5,
999.0,40.04004004004004,63,151,95,
2499.0,68.02721088435374,60,821,1,
1200.0,51.66666666666667,22,173,2,
1040.0,47.11538461538461,40,919,5,
2800.0,67.14285714285714,45,221,469,
653.0,33.3843797856049,28,1155,5,
3500.0,5.714285714285714,69,270,1,5.0
700.0,35.85714285714286,47,223,314,
699.0,78.6838340486409,64,204,5864,
49999.0,24.6944938898778,25,181,7,
799.0,0.0,44,217,5864,
598.0,50.0,49,226,5864,
509.0,21.611001964636543,46,221,299,
390.0,0.0,28,185,299,
699.0,28.61230329041488,38,209,5864,
32844.0,20.000608939227867,55,241,132,
26203.0,30.69495859252757,46,223,211,
1299.0,70.05388760585065,49,228,5864,
299.0,40.13377926421405,61,201,5864,
780.0,1.282051282051282,22,459,299,
899.0,44.493882091212456,47,227,29,
4399.0,0.0,38,127,53,
849.0,73.4982332155477,41,351,100,
299.0,0.0,51,231,1,
799.0,43.92991239048811,80,1144,16,
625.0,56.00000000000001,46,491,5864,
699.0,0.0,55,280,5864,
1999.0,0.0,40,210,5864,
500.0,44.4,67,1311,141,
499.0,38.07615230460922,36,203,42,
2798.0,50.0,63,1092,2,
1400.0,74.42857142857143,39,234,141,
1195.0,41.50627615062761,21,161,5864,
1650.0,52.0,45,220,5864,
680.0,48.52941176470589,63,255,53,
576.0,56.770833333333336,35,204,48,
1799.0,0.0,41,479,2,
399.0,50.125313283208015,26,134,27,
32157.0,29.576764001617068,35,4385,4,
1999.0,86.2431215607804,49,229,1,
599.0,30.05008347245409,50,524,4,
1999.0,15.70785392696348,46,575,144,
4900.0,67.36734693877551,37,206,469,
1140.0,3.947368421052632,21,162,12,3.0
2200.0,27.27272727272727,46,1203,5,
799.0,81.35168961201502,34,134,30,
1195.0,50.2092050209205,60,737,4,
24060.0,28.507896924355773,46,351,211,
2488.0,60.04823151125402,32,530,2,
9999.0,50.00500050005,54,364,1,
1399.0,47.46247319513939,35,200,5864,
399.0,19.799498746867165,34,689,2,
1299.0,69.28406466512702,47,135,1,
1500.0,73.4,58,667,8,
399.0,55.13784461152882,25,179,46,
1349.0,40.7709414381023,24,543,9,
450.0,0.0,67,938,3,
899.0,50.055617352614014,33,200,72,
960.0,0.0,21,161,12,5.0
899.0,53.281423804226925,22,175,1,4.0
2200.0,72.77272727272728,20,970,12,
300.0,43.333333333333336,44,219,3,
6990.0,0.0,24,184,288,
370.0,0.0,74,279,3,
2200.0,54.59090909090909,35,396,3,
32778.0,20.001220330709625,59,408,132,
727.0,19.944979367262725,40,211,83,
2999.0,56.68556185395131,60,149,7,
2045.0,54.76772616136919,29,187,1,
899.0,44.493882091212456,49,229,59,
1050.0,43.42857142857143,39,998,141,
310.0,0.0,45,218,5864,
599.0,50.08347245409015,33,1011,1,
1699.0,55.9152442613302,54,238,5864,
4200.0,67.14285714285714,41,214,469,
2895.0,79.30915371329878,28,163,2,
750.0,0.0,53,235,26,
600.0,50.0,24,1136,5864,
2400.0,60.0,37,204,5864,
500.0,0.0,50,231,1,
6000.0,96.53333333333332,49,521,1,
1299.0,30.023094688221708,50,194,5864,
280.0,57.14285714285714,36,202,30,5.0
26559.0,25.8330509431831,51,233,211,
2199.0,72.76034561164165,44,641,250,
999.0,50.05005005005005,29,829,28,
669.0,55.00747384155456,34,201,314,
600.0,20.0,64,259,5864,
4900.0,67.36734693877551,47,226,469,
1599.0,40.21263289555972,20,160,5864,
850.0,11.76470588235294,31,534,2,
297.0,57.91245791245792,57,245,3,
1321.0,3.48221044663134,26,301,6,
1866.0,25.02679528403001,85,208,6,
799.0,56.32040050062578,34,197,155,
1049.0,0.0,42,1064,7,
849.0,29.917550058892814,60,1467,1,
399.0,60.15037593984962,39,1275,21,
2700.0,66.7037037037037,62,360,5864,
150.0,0.0,48,227,10,5.0
899.0,44.493882091212456,44,217,5864,
1645.0,9.118541033434653,34,1217,1,
999.0,50.05005005005005,44,215,288,
1099.0,58.23475887170154,19,173,5864,
247.0,19.838056680161944,64,259,5,
3000.0,53.36666666666666,63,402,4,
699.0,67.23891273247496,64,1681,2,
1980.0,76.26262626262627,49,227,13,
699.0,14.30615164520744,62,449,25,
4900.0,67.36734693877551,49,230,469,
1350.0,25.185185185185183,36,163,4,
999.0,50.05005005005005,20,560,5864,
2999.0,40.01333777925976,47,125,5864,
1040.0,47.11538461538461,42,168,12,
899.0,50.055617352614014,37,535,5864,
999.0,30.03003003003003,67,403,1,
75300.0,35.0,38,950,31,
1999.0,33.36668334167084,61,150,95,
2099.0,0.0,27,664,7,
1199.0,20.01668056713928,30,189,5864,
547.0,46.06946983546618,26,506,6,
999.0,72.57257257257257,37,203,18,
599.0,16.69449081803005,36,540,5864,3.0
1699.0,56.03296056503826,25,180,5864,
3150.0,80.0,47,313,14,
499.0,50.1002004008016,24,177,79,
2070.0,0.0,23,177,5864,
2295.0,56.47058823529412,15,166,5864,3.0
649.0,61.63328197226502,39,208,85,
2288.0,30.026223776223777,32,206,5864,
5999.0,41.67361226871145,24,1264,1,
1549.0,40.02582311168496,31,212,5864,4.0
499.0,50.901803607214426,46,222,5864,
1100.0,9.181818181818182,36,700,1,
1000.0,50.1,42,213,5864,
29976.0,28.35935414998665,42,161,26,
1449.0,6.832298136645963,31,196,29,
41874.0,24.153412618808805,47,225,211,
250.0,20.0,38,442,15,
1399.0,0.0,16,308,12,
390.0,51.53846153846153,33,196,85,5.0
995.0,65.32663316582915,28,185,13,
5999.0,36.82280380063344,57,1283,26,3.6
4900.0,67.36734693877551,49,230,469,
2100.0,14.285714285714285,30,424,5864,
649.0,55.46995377503852,59,246,100,
1799.0,44.469149527515285,29,1493,17,
999.0,50.05005005005005,29,829,28,
499.0,64.12825651302605,36,375,1,
2199.0,45.47521600727604,25,818,2,5.0
945.0,10.052910052910052,31,360,8,
1380.0,30.0,88,305,15,5.0
800.0,37.625,31,193,3,
4900.0,67.36734693877551,37,206,469,
1499.0,0.0,42,221,5864,
1299.0,30.023094688221708,29,187,5864,
1599.0,37.023139462163854,37,809,23,
399.0,25.062656641604008,15,357,4,
499.0,60.120240480961925,26,752,5864,
38710.0,22.944975458537844,51,231,99,
999.0,50.05005005005005,37,202,5864,4.0
1006.0,10.636182902584492,28,1079,6,
712.0,29.91573033707865,27,353,11,
749.0,0.0,32,1557,2,
650.0,54.0,29,815,5864,
1000.0,48.0,41,213,4,
2999.0,65.0216738912971,40,165,5864,3.0
799.0,0.0,42,218,5864,
2499.0,60.024009603841534,27,671,1,
1049.0,42.89799809342231,44,219,5864,
360.0,23.05555555555556,51,198,5864,
285.0,0.0,75,1822,5864,
1599.0,50.03126954346466,25,180,5864,
699.0,64.2346208869814,36,396,9,
540.0,42.22222222222222,36,203,42,
501.0,0.0,19,177,5864,
800.0,58.875,40,209,167,
999.0,41.64164164164164,25,622,15,3.0
1199.0,30.025020850708923,46,549,3,
1299.0,7.698229407236336,54,237,5864,
1100.0,28.18181818181818,87,593,6,
899.0,0.0,57,617,5864,
1449.0,44.78951000690131,16,143,14,4.1
1499.0,84.72314876584389,15,313,2,
45856.0,13.043004187020236,77,285,2,
999.0,50.05005005005005,36,200,5864,
5270.0,55.21821631878557,83,855,7,
549.0,0.0,42,745,7,
990.0,0.0,21,1305,2,
1099.0,76.43312101910828,22,188,2,
899.0,20.13348164627364,43,221,5864,
598.0,33.27759197324415,26,183,73,
1100.0,28.18181818181818,84,575,6,
2295.0,30.02178649237473,41,441,17,
3499.0,85.73878250928837,22,186,5864,
1399.0,0.0,16,308,12,
849.0,20.141342756183743,41,209,5864,
1199.0,58.38198498748957,19,182,5864,
599.0,40.06677796327212,35,203,288,4.0
1199.0,39.94995829858215,25,185,5864,
935.0,49.19786096256685,60,160,53,
1999.0,59.529764882441214,34,558,1,
1763.0,74.53204764605785,35,199,41,
999.0,45.04504504504504,33,743,2,
460.0,13.043478260869565,29,228,1,
1799.0,44.469149527515285,33,196,5864,
999.0,50.05005005005005,29,829,28,
199.0,25.125628140703515,48,1272,2,
499.0,27.85571142284569,54,782,2,
799.0,50.06257822277848,37,203,5864,3.7
1099.0,9.008189262966331,34,199,5864,
499.0,54.10821643286573,16,108,4,
1000.0,80.10000000000001,30,189,40,
1450.0,69.6551724137931,39,1355,25,
399.0,0.0,29,532,5,
1499.0,60.04002668445631,63,531,1,
1999.0,35.01750875437719,67,863,1,
799.0,37.546933667083856,76,694,1,
390.0,10.256410256410255,31,178,5864,
1299.0,42.34026173979984,34,199,5864,
699.0,64.2346208869814,38,164,9,
5000.0,25.02,89,310,33,
949.0,68.38777660695469,31,341,100,
649.0,75.50077041602465,31,189,110,
36.0,0.0,50,230,5,
1899.0,52.6592943654555,29,188,5864,
1549.0,59.97417688831504,33,205,5864,3.7
1599.0,31.269543464665414,70,159,1,
1495.0,25.685618729096987,14,157,5864,
1599.0,59.974984365228266,32,194,5864,
960.0,0.0,53,235,26,
1890.0,30.0,20,180,5864,
950.0,0.0,53,235,26,
999.0,62.16216216216216,19,276,4,
675.0,33.33333333333333,28,627,51,
525.0,0.0,25,545,5864,
1699.0,59.97645673925839,31,192,5864,5.0
1499.0,54.96997998665777,27,183,3,
2800.0,67.14285714285714,36,203,469,
899.0,58.28698553948832,42,220,5864,
1499.0,56.70446964643096,56,243,1,
999.0,58.05805805805806,17,157,5864,
16646.0,27.34590892706957,41,410,211,
1000.0,20.0,43,333,1,
1499.0,56.70446964643096,41,898,21,
2520.0,25.0,27,335,5864,
550.0,0.0,48,168,5864,
999.0,67.96796796796797,30,189,167,
2358.0,43.29940627650552,37,515,2,
2999.0,66.68889629876625,41,1003,30,
1699.0,70.62978222483814,38,221,5864,
4000.0,47.775,35,757,21,
1299.0,61.585835257890686,57,191,79,
3150.0,57.14285714285714,38,208,469,
1999.0,33.36668334167084,61,150,95,
31033.0,0.0,52,235,6,
1500.0,17.933333333333334,14,141,28,
169.0,34.9112426035503,45,1337,7,
1076.0,50.0,42,213,2,
799.0,37.546933667083856,25,181,1,
399.0,12.531328320802004,45,219,40,
399.0,67.66917293233082,37,1027,4,
1599.0,31.269543464665414,66,521,3,
1999.0,70.03501750875438,42,486,288,
1699.0,47.08652148322543,44,666,5,
399.0,37.34335839598997,30,189,26,
2599.0,26.93343593689881,36,635,2,
360.0,16.944444444444446,43,131,9,
570.0,29.82456140350877,43,214,5864,2.7
899.0,0.0,52,231,5864,
1399.0,0.0,43,714,2,
699.0,64.37768240343348,48,225,12,
1200.0,70.83333333333334,27,190,5864,
1095.0,70.04566210045662,37,204,5864,
649.0,61.63328197226502,51,231,46,
1299.0,53.88760585065435,41,863,20,
799.0,50.06257822277848,24,286,3,
35415.0,23.80629676690668,45,219,99,
1799.0,73.59644246803781,45,219,5864,
2999.0,68.3561187062354,30,302,3,
1199.0,78.39866555462885,42,374,167,
3199.0,20.006251953735543,21,182,5864,
1499.0,53.36891260840561,53,179,27,
1998.0,62.51251251251251,43,413,5864,
390.0,0.0,40,209,299,
42860.0,9.090060662622491,40,421,211,
350.0,14.285714285714285,28,185,30,
499.0,0.0,20,496,1,
5500.0,18.181818181818183,42,216,3,
850.0,23.52941176470588,60,251,1,
599.0,33.3889816360601,42,212,5864,
629.0,64.3879173290938,39,207,6,
549.0,0.0,48,355,5864,1.0
1900.0,57.94736842105264,20,244,5864,
795.0,0.0,45,308,5864,
299.0,60.20066889632108,32,195,2,
949.0,50.05268703898841,42,211,314,1.0
500.0,20.0,18,165,5864,
4289.0,0.0,37,126,53,
1099.0,59.14467697907189,22,1738,5864,
599.0,33.3889816360601,42,213,38,
1999.0,90.54527263631816,26,181,19,
799.0,40.05006257822278,71,270,314,
1619.0,80.04941321803582,42,213,9,5.0
899.0,52.28031145717463,42,211,110,
2199.0,72.76034561164165,42,639,250,
1299.0,53.88760585065435,38,164,34,
529.0,0.0,39,351,7,
2585.0,18.181818181818183,54,143,2,
999.0,40.04004004004004,40,638,6,
31300.0,9.543130990415335,57,245,99,
2999.0,80.02667555851951,39,662,1,
2997.0,76.14280947614282,39,127,6,
399.0,12.531328320802004,65,477,299,
1499.0,20.08005336891261,42,220,5864,
1500.0,51.33333333333333,30,191,66,
599.0,52.08681135225376,39,638,1,
34813.0,25.00215436762129,59,249,3,
1120.0,11.696428571428571,31,191,1,
2399.0,60.44185077115465,26,474,5864,
540.0,35.37037037037037,73,220,5864,
999.0,40.04004004004004,35,199,5864,
935.0,20.0,41,213,4,
995.0,49.949748743718594,30,189,5,
899.0,0.0,45,771,5864,
325.0,7.6923076923076925,24,240,41,
899.0,66.62958843159066,31,341,71,
3500.0,61.42857142857143,45,172,5,
2000.0,50.05,69,267,5,
1099.0,50.04549590536852,34,1422,3,
799.0,50.06257822277848,49,227,5864,
850.0,50.0,36,201,314,
4900.0,67.36734693877551,39,210,469,
499.0,74.9498997995992,39,209,5864,
399.0,37.59398496240601,75,297,1,
849.0,73.4982332155477,31,190,34,
900.0,41.66666666666667,21,176,5864,
599.0,33.3889816360601,42,213,38,
999.0,70.07007007007007,23,674,1,
450.0,11.11111111111111,46,221,5,
599.0,8.180300500834726,53,175,5864,
1299.0,69.28406466512702,33,195,20,
600.0,58.5,58,247,1,
1999.0,15.70785392696348,58,1024,144,
1080.0,67.68518518518518,35,198,110,
500.0,55.00000000000001,28,190,48,
199.0,25.125628140703515,59,247,35,
285.0,0.0,38,273,1,
2800.0,67.14285714285714,36,203,469,
598.0,33.27759197324415,26,183,73,
1420.0,50.77464788732394,28,187,288,
40299.0,20.00049629023053,56,243,132,
950.0,47.368421052631575,55,335,1,
499.0,0.0,47,327,1,
799.0,53.69211514392991,18,854,18,
4200.0,67.14285714285714,40,212,469,
499.0,63.32665330661322,47,225,1,
12999.0,46.22663281790907,61,754,1,
499.0,10.02004008016032,53,193,5864,
849.0,60.07067137809188,37,212,5864,
2400.0,35.0,72,390,2,
740.0,50.0,56,257,5864,
1000.0,58.4,154,1869,2,
850.0,61.76470588235294,22,401,21,
1220.0,50.81967213114754,30,1789,66,
2099.0,47.6417341591234,36,1393,2,
1040.0,47.11538461538461,31,1735,2,
960.0,0.0,57,434,1,
840.0,0.0,16,763,3,
999.0,34.93493493493494,85,301,4,
2890.0,69.20415224913495,41,687,8,
2195.0,34.806378132118446,29,118,23,
1060.0,10.0,62,225,3,
2470.0,23.11740890688259,51,1697,1,
2418.0,21.67080231596361,26,181,19,
999.0,60.06006006006006,38,520,1,
999.0,58.95895895895896,43,817,155,
1499.0,33.3555703802535,83,209,1,
5199.0,30.775149067128293,24,994,1,5.0
899.0,44.493882091212456,36,450,3,
698.0,50.0,49,232,5864,
1854.0,68.77022653721683,24,214,5864,
1999.0,15.70785392696348,44,1017,144,
1999.0,15.70785392696348,44,1012,144,
48337.0,22.02867368682376,58,247,99,
800.0,52.625,22,560,299,
390.0,11.538461538461538,35,182,5864,
2450.0,62.44897959183674,36,203,469,
899.0,44.493882091212456,69,1013,5,
980.0,50.0,87,303,53,
799.0,40.05006257822278,44,134,5864,
3899.0,70.53090536034881,35,1235,2,
999.0,54.95495495495496,22,173,5,
749.0,49.39919893190921,62,260,29,
2398.0,50.0,26,965,6,
990.0,52.92929292929293,38,1597,11,
1899.0,79.83149025803054,22,229,3,
1725.0,59.71014492753624,39,208,5864,
899.0,60.06674082313682,38,205,5864,
1200.0,75.08333333333333,40,209,1,
1200.0,50.0,44,216,5864,
998.0,50.0,27,777,73,
995.0,57.286432160804026,38,205,288,
648.0,3.5493827160493825,52,667,1,
999.0,50.05005005005005,39,208,5864,
649.0,0.0,29,223,5,
549.0,54.644808743169406,53,1097,155,
550.0,43.63636363636363,30,148,3,
1699.0,47.08652148322543,57,1321,8,
499.0,30.060120240480963,39,219,5864,
1950.0,12.82051282051282,25,152,1,
696.0,21.551724137931032,73,794,8,
699.0,28.61230329041488,40,207,5864,
899.0,64.40489432703004,99,1433,6,
4999.0,50.01000200040008,68,1380,25,
650.0,54.0,30,816,5864,
32744.0,21.997923283655023,55,396,99,
349.0,29.799426934097426,24,177,27,
999.0,60.06006006006006,37,203,5864,3.0
788.0,36.6751269035533,45,1027,14,
499.0,54.90981963927856,52,1458,17,
490.0,18.367346938775512,28,185,299,5.0
6999.0,61.43734819259894,28,1107,1,
1599.0,59.41213258286429,33,254,13,
781.0,41.2291933418694,29,1025,10,
1099.0,63.69426751592356,39,209,5864,
4999.0,26.185237047409483,37,163,13,
239.0,16.736401673640167,48,188,5864,
1199.0,0.0,25,166,5864,
375.0,25.333333333333336,54,194,5864,
499.0,45.89178356713427,38,208,314,5.0
799.0,50.06257822277848,42,221,314,
499.0,64.92985971943888,34,1445,5864,
395.0,25.063291139240505,26,552,5864,
2799.0,20.00714540907467,31,202,5864,
449.0,44.543429844098,51,349,5864,
1040.0,50.96153846153846,30,191,66,
2004.0,32.684630738522955,79,1402,1,
849.0,58.89281507656066,39,206,71,5.0
125.0,24.0,40,208,1,
398.0,4.522613065326634,47,194,5864,
599.0,71.95325542570951,51,152,2,
34852.0,28.655457362561688,53,237,211,
590.0,45.932203389830505,19,702,5,
23284.0,25.69146194811888,48,227,211,
43938.0,20.000910373708408,53,237,132,
1999.0,0.0,16,170,5864,5.0
2980.0,28.02013422818792,19,755,2,
899.0,55.61735261401557,37,661,85,
695.0,20.863309352517987,26,114,5,
1630.0,73.68098159509202,36,201,41,
1400.0,41.42857142857143,19,347,2,
2760.0,15.03623188405797,41,214,4,3.0
3875.0,64.51612903225806,59,247,20,
335.0,20.0,34,181,5864,3.0
2199.0,72.76034561164165,42,639,250,
999.0,50.05005005005005,60,661,2,5.0
1500.0,53.400000000000006,36,1880,3,
599.0,16.69449081803005,62,443,25,
529.0,43.47826086956522,42,193,2,
799.0,0.0,21,180,5864,
1080.0,50.92592592592593,30,191,66,
2049.0,37.042459736456806,37,779,23,
1299.0,42.34026173979984,34,199,5864,
499.0,49.8997995991984,31,161,5864,5.0
699.0,40.05722460658083,37,203,5864,
700.0,50.0,29,187,2,
1049.0,63.870352716873214,31,341,9,
5800.0,36.37931034482759,68,284,5864,
999.0,70.07007007007007,23,198,1,
39780.0,29.18049270990448,46,165,26,
1600.0,40.0,24,536,1,
699.0,35.7653791130186,46,280,20,
359.0,0.0,73,213,5864,
399.0,57.393483709273184,50,159,1,
4900.0,67.36734693877551,40,212,469,
2600.0,65.42307692307693,36,201,1,
499.0,60.120240480961925,35,761,5864,
1797.0,75.01391207568169,35,199,41,
999.0,0.0,27,183,5864,
570.0,0.0,43,190,5864,
1185.0,29.957805907173,24,176,5864,5.0
950.0,65.78947368421053,70,269,25,
1999.0,33.36668334167084,61,150,95,
1099.0,60.41856232939036,42,213,72,
999.0,30.03003003003003,48,180,5864,
129.0,23.25581395348837,49,188,5864,
1399.0,0.0,22,308,5864,
349.0,14.326647564469914,26,309,36,
1000.0,61.5,27,183,6,
2898.0,50.0,42,997,6,
449.0,0.0,34,198,5864,
1699.0,47.08652148322543,51,1302,8,
3650.0,49.31506849315068,48,1114,3,
899.0,55.61735261401557,37,202,100,
499.0,60.120240480961925,28,352,35,
1040.0,47.11538461538461,42,213,38,
2199.0,72.76034561164165,42,639,250,
500.0,48.2,43,253,22,
459.0,56.644880174291934,118,1365,74,
7695.0,0.0,59,746,8,
445.0,40.0,22,173,33,
1838.0,60.01088139281829,52,233,10,
699.0,55.07868383404863,47,223,46,
1299.0,0.0,25,171,3,4.0
1399.0,50.10721944245889,16,171,5864,
4200.0,67.14285714285714,41,214,469,
699.0,49.92846924177397,38,204,5864,
2499.0,40.01600640256102,30,1131,6,
900.0,55.66666666666666,29,192,5864,
2299.0,13.049151805132666,14,171,1,
895.0,7.82122905027933,47,353,5864,4.0
6000.0,79.80000000000001,40,641,9,
1499.0,60.04002668445631,50,255,8,5.0
699.0,50.07153075822603,36,205,288,
1999.0,25.012506253126567,46,1182,27,
1999.0,33.36668334167084,61,150,95,
1035.0,9.27536231884058,73,275,29,
3150.0,57.14285714285714,38,208,469,
2998.0,60.00667111407605,29,171,6,
1499.0,65.04336224149434,45,458,1,
1797.0,75.01391207568169,35,199,41,
3150.0,20.0,17,158,5864,
2199.0,72.76034561164165,44,641,250,
1599.0,38.71169480925579,46,134,1,
390.0,30.256410256410252,78,225,5864,3.3
28963.0,0.0,55,498,16,
720.0,0.0,21,161,12,
649.0,23.112480739599384,38,207,1,
1749.0,55.00285877644369,44,128,314,
8650.0,25.028901734104046,97,326,33,
2499.0,9.963985594237696,29,197,5864,
700.0,28.57142857142857,25,406,1,
2279.0,44.75647213690215,48,1081,2,
418.0,4.545454545454546,24,171,5864,
6129.0,28.226464349812368,40,167,8,3.4
720.0,64.86111111111111,37,479,54,
2800.0,67.14285714285714,39,209,469,
700.0,57.285714285714285,44,302,155,
650.0,54.0,29,815,5864,
600.0,43.333333333333336,38,216,41,
599.0,8.347245409015025,21,109,9,
3150.0,57.14285714285714,42,216,469,
999.0,20.12012012012012,41,211,5864,
600.0,55.00000000000001,35,211,2,
999.0,70.07007007007007,22,616,5864,
6499.0,52.00800123095861,48,245,5864,
2695.0,50.01855287569573,39,229,8,
1990.0,59.84924623115578,63,763,1,
6000.0,54.53333333333333,30,992,141,
599.0,16.69449081803005,60,443,25,
600.0,55.16666666666666,53,235,6,3.6
1499.0,56.70446964643096,41,897,21,
1399.0,72.90922087205146,59,729,155,
299.0,33.44481605351171,81,1089,1,
4900.0,67.36734693877551,45,222,469,
699.0,14.30615164520744,61,446,25,
599.0,55.09181969949917,44,865,6,
5499.0,45.46281142025824,53,142,5,
1100.0,18.272727272727277,19,479,2,
300.0,10.0,51,191,5864,
999.0,60.06006006006006,41,211,11,
1999.0,66.2831415707854,34,403,2,
949.0,69.54689146469968,37,216,9,
480.0,0.0,28,593,5,
469.0,18.763326226012797,46,221,299,
2700.0,29.629629629629623,34,198,1,
399.0,59.89974937343359,30,188,20,
1049.0,63.870352716873214,31,341,100,
1799.0,0.0,20,179,5864,
150.0,26.666666666666668,48,188,5864,
1249.0,8.00640512409928,23,183,5864,
10796.0,50.91700629862912,28,218,288,
699.0,64.37768240343348,34,226,2,
500.0,60.2,31,212,1,
1150.0,55.21739130434783,50,628,4,
2985.0,70.01675041876047,21,315,26,
1499.0,66.711140760507,17,157,5864,1.0
309.0,0.0,83,511,2,
1099.0,50.227479526842586,28,185,5864,
399.0,60.15037593984962,39,1272,21,
1700.0,67.64705882352942,40,211,30,
4900.0,67.36734693877551,43,218,469,
525.0,24.952380952380956,26,194,5864,
799.0,50.06257822277848,47,371,5864,
43481.0,16.667049975851523,48,227,211,
1490.0,50.0,16,156,5864,
430.0,16.27906976744186,28,185,299,
649.0,50.077041602465336,42,217,314,
1017.0,70.59980334316617,20,169,19,
370.0,43.24324324324324,16,163,5864,1.0
2999.0,50.01667222407469,52,1402,2,
499.0,60.120240480961925,30,756,5864,
1899.0,0.0,60,750,5,
3325.0,55.037593984962406,26,167,5864,
349.0,20.05730659025788,71,271,299,
1500.0,51.33333333333333,30,191,66,
1199.0,25.0208507089241,41,625,2,
599.0,0.0,28,116,15,1.0
41807.0,28.703327194010576,58,247,211,
999.0,65.06506506506507,44,366,2,
600.0,50.0,36,1429,5,
999.0,70.07007007007007,60,806,1,
349.0,12.607449856733524,35,199,3,
399.0,63.65914786967418,78,1445,1,
999.0,55.05505505505506,36,206,5864,
499.0,19.639278557114228,28,185,299,
899.0,73.41490545050056,33,1661,3,
899.0,72.30255839822024,41,210,20,
3150.0,57.14285714285714,37,206,469,
1099.0,30.02729754322111,46,221,5864,
2997.0,66.66666666666666,24,166,5,
598.0,50.0,49,645,5864,
1149.0,20.017406440382945,22,545,299,
7490.0,0.0,50,177,22,2.5
1090.0,0.0,45,222,2,
2999.0,66.68889629876625,41,1001,30,
499.0,44.88977955911824,53,421,5,
1398.0,64.30615164520745,20,179,5864,4.0
2199.0,72.76034561164165,42,639,250,
999.0,75.07507507507508,59,997,13,
20717.0,0.0,74,635,16,
1795.0,77.7715877437326,34,197,5864,
900.0,13.555555555555555,62,1084,141,
899.0,50.055617352614014,37,203,5864,
1499.0,53.36891260840561,36,200,5864,
1799.0,72.26236798221234,59,262,54,
599.0,49.91652754590985,39,216,5864,
2100.0,60.0,37,203,5864,
1059.0,43.437204910292735,39,208,5864,5.0
4999.0,30.006001200240046,48,362,6,
499.0,50.1002004008016,47,223,13,
1200.0,59.16666666666666,41,224,5864,
2499.0,44.017607042817126,33,3324,7,
280.0,14.285714285714285,27,183,4,
195.0,0.0,47,223,5864,
11393.0,5.020626700605635,73,277,8,
6100.0,26.229508196721312,37,613,6,
360.0,8.61111111111111,25,172,5864,
1550.0,51.2258064516129,29,182,5864,
699.0,71.5307582260372,53,234,5864,
2700.0,48.14814814814815,46,148,5864,
2999.0,75.02500833611204,70,196,1,
44049.0,29.99841086063248,70,243,22,
1999.0,17.45872936468234,34,200,5864,
400.0,0.0,37,205,12,
899.0,55.61735261401557,43,220,167,
798.0,50.0,57,849,12,
2499.0,60.024009603841534,45,145,5864,
3599.0,0.0,37,618,21,
499.0,54.90981963927856,38,173,5864,
699.0,32.04577968526466,50,1124,5,
999.0,50.05005005005005,34,875,4,5.0
799.0,60.075093867334175,32,869,36,1.0
499.0,0.0,15,155,5864,
470.0,0.0,40,492,299,
699.0,42.91845493562232,34,124,314,
1799.0,0.0,56,244,5,
990.0,13.131313131313131,46,221,6,
2100.0,50.0,34,573,15,
1999.0,15.70785392696348,46,533,144,
499.0,55.11022044088176,58,167,3,4.0
3699.0,28.386050283860506,58,715,1,
2812.0,59.992887624466576,37,217,1,
1186.0,70.57335581787521,31,191,6,
775.0,6.451612903225806,42,352,5864,
1400.0,4.0,66,219,5864,3.8
500.0,30.0,24,877,141,
490.0,24.489795918367346,28,185,299,
1299.0,38.49114703618168,34,199,1,
3450.0,42.05797101449275,41,168,26,4.2
35356.0,19.999434325149902,54,239,8,
6000.0,79.80000000000001,40,1455,9,
1900.0,65.78947368421053,26,600,5,
9999.0,33.5033503350335,29,285,7,
1599.0,34.39649781113196,49,513,27,
1490.0,53.28859060402685,41,226,5864,
2199.0,72.76034561164165,44,641,250,
450.0,0.0,39,207,5864,
399.0,25.062656641604008,29,561,8,
499.0,10.02004008016032,27,183,37,
465.0,9.89247311827957,34,197,37,
699.0,64.37768240343348,43,214,34,
1499.0,50.03335557038026,32,197,5864,
4200.0,67.14285714285714,41,214,469,
280.0,7.142857142857142,71,399,1,
499.0,64.92985971943888,50,231,5864,
275.0,9.090909090909092,19,167,30,
597.0,28.8107202680067,39,186,5864,
1299.0,38.49114703618168,28,186,5864,
799.0,71.8397997496871,41,351,71,
2699.0,61.133753241941456,53,238,5864,
42458.0,29.513872532856,48,225,99,
47261.0,29.309578722413832,49,227,99,
1450.0,58.689655172413794,48,225,13,
998.0,80.06012024048096,35,199,19,
349.0,57.306590257879655,29,117,18,
899.0,0.0,50,356,5864,4.7
699.0,42.91845493562232,32,193,34,
1400.0,50.78571428571429,29,193,5864,
795.0,0.0,41,253,5864,
600.0,45.83333333333333,61,253,3,
699.0,0.0,38,203,5864,
1000.0,70.1,25,180,155,4.0
1749.0,37.04974271012007,37,801,23,
4488.0,60.00445632798574,27,196,5864,
499.0,52.104208416833664,42,602,5864,
4900.0,67.36734693877551,37,206,469,
599.0,41.736227045075125,32,1266,36,
1680.0,73.27380952380952,36,672,41,4.0
995.0,0.0,19,159,5864,
599.0,0.0,47,224,5864,
259.0,3.861003861003861,48,188,5864,
350.0,14.571428571428571,48,264,5864,
499.0,40.08016032064128,26,634,1,5.0
501.0,0.0,19,172,5864,
499.0,10.02004008016032,16,472,5864,
1649.0,72.77137659187386,33,197,5864,3.0
1900.0,84.73684210526315,45,329,5864,
1499.0,76.71781187458305,45,406,5,
1799.0,11.11728738187882,38,208,2,
599.0,33.3889816360601,40,1050,3,
349.0,0.0,50,497,22,
850.0,50.0,40,209,288,4.0
1200.0,59.16666666666666,41,222,5864,
1099.0,60.05459508644222,37,211,5864,
999.0,0.0,64,335,4,
3395.0,30.04418262150221,31,191,5864,
810.0,33.95061728395062,24,177,6,
1099.0,54.5950864422202,62,262,5864,
875.0,30.28571428571429,42,194,5864,
399.0,54.88721804511278,64,256,20,
2106.0,50.18993352326686,37,189,5864,
599.0,33.3889816360601,36,202,5864,
4900.0,67.36734693877551,38,208,469,
459.0,56.644880174291934,112,1341,74,
1965.0,29.974554707379134,30,189,5864,3.7
4875.0,42.58461538461538,23,396,3,
1429.0,20.01399580125962,39,210,83,
989.0,0.0,24,178,5864,
1999.0,40.0200100050025,36,997,2,
295.0,0.0,75,281,5864,
394.0,0.0,51,198,5864,
200.0,0.0,30,619,1,4.0
1000.0,55.00000000000001,49,435,2,
2305.0,15.010845986984815,37,204,1,
999.0,50.05005005005005,41,164,14,
999.0,70.07007007007007,22,616,5864,
640.0,49.21875,54,152,53,
949.0,20.12644889357218,37,209,5864,
999.0,66.66666666666666,32,193,5,
1500.0,66.73333333333333,18,844,2,
1199.0,58.38198498748957,35,791,1,
699.0,42.91845493562232,32,174,34,
1499.0,53.36891260840561,47,223,5864,
3150.0,57.14285714285714,36,204,469,
299.0,69.89966555183946,58,204,5864,
790.0,65.82278481012658,72,2274,10,
3150.0,57.14285714285714,41,214,469,
1895.0,20.0,42,214,5864,
1299.0,23.094688221709006,39,209,28,
3000.0,36.7,38,753,1,
1199.0,58.38198498748957,19,191,5864,
995.0,10.050251256281408,52,347,5864,
720.0,64.86111111111111,37,479,48,
900.0,44.55555555555556,22,1668,3,
775.0,48.516129032258064,23,175,34,
599.0,50.08347245409015,52,238,5864,
549.0,20.036429872495447,45,857,7,
34829.0,20.99974159464814,44,219,18,
699.0,0.0,25,469,15,
2600.0,32.69230769230769,39,1103,41,
899.0,29.92213570634038,50,229,5864,
3600.0,44.5,40,283,141,
1649.0,0.0,22,181,5864,
4900.0,67.36734693877551,38,208,469,
1899.0,0.0,63,266,5864,
650.0,54.0,42,222,1,
950.0,26.31578947368421,68,483,10,
799.0,50.06257822277848,69,565,5864,
850.0,10.0,27,391,3,
399.0,0.0,28,185,21,
1399.0,0.0,16,312,12,
999.0,40.04004004004004,35,199,5864,
1285.0,2.178988326848249,80,292,2,
949.0,0.0,45,404,7,
39999.0,37.50093752343809,39,3296,3,
450.0,0.0,28,185,8,
600.0,55.00000000000001,35,206,100,
899.0,66.74082313681868,45,221,3,
399.0,39.849624060150376,34,197,30,
599.0,20.03338898163606,26,753,36,2.2
998.0,55.01002004008016,39,193,100,
5999.0,0.0,60,416,2,
790.0,68.48101265822784,45,171,5,
1800.0,40.0,32,1081,9,
599.0,51.75292153589316,44,559,4,
799.0,53.81727158948686,19,172,5864,
540.0,10.0,38,972,2,
3999.0,57.51437859464866,53,179,37,
37492.0,24.533233756534727,48,389,99,
799.0,37.546933667083856,33,202,288,
939.0,0.0,41,445,1,
1000.0,50.5,30,191,26,
1390.0,60.0,44,216,5864,
1699.0,40.02354326074161,47,235,5864,
650.0,54.0,29,815,5864,
1000.0,70.1,28,510,155,
599.0,58.43071786310517,13,2081,5864,
999.0,0.0,20,169,5864,
899.0,55.61735261401557,50,243,167,1.0
1499.0,63.37558372248166,51,1394,45,
500.0,30.6,24,856,141,
1199.0,70.89241034195163,35,905,155,
2599.0,73.14351673720661,53,1197,3,
999.0,50.05005005005005,51,231,8,
4200.0,67.14285714285714,40,212,469,
9200.0,30.0,39,210,1,
899.0,66.74082313681868,41,211,12,
46500.0,45.13978494623656,20,316,25,
850.0,2.941176470588235,34,888,2,
2989.0,60.02007360321178,59,1726,5,
999.0,67.06706706706707,37,202,314,
4999.0,20.004000800160032,46,226,5864,
2199.0,72.76034561164165,42,639,250,
999.0,60.06006006006006,37,347,100,
599.0,33.3889816360601,48,225,5864,
15000.0,0.0,51,235,9,
1499.0,64.04269513008673,79,1065,27,
7999.0,0.0,37,364,2,
700.0,35.85714285714286,28,187,1,
2288.0,30.026223776223777,26,194,5864,1.8
2450.0,62.44897959183674,37,205,469,
150.0,16.666666666666664,48,188,5864,
2490.0,0.0,16,157,5864,
749.0,26.702269692923892,26,190,5864,
3150.0,57.14285714285714,42,216,469,
465.0,35.6989247311828,44,217,40,
1145.0,13.100436681222709,20,267,4,
699.0,14.30615164520744,66,454,25,
46177.0,19.999133767893102,63,257,132,
410.0,0.0,40,584,299,
1599.0,56.28517823639775,31,171,5864,
1499.0,40.0266844563042,38,605,3,
499.0,60.120240480961925,37,205,5864,
999.0,60.06006006006006,44,524,54,
399.0,48.370927318295735,62,677,1,
2895.0,41.3126079447323,64,191,101,
399.0,0.0,45,219,35,
999.0,60.16016016016016,42,318,6,
2199.0,72.76034561164165,42,639,250,
6599.0,77.28443703591454,33,381,14,
400.0,5.5,67,263,13,
6500.0,23.09230769230769,55,953,1,
2490.0,39.95983935742972,33,945,5,
999.0,0.0,21,171,5864,
1550.0,51.2258064516129,29,729,5864,
599.0,8.180300500834726,55,281,5864,
1599.0,62.53908692933084,32,549,14,
3425.0,18.27737226277372,20,147,41,
960.0,48.95833333333333,69,267,53,
43215.0,29.16579891241467,47,225,211,
999.0,50.05005005005005,46,226,314,
1199.0,50.0417014178482,65,642,4,
899.0,50.055617352614014,38,388,9,
1350.0,66.0,69,4303,14,
500.0,48.2,33,1118,22,
699.0,60.65808297567954,42,218,5864,
380.0,14.736842105263156,55,202,5864,
599.0,8.347245409015025,49,441,5864,5.0
800.0,56.375,52,231,5864,
499.0,55.11022044088176,47,223,46,
2890.0,69.20415224913495,41,211,8,
4599.0,50.01087192868015,38,206,5864,
1050.0,43.42857142857143,39,991,141,
4900.0,67.36734693877551,39,210,469,
570.0,29.82456140350877,43,214,5864,
4198.0,76.20295378751787,41,213,73,
800.0,58.875,34,197,167,
699.0,35.622317596566525,48,225,26,4.0
3799.0,13.161358252171624,53,316,5864,5.0
1499.0,8.67244829886591,29,156,12,1.0
1499.0,60.04002668445631,41,743,7,
2599.0,70.0269334359369,19,159,5864,
499.0,66.93386773547094,62,202,5864,
1099.0,91.71974522292994,54,238,1,
356.0,0.0,29,1487,3,
1198.0,24.958263772954925,49,453,5864,5.0
1299.0,42.34026173979984,34,199,5864,
999.0,10.01001001001001,18,170,5864,
650.0,48.46153846153846,36,206,288,
2999.0,66.68889629876625,43,131,2,
1599.0,0.0,37,212,5864,5.0
1999.0,33.36668334167084,61,150,95,
1199.0,60.05004170141785,47,224,5864,
1399.0,30.021443888491778,29,188,5864,
999.0,46.04604604604605,79,1538,1,
1999.0,55.02751375687844,31,157,1,
1149.0,47.86771105308964,61,263,5864,
750.0,0.0,44,716,26,
899.0,0.0,41,253,1,
700.0,0.0,33,471,5864,
500.0,20.200000000000003,56,421,3,
398.0,18.341708542713565,31,178,5864,5.0
3150.0,57.14285714285714,42,216,469,
41850.0,28.344086021505376,47,225,211,
1899.0,0.0,60,149,5,
1399.0,50.03573981415297,47,763,5864,
999.0,67.06706706706707,77,910,36,
399.0,50.125313283208015,54,171,1,2.0
999.0,60.06006006006006,43,585,100,
1080.0,0.0,30,375,1,
825.0,46.78787878787879,36,203,42,
1224.0,50.0,35,200,5864,
830.0,0.0,41,340,5864,4.0
1999.0,33.36668334167084,61,150,95,
1695.0,20.0,21,162,5864,
1898.0,0.0,34,200,1,
5329.0,15.012197410395949,38,263,1,
1250.0,0.0,45,1414,1,
1695.0,0.0,29,993,7,
1198.0,66.69449081803005,65,261,4,1.0
599.0,33.3889816360601,42,213,38,
299.0,16.722408026755854,48,188,5864,
525.0,33.523809523809526,26,464,5864,3.5
899.0,50.055617352614014,35,525,5864,
4900.0,67.36734693877551,45,222,469,
1010.0,10.0,42,398,2,
1790.0,40.0,17,158,5864,
629.0,36.56597774244833,74,277,299,
1299.0,15.396458814472672,40,129,2,
1400.0,0.0,28,1366,3,
2895.0,48.22107081174439,46,173,101,
600.0,63.0,23,175,2,
700.0,57.285714285714285,37,181,2,
190.0,47.89473684210526,29,188,1,
3600.0,61.77777777777778,41,934,4,
1759.0,79.59067652075042,39,207,299,
600.0,35.16666666666667,36,203,42,
4200.0,21.19047619047619,44,292,5864,4.0
740.0,50.0,56,670,5864,
989.0,4.044489383215369,13,338,2,
9000.0,30.0,55,183,17,4.0
20574.0,20.00097210070963,52,397,132,
1000.0,50.0,43,215,15,
6677.0,0.0,29,96,4,
1099.0,52.77525022747953,43,800,12,
800.0,58.875,34,197,167,
1399.0,20.08577555396712,42,215,5864,
625.0,40.0,37,203,5864,
1299.0,37.72132409545805,34,210,11,
6861.0,0.0,29,200,4,
900.0,19.444444444444446,31,191,1,
39955.0,24.94556375922913,49,229,211,
2999.0,60.02000666888962,59,148,7,
749.0,53.40453938584779,67,1005,5,
1040.0,47.11538461538461,34,968,12,
1999.0,35.01750875437719,19,176,5864,
1495.0,59.86622073578596,41,218,5864,
1599.0,37.023139462163854,37,807,23,
2890.0,74.08304498269896,29,192,5864,5.0
3999.0,50.01250312578145,33,253,53,
249.0,0.0,19,523,2,
1500.0,52.53333333333333,40,128,2,
850.0,6.235294117647059,33,195,5864,
1150.0,0.0,46,306,5,
1399.0,58.89921372408864,61,507,1,
1999.0,15.70785392696348,58,1025,144,
899.0,50.055617352614014,35,525,5864,
598.0,33.27759197324415,26,183,73,
2690.0,60.0,38,246,1,
2199.0,72.76034561164165,42,639,250,
699.0,49.92846924177397,38,205,5864,
2795.0,0.0,39,217,5864,
499.0,20.04008016032064,19,175,5864,
24954.0,22.104672597579547,41,213,211,
4900.0,67.36734693877551,41,214,469,
799.0,38.79849812265332,33,197,4,
1500.0,86.73333333333333,47,338,4,
525.0,0.0,39,186,5864,
2200.0,54.59090909090909,13,1363,5864,
615.0,20.48780487804878,46,1584,1,
1280.0,61.01562499999999,69,269,5864,
31125.0,15.000803212851404,43,217,25,
1200.0,59.0,40,175,5864,4.2
1799.0,57.809894385769866,30,579,12,
299.0,34.78260869565217,22,173,33,3.0
360.0,11.11111111111111,31,178,5864,
1299.0,23.094688221709006,27,185,15,
37917.0,28.28282828282828,49,229,211,
698.0,50.0,49,234,5864,
1164.0,66.66666666666666,39,547,6,
1500.0,52.53333333333333,41,129,2,
499.0,60.120240480961925,30,756,5864,
999.0,50.05005005005005,18,322,1,
999.0,50.05005005005005,27,183,7,
1200.0,45.16666666666666,28,1801,4,
1600.0,0.0,13,326,3,
63.0,9.523809523809524,34,198,2,
309.0,59.54692556634305,39,206,71,5.0
999.0,65.06506506506507,43,220,48,4.0
1200.0,0.0,35,202,18,
830.0,62.048192771084345,41,173,53,
1299.0,30.792917628945343,41,317,9,
1150.0,0.0,45,305,5,
2895.0,48.22107081174439,40,167,101,
1599.0,90.6816760475297,40,210,167,
599.0,33.3889816360601,66,175,6,
2500.0,44.2,38,245,5864,
330.0,9.090909090909092,26,173,5864,
899.0,50.055617352614014,40,208,5864,5.0
12500.0,54.856,70,3307,5,
399.0,0.0,38,238,7,
850.0,41.294117647058826,33,203,5864,
1399.0,64.33166547533953,57,1040,6,
1199.0,70.89241034195163,38,1069,3,
1999.0,30.01500750375188,39,210,28,
699.0,14.30615164520744,21,645,9,
598.0,50.0,49,228,5864,
899.0,54.94994438264739,45,218,5864,
925.0,13.62162162162162,56,289,5864,
899.0,0.0,25,216,2,
320.0,6.5625,43,338,6,
900.0,27.88888888888889,105,341,7,
1299.0,65.43494996150885,50,304,1,
950.0,52.63157894736842,20,146,2,
1799.0,40.02223457476376,42,214,5864,
699.0,65.80829756795423,32,193,44,
1220.0,50.81967213114754,30,191,66,
2925.0,0.0,59,505,1,
995.0,0.0,78,230,5864,
649.0,77.04160246533128,29,188,85,
249.0,40.16064257028113,35,201,2,
680.0,5.88235294117647,72,437,4,
299.0,40.13377926421405,75,215,5864,5.0
5299.0,54.70843555387809,29,595,18,
899.0,0.0,46,293,7,
675.0,0.0,25,179,5864,
1299.0,30.023094688221708,20,160,5864,
699.0,28.61230329041488,20,169,1,
8995.0,16.67593107281823,63,337,5864,5.0
1933.0,71.0812209001552,53,235,7,
549.0,25.136612021857925,55,388,22,
7794.0,56.38953040800616,61,254,27,
399.0,25.062656641604008,47,187,5864,
2500.0,0.0,28,376,1,
1250.0,40.0,74,2484,15,
999.0,67.06706706706707,71,886,36,
450.0,17.77777777777778,34,197,299,
2399.0,83.36807002917882,44,217,4,
1399.0,53.609721229449605,17,395,7,
527.0,33.776091081593925,22,390,8,
1899.0,60.55818852027382,25,180,5864,
7638.0,44.749934537837134,20,316,25,
499.0,62.12424849699399,61,253,20,
2999.0,56.68556185395131,59,148,7,
799.0,40.05006257822278,33,189,5864,4.0
5000.0,16.0,60,908,9,
2800.0,67.14285714285714,43,217,469,
1395.0,74.91039426523297,73,452,5864,
1699.0,50.02942907592701,51,377,288,
440.0,22.727272727272727,21,171,299,
299.0,33.44481605351171,51,231,35,
10796.0,50.91700629862912,28,208,288,
999.0,65.06506506506507,35,215,3,
24067.0,24.976108364150083,54,239,211,
599.0,38.39732888146912,48,661,2,
450.0,35.77777777777777,52,895,18,
2999.0,58.38612870956985,65,556,2,4.2
265.0,30.18867924528302,57,197,5864,
899.0,66.74082313681868,43,216,5864,
2000.0,20.05,39,612,59,
999.0,67.06706706706707,66,866,36,
699.0,55.793991416309005,41,211,167,
899.0,50.055617352614014,50,228,5864,
699.0,71.5307582260372,33,197,9,
499.0,82.16432865731463,45,219,155,
599.0,68.44741235392321,44,726,1,
799.0,67.45932415519398,45,696,6,
399.0,50.125313283208015,37,203,18,
1499.0,60.04002668445631,19,584,1,
2999.0,66.68889629876625,41,1002,30,
800.0,30.0,33,237,1,
4200.0,67.14285714285714,39,210,469,
469.0,31.76972281449893,70,269,299,
549.0,13.114754098360656,38,207,5,
1225.0,35.10204081632653,34,1836,1,
107750.0,0.0,64,430,5864,
799.0,50.06257822277848,40,209,5864,
1999.0,15.70785392696348,59,1782,144,
799.0,0.0,38,601,2,
499.0,60.92184368737475,49,955,3,
1499.0,63.37558372248166,51,1394,45,
1199.0,58.38198498748957,61,301,79,
700.0,60.71428571428571,38,241,5864,
870.0,41.14942528735632,63,255,1,
1000.0,60.1,29,187,40,
2100.0,50.0,34,569,15,
699.0,40.2002861230329,46,1604,5864,
2299.0,47.84688995215311,87,1519,6,
999.0,74.97497497497497,45,221,17,
475.0,10.526315789473683,27,183,26,
500.0,15.0,30,194,5864,
1999.0,15.70785392696348,63,1031,144,
1350.0,25.037037037037035,36,163,4,
6246.0,0.0,24,79,1,
40965.0,28.280239228609787,47,225,211,
2199.0,72.76034561164165,44,641,250,
769.0,56.69700910273082,21,171,299,
3920.0,40.0,43,205,2,
245.0,0.0,23,151,2,
2448.0,8.169934640522875,42,178,5864,
499.0,25.0501002004008,21,176,5864,
2895.0,41.3126079447323,64,191,101,
500.0,48.2,37,1130,22,
1499.0,66.711140760507,29,188,5864,
800.0,50.125,48,225,34,
499.0,64.92985971943888,33,1444,5864,
399.0,26.065162907268167,47,187,5864,
1510.0,0.0,44,220,1,
3199.0,50.01562988433885,14,220,2,
129.0,23.25581395348837,42,181,5864,
2499.0,44.017607042817126,33,3324,7,
1299.0,61.73979984603542,49,232,288,
3250.0,12.0,96,324,9,
949.0,50.05268703898841,42,213,314,
999.0,60.06006006006006,21,171,2,
1490.0,10.0,52,1461,11,
1999.0,15.70785392696348,44,1017,144,
3140.0,34.10828025477707,51,178,14,4.3
1200.0,66.75,26,181,100,
1599.0,6.316447779862414,32,193,19,
1899.0,39.757767245918906,36,163,10,
1724.0,44.89559164733178,14,358,1,5.0
399.0,65.16290726817043,24,177,79,
249.0,20.080321285140563,36,241,42,
799.0,62.57822277847309,41,693,1,
699.0,46.924177396280406,38,164,2,2.5
1499.0,46.6977985323549,29,511,2,
1499.0,52.03468979319547,35,896,1,
300.0,5.333333333333334,28,185,299,
1299.0,34.64203233256351,34,199,5864,
1899.0,0.0,19,176,5864,
999.0,40.04004004004004,35,199,5864,
1000.0,60.1,26,108,6,
299.0,33.44481605351171,30,561,13,
799.0,50.06257822277848,38,210,288,
1199.0,50.0417014178482,41,213,14,
2150.0,51.16279069767442,29,271,1,
999.0,80.08008008008008,23,488,3,
1799.0,55.58643690939411,28,702,5864,
999.0,75.07507507507508,63,993,13,
999.0,70.07007007007007,13,165,5864,
1199.0,75.0625521267723,22,113,5864,
998.0,50.0,20,185,5864,
2999.0,69.02300766922308,51,2296,10,
899.0,78.64293659621802,67,268,6,
999.0,20.12012012012012,41,217,5864,
2499.0,68.02721088435374,41,998,30,
539.0,16.697588126159555,58,245,299,
1099.0,35.03184713375796,30,188,5864,
7850.0,36.318471337579616,42,532,1,
3300.0,63.66666666666667,24,496,14,
1140.0,0.0,51,234,2,
1200.0,50.083333333333336,49,652,1,
900.0,13.555555555555555,70,1092,141,
2799.0,53.59056806002144,18,175,5864,
1999.0,30.01500750375188,48,601,59,
945.0,49.73544973544973,64,257,29,
4550.0,45.53846153846154,45,171,13,1.0
399.0,0.0,47,223,35,
1399.0,60.04288777698356,48,618,2,
999.0,10.01001001001001,18,167,5864,
1199.0,30.025020850708923,45,219,5864,
2499.0,50.02000800320128,18,172,5864,
1500.0,51.33333333333333,30,191,66,
1999.0,0.0,30,645,3,
280.0,17.857142857142858,38,433,15,
314.0,4.777070063694268,56,180,1,
599.0,50.08347245409015,41,211,5864,5.0
598.0,33.27759197324415,26,183,73,
2199.0,72.76034561164165,44,641,250,
1599.0,50.03126954346466,39,448,6,
1900.0,68.94736842105263,47,225,5864,2.8
6599.0,75.76905591756326,33,381,14,
599.0,25.041736227045075,63,366,1,
699.0,60.08583690987125,30,451,1,
900.0,16.666666666666664,52,443,5864,
398.0,25.879396984924625,45,192,5864,
4999.0,50.01000200040008,72,199,25,
4900.0,67.36734693877551,46,224,469,
700.0,57.42857142857143,35,199,18,
999.0,50.05005005005005,36,207,314,
499.0,21.8436873747495,39,213,5864,
1199.0,79.232693911593,25,377,1,5.0
1600.0,45.5,28,187,5864,
449.0,35.4120267260579,47,187,5864,4.0
1995.0,59.94987468671679,26,181,5864,
1499.0,66.711140760507,33,579,5864,
1400.0,58.92857142857143,30,165,5864,
3100.0,45.483870967741936,27,1197,9,
499.0,45.69138276553106,62,1166,5,
499.0,64.92985971943888,34,1445,5864,
699.0,71.5307582260372,42,224,5864,
1400.0,50.0,65,259,4,
999.0,52.55255255255256,50,399,3,
1000.0,80.10000000000001,41,211,1,5.0
4900.0,67.36734693877551,41,214,469,
950.0,31.57894736842105,36,203,42,
599.0,68.44741235392321,47,187,5864,
1995.0,0.0,23,297,5864,5.0
1499.0,70.04669779853235,48,371,3,
450.0,2.666666666666667,32,161,5864,3.7
499.0,54.10821643286573,39,209,4,
2199.0,72.76034561164165,42,639,250,
2949.0,69.98982706002035,27,394,6,
375.0,26.666666666666668,54,194,5864,
1340.0,50.0,32,347,6,
2499.0,72.02881152460985,31,119,12,
29700.0,40.0,61,253,1,
380.0,22.36842105263158,31,178,5864,2.0
1399.0,78.77055039313795,37,208,288,5.0
1999.0,49.97498749374687,36,201,6,
649.0,61.63328197226502,51,360,46,
44187.0,19.99909475637631,48,227,132,
5599.0,0.0,35,124,53,
2399.0,50.02084201750729,65,513,11,
259.0,46.71814671814672,35,123,1,
649.0,0.0,33,801,34,
1599.0,40.21263289555972,19,159,5864,5.0
999.0,65.06506506506507,44,1009,2,
2999.0,50.01667222407469,33,528,17,
1199.0,58.38198498748957,39,169,155,
850.0,80.23529411764706,27,183,2,
24314.0,30.43514024841655,47,225,211,
840.0,40.595238095238095,20,169,5,
2299.0,52.196607220530666,49,227,5864,
999.0,65.06506506506507,47,187,5864,
2613.0,39.99234596249522,71,4467,5864,
44770.0,20.99843645298191,45,221,18,
1350.0,35.55555555555556,29,524,3,
3399.0,26.478375992939103,33,820,1,
330.0,2.121212121212121,52,204,5864,5.0
1999.0,50.025012506253134,43,417,6,
390.0,0.0,40,209,299,
940.0,0.0,29,187,299,
849.0,73.4982332155477,29,194,100,
999.0,80.28028028028028,41,211,19,
1099.0,50.955414012738856,40,254,1,
5299.0,50.95301000188714,69,270,1,
598.0,50.0,49,228,5864,
2700.0,63.0,51,233,3,
690.0,31.15942028985507,300,948,14,
1510.0,68.21192052980133,40,347,3,
1500.0,73.4,58,667,8,
850.0,14.705882352941178,20,146,41,
2995.0,16.52754590984975,16,143,3,
499.0,44.88977955911824,45,393,17,
1499.0,69.97998665777186,25,603,9,
1499.0,33.3555703802535,42,215,1,
2199.0,72.76034561164165,42,639,250,
2699.0,0.0,43,215,5864,
999.0,40.04004004004004,25,564,24,
4998.0,78.01120448179272,33,198,73,
360.0,2.7777777777777777,31,178,5864,
1900.0,47.42105263157895,35,199,4,
2495.0,61.96392785571142,59,662,17,
799.0,31.289111389236545,44,217,5864,
199.0,55.27638190954774,33,196,2,
599.0,72.62103505843072,54,983,74,
950.0,8.947368421052632,47,340,5864,4.0
1550.0,51.2258064516129,29,715,5864,
499.0,37.87575150300601,28,185,299,
1499.0,60.04002668445631,41,734,7,
2350.0,16.80851063829787,43,162,5864,
1199.0,58.38198498748957,43,214,110,
629.0,33.38632750397456,73,275,299,
1999.0,50.025012506253134,43,418,6,
799.0,38.79849812265332,36,203,4,
999.0,60.06006006006006,43,215,54,
1699.0,0.0,21,192,5864,
399.0,0.0,37,215,10,
1800.0,44.5,52,476,4,
255.0,29.411764705882355,47,220,5864,5.0
455.0,0.0,36,220,5864,
499.0,57.91583166332666,19,167,30,
1598.0,56.25782227784731,50,570,5864,
1999.0,40.0200100050025,53,142,1,
499.0,0.0,45,219,21,
500.0,48.2,31,1112,22,
849.0,73.4982332155477,29,339,71,
1999.0,80.040020010005,54,237,6,
3500.0,21.428571428571427,33,198,41,
799.0,40.05006257822278,40,214,5864,4.0
2998.0,76.58438959306204,55,1029,2,
2499.0,64.10564225690277,32,194,5864,5.0
1999.0,40.22011005502751,51,140,7,
2985.0,70.01675041876047,21,315,26,
995.0,50.050251256281406,45,324,1,
149.0,0.0,11,105,1,5.0
795.0,5.660377358490567,45,315,5864,5.0
2997.0,66.66666666666666,41,303,6,5.0
899.0,73.41490545050056,33,197,3,
899.0,50.055617352614014,39,537,5864,
3000.0,33.33333333333333,44,527,8,
1575.0,69.58730158730158,49,227,5864,
1980.0,77.52525252525253,77,283,13,
799.0,56.32040050062578,42,213,167,5.0
750.0,48.0,51,231,53,
299.0,69.89966555183946,54,200,5864,
749.0,50.06675567423231,56,883,1,
1499.0,56.70446964643096,52,235,5864,
1399.0,50.321658327376696,54,272,5,
2499.0,52.02080832332933,48,329,10,
500.0,15.0,30,187,5864,
1940.0,0.0,28,185,5864,
2199.0,31.832651205093228,57,1359,7,
999.0,67.96796796796797,40,210,30,
1999.0,70.03501750875438,29,117,12,
299.0,33.44481605351171,31,403,19,
1520.0,68.42105263157895,40,347,3,
249.0,8.032128514056225,37,203,40,
1039.0,0.0,41,217,5864,
359.0,66.85236768802228,41,655,22,
1999.0,20.01000500250125,35,202,2,
499.0,40.08016032064128,51,233,59,
285.0,0.0,57,245,5864,
1999.0,15.70785392696348,46,483,144,
1499.0,40.09339559706471,30,197,5864,
1040.0,47.11538461538461,35,1258,1,
1655.0,73.1117824773414,34,197,4,
4450.0,62.92134831460674,32,194,2,
8999.0,50.00555617290811,27,193,5864,
850.0,61.76470588235294,22,400,21,
504.0,29.761904761904763,70,666,8,
24040.0,40.93178036605657,53,180,17,4.4
1110.0,35.04504504504504,21,173,4,
2895.0,41.3126079447323,64,191,101,
435.0,19.54022988505747,41,862,2,
795.0,0.0,34,201,314,
1200.0,25.083333333333336,40,210,5864,
1095.0,45.662100456621005,61,1331,5864,
390.0,0.0,28,185,299,
499.0,40.08016032064128,51,335,10,
499.0,76.15230460921843,45,219,155,
1080.0,55.00000000000001,26,328,17,
299.0,33.44481605351171,41,211,35,
1299.0,77.13625866050808,33,196,288,
5200.0,7.6923076923076925,52,236,3,
1999.0,33.36668334167084,61,150,95,
1958.0,27.27272727272727,45,222,83,
850.0,53.05882352941177,36,200,20,5.0
599.0,16.69449081803005,22,178,5864,
6000.0,8.333333333333332,31,194,1,
1999.0,50.025012506253134,30,780,288,5.0
37375.0,15.00200668896321,46,223,25,
30679.0,28.43638971283288,45,221,26,
1699.0,58.85815185403178,25,434,3,
2500.0,48.0,13,140,28,3.7
4900.0,67.36734693877551,44,220,469,
1040.0,47.11538461538461,37,1011,12,
18800.0,35.0,46,225,31,1.0
2399.0,70.862859524802,30,190,5864,
1299.0,40.03079291762894,38,248,288,
999.0,50.05005005005005,37,204,314,3.0
3930.0,54.4529262086514,26,342,5864,
499.0,61.923847695390776,30,194,9,
995.0,9.547738693467336,51,233,1,
1999.0,33.36668334167084,61,150,95,
1499.0,56.03735823882589,47,153,5864,4.0
1199.0,60.05004170141785,23,367,2,
289.0,0.0,82,295,4,
999.0,47.44744744744745,34,359,1,
1399.0,14.295925661186562,38,206,1,
200.0,54.0,41,698,167,
899.0,64.40489432703004,83,1369,6,
899.0,0.0,43,287,7,
1399.0,53.609721229449605,17,399,7,
999.0,52.45245245245245,43,220,288,
799.0,50.06257822277848,39,211,5864,
600.0,8.5,36,203,15,
749.0,26.702269692923892,26,524,5864,
299.0,33.44481605351171,38,654,21,
3000.0,73.36666666666667,39,363,1,
458.0,56.55021834061136,29,815,5864,
1199.0,77.4812343619683,45,551,100,
2540.0,0.0,21,148,41,
1049.0,63.870352716873214,31,341,110,
6799.0,0.0,61,175,11,
349.0,28.653295128939828,40,164,1,5.0
798.0,50.0,28,1461,3,
850.0,61.76470588235294,22,390,21,
1899.0,0.0,38,459,7,
699.0,78.6838340486409,34,581,4,
999.0,50.05005005005005,45,889,3,
44504.0,20.16672658637426,66,261,99,
999.0,10.01001001001001,60,436,25,
3999.0,30.00750187546887,66,1644,1,
299.0,33.44481605351171,49,227,35,
1199.0,25.0208507089241,17,779,2,
2790.0,34.982078853046595,41,354,6,
399.0,30.57644110275689,41,383,5864,
469.0,0.0,21,171,299,
350.0,14.571428571428571,45,516,17,
2199.0,72.76034561164165,42,639,250,
949.0,68.38777660695469,29,186,71,
301.0,0.0,19,167,5864,
489.0,55.21472392638037,59,247,155,
599.0,33.3889816360601,32,191,5864,
1350.0,37.55555555555555,59,147,9,
899.0,50.055617352614014,17,248,1,
1490.0,0.0,25,190,5864,
699.0,35.7653791130186,23,175,1,
649.0,53.929121725731896,59,247,155,
665.0,44.51127819548872,48,1276,3,
3499.0,82.88082309231208,16,262,1,
499.0,20.04008016032064,29,561,8,
349.0,55.30085959885387,46,221,155,
46500.0,45.13978494623656,20,315,25,
1699.0,55.03237198351971,40,211,5864,4.0
2499.0,40.01600640256102,18,194,4,
599.0,54.92487479131887,53,198,5864,
2020.0,20.0,37,204,2,
616.0,35.22727272727273,33,195,8,
1299.0,77.82909930715935,28,383,4,
1958.0,27.27272727272727,45,222,83,
1118.0,10.644007155635062,28,185,6,
599.0,38.230383973288816,44,217,314,5.0
1099.0,52.77525022747953,54,850,12,
900.0,43.333333333333336,25,1134,6,
210.0,28.57142857142857,27,931,1,
46505.0,29.99892484679067,70,271,22,
47372.0,29.124799459596385,50,231,99,
1999.0,15.70785392696348,58,1025,144,
1199.0,58.38198498748957,17,401,7,
499.0,60.120240480961925,42,211,110,
4200.0,67.14285714285714,41,214,469,
800.0,56.25,25,521,5864,
1300.0,50.76923076923077,30,191,66,
360.0,8.055555555555555,28,175,5864,
999.0,65.06506506506507,88,306,85,
998.0,50.0,52,358,1,
9500.0,31.57894736842105,93,221,22,4.0
599.0,16.69449081803005,42,213,5864,5.0
309.0,45.9546925566343,28,185,299,
1040.0,47.11538461538461,52,2805,5864,2.0
1399.0,48.60614724803431,11,322,2,
399.0,57.64411027568922,63,1693,4,
480.0,30.625000000000004,82,293,299,
1399.0,69.26375982844888,36,1051,9,
1000.0,70.1,25,181,12,4.0
1299.0,23.094688221709006,39,209,28,
1795.0,0.0,27,184,5864,
1950.0,12.871794871794872,54,582,5864,
675.0,4.444444444444445,45,197,5864,
1299.0,76.98229407236336,26,181,7,
598.0,50.0,49,645,5864,
1149.0,69.62576153176676,41,216,5864,
2799.0,82.17220435869955,31,192,288,
699.0,42.91845493562232,39,776,3,
595.0,50.42016806722689,38,204,288,
910.0,0.0,25,180,5864,
3614.0,5.008301051466519,38,165,1,
999.0,59.95995995995996,44,217,8,
1400.0,76.42857142857142,32,361,1,
450.0,13.333333333333334,19,167,12,
1999.0,50.025012506253134,31,198,5864,
2999.0,50.01667222407469,28,194,5864,
399.0,0.0,38,106,5864,
1499.0,27.95196797865244,59,248,5864,
1999.0,30.01500750375188,24,186,5864,
1599.0,56.28517823639775,54,707,2,
1500.0,53.400000000000006,35,1878,3,
1699.0,70.62978222483814,38,207,288,
1999.0,50.025012506253134,34,890,1,
180.0,0.0,32,184,5864,
3195.0,78.12206572769954,28,542,5,3.6
1600.0,60.75000000000001,74,279,10,
499.0,64.92985971943888,35,201,5864,
899.0,74.972191323693,37,350,1,
3130.0,10.0,52,1441,11,
899.0,22.246941045606228,49,229,2,
1750.0,37.885714285714286,61,1476,141,
2500.0,24.4,35,202,41,
1700.0,48.70588235294117,26,236,10,
1999.0,59.979989994997496,40,209,15,
3499.0,80.02286367533581,35,214,5864,
549.0,0.0,50,506,22,
1199.0,8.340283569641366,33,233,5864,2.5
46671.0,19.99957146836365,57,245,132,
499.0,60.120240480961925,40,166,13,
3990.0,53.63408521303258,18,145,9,
1407.0,60.41222459132906,53,249,110,
375.0,9.866666666666667,47,194,5864,
2075.0,5.012048192771084,13,1796,5864,
1850.0,24.37837837837838,32,322,1,5.0
465.0,9.89247311827957,34,197,37,
1239.0,61.01694915254237,50,229,299,
699.0,42.91845493562232,45,771,5864,5.0
699.0,20.028612303290416,38,166,5864,4.4
8599.0,24.42144435399465,31,194,9,
1418.0,22.496473906911145,44,220,5864,5.0
499.0,40.08016032064128,28,168,5864,
480.0,0.0,21,161,12,
1699.0,63.80223660977046,34,1119,3,
750.0,0.0,52,235,1,
999.0,50.05005005005005,46,228,5864,
1299.0,42.34026173979984,35,447,1,
925.0,1.0810810810810811,44,347,5864,5.0
849.0,54.1813898704358,44,794,71,
1499.0,44.09606404269513,36,204,5864,
999.0,70.07007007007007,37,209,1,
729.0,65.84362139917695,47,224,85,5.0
695.0,0.0,51,321,5864,
1199.0,75.0625521267723,35,965,5864,
799.0,25.03128911138924,16,116,5864,
2500.0,34.0,50,1037,2,
899.0,11.123470522803114,18,170,5864,
1599.0,40.21263289555972,20,160,5864,
1899.0,50.026329647182735,22,542,5864,
499.0,44.88977955911824,68,208,5864,
4900.0,67.36734693877551,41,214,469,
299.0,10.033444816053512,42,182,5864,
3890.0,43.70179948586118,25,161,5864,
1499.0,56.70446964643096,41,898,21,
917.0,61.832061068702295,25,179,6,
499.0,50.50100200400801,42,213,18,
4395.0,26.7349260523322,31,160,3,2.2
2499.0,48.019207683073226,55,2715,3,
4900.0,67.36734693877551,49,230,469,
1299.0,26.943802925327176,46,280,20,
650.0,54.0,29,816,5864,
599.0,49.91652754590985,35,198,72,
19830.0,70.0,44,336,7,
549.0,9.107468123861564,64,257,1,
20341.0,0.0,55,241,16,
450.0,0.0,39,207,5864,
1295.0,0.0,47,229,5864,
1499.0,33.3555703802535,30,195,5864,
949.0,68.38777660695469,31,204,100,
1199.0,66.72226855713093,35,201,288,
2895.0,30.915371329879104,46,603,101,
999.0,45.04504504504504,55,884,1,
2999.0,83.36112037345782,35,206,5864,
2425.0,1.6494845360824744,22,149,41,
749.0,66.75567423230974,45,221,5864,
1331.0,36.88955672426747,45,221,83,
25000.0,46.44,54,182,22,4.3
249.0,20.080321285140563,60,251,3,
900.0,44.55555555555556,39,212,167,
1299.0,23.094688221709006,39,209,28,4.0
949.0,69.54689146469968,31,192,85,
371.0,16.711590296495956,69,269,14,
459.0,56.644880174291934,114,1348,74,
1995.0,0.0,36,224,8,
1899.0,55.29225908372828,18,171,5864,
500.0,30.0,31,193,26,
950.0,57.89473684210527,36,184,8,
999.0,50.05005005005005,51,231,8,
1499.0,26.684456304202804,63,258,3,
3264.0,21.231617647058822,26,181,19,
1600.0,68.8125,34,199,85,
2400.0,66.70833333333334,56,254,5864,
999.0,60.06006006006006,51,386,46,
3030.0,75.01650165016501,53,235,6,
1999.0,78.03901950975488,22,1212,2,
700.0,0.0,37,205,2,5.0
1699.0,0.0,37,213,5864,4.7
990.0,0.0,45,220,5864,
1499.0,63.37558372248166,51,1394,45,
699.0,28.61230329041488,23,157,4,
660.0,16.818181818181817,38,1498,1,
699.0,46.3519313304721,44,217,5864,
2999.0,66.68889629876625,41,1003,30,
885.0,9.03954802259887,68,265,29,
1199.0,78.73227689741451,42,304,71,1.0
1199.0,25.0208507089241,11,320,2,
1499.0,80.0533689126084,54,237,7,
699.0,69.8140200286123,82,1352,74,
749.0,60.08010680907877,51,231,46,
32460.0,20.0,60,251,132,
2058.0,27.25947521865889,45,222,83,
949.0,68.38777660695469,31,208,110,
1999.0,15.70785392696348,44,1012,144,
1040.0,47.11538461538461,49,244,5864,
115.0,0.0,49,261,5,
749.0,26.702269692923892,25,1290,5864,
1118.0,10.644007155635062,28,626,6,
1849.0,10.816657652785288,37,1330,6,
1299.0,61.585835257890686,40,210,5864,
1599.0,40.21263289555972,19,159,5864,
1749.0,60.03430531732419,34,406,6,
1199.0,50.0417014178482,34,197,1,
695.0,0.0,33,1420,7,
1310.0,0.0,30,195,5864,
1000.0,50.0,33,359,7,
2290.0,60.0,37,204,5864,
640.0,0.0,46,226,5864,5.0
2299.0,60.89604175728578,63,649,5864,
23129.0,20.06571836222924,51,392,99,
1249.0,60.0480384307446,31,191,5864,
1550.0,51.2258064516129,29,719,5864,
469.0,46.908315565031984,55,239,40,
43462.0,29.066770972343654,39,209,211,
1399.0,0.0,17,158,5864,
1199.0,40.116763969974976,33,879,5864,
1199.0,66.72226855713093,18,313,3,
2199.0,30.013642564802183,29,605,288,
799.0,50.06257822277848,52,237,5864,
599.0,50.08347245409015,40,1130,3,
899.0,55.61735261401557,30,188,34,
3295.0,15.174506828528072,12,169,5864,
2895.0,41.3126079447323,64,191,101,
42554.0,24.99882502232457,56,243,1,
1299.0,53.88760585065435,38,840,20,
599.0,50.08347245409015,24,250,79,
695.0,57.55395683453237,22,173,33,
313.0,20.12779552715655,24,177,6,
599.0,62.43739565943238,56,1467,5864,
4195.0,25.005959475566154,44,696,5864,
1099.0,71.8835304822566,85,298,110,
1499.0,46.6977985323549,32,193,12,
2000.0,55.05,29,196,5864,
1299.0,40.26173979984603,36,674,5864,
44019.0,36.36611463231787,49,430,211,
599.0,16.69449081803005,42,241,2,
2299.0,60.02609830361026,41,250,2,
1099.0,30.02729754322111,29,654,2,
1599.0,50.03126954346466,28,185,5864,
726.0,13.774104683195592,39,387,3,
999.0,50.05005005005005,51,231,8,5.0
499.0,0.0,60,258,5864,
2999.0,72.02400800266756,19,324,1,
749.0,50.06675567423231,44,228,288,
1300.0,70.0,34,197,2,
599.0,33.3889816360601,42,213,38,
1000.0,60.1,21,171,11,
470.0,17.02127659574468,76,283,8,
899.0,30.03337041156841,46,225,5864,
1999.0,30.01500750375188,21,339,4,
499.0,50.1002004008016,48,225,13,
999.0,65.06506506506507,33,195,20,
2500.0,48.0,41,168,15,
1100.0,18.272727272727277,29,361,3,
1797.0,75.01391207568169,35,199,41,
3025.0,0.0,48,556,9,
500.0,20.0,22,169,5864,
749.0,40.053404539385845,38,210,5864,2.0
1299.0,53.88760585065435,38,1913,34,
799.0,30.037546933667088,32,1032,36,2.0
2199.0,72.76034561164165,42,639,250,
699.0,17.739628040057227,62,214,5864,
999.0,50.05005005005005,51,244,5864,
1120.0,50.89285714285714,30,191,66,
799.0,40.550688360450565,32,620,5864,
1999.0,33.36668334167084,61,150,95,
999.0,50.05005005005005,44,222,314,
999.0,60.06006006006006,29,567,5864,
1198.0,26.71118530884808,41,2279,141,
3000.0,60.03333333333334,29,645,3,
80.0,0.0,42,214,10,
3000.0,28.4,24,181,14,
1399.0,53.609721229449605,17,824,7,
950.0,11.578947368421051,57,145,8,4.0
1100.0,50.0,28,586,3,
1199.0,40.03336113427856,42,220,5864,
650.0,54.0,29,815,5864,
1350.0,44.51851851851852,29,188,5864,
999.0,70.07007007007007,74,2257,7,
1150.0,69.56521739130434,43,217,314,
8470.0,46.93034238488784,58,1946,1,
1995.0,10.025062656641603,35,959,1,
1009.0,9.31615460852329,61,251,29,
949.0,69.54689146469968,37,208,167,
599.0,16.69449081803005,22,172,5864,
4999.0,71.01420284056812,67,1050,1,
699.0,40.05722460658083,30,187,5864,
795.0,0.0,35,475,5864,
899.0,55.61735261401557,43,220,5864,
999.0,40.04004004004004,24,554,24,
1699.0,44.084755738669806,28,154,9,
859.0,50.52386495925495,44,218,5864,
1999.0,33.36668334167084,61,150,95,
1850.0,51.621621621621614,49,229,8,
200.0,23.0,63,760,1,
970.0,27.938144329896907,55,294,3,
800.0,68.75,35,199,26,
360.0,9.722222222222223,27,174,5864,
4999.0,50.01000200040008,38,206,5864,
1599.0,56.28517823639775,34,199,5864,1.0
550.0,45.63636363636363,60,680,1,
999.0,40.04004004004004,63,151,95,
1199.0,58.38198498748957,33,199,3,
1520.0,0.0,45,238,5864,
899.0,33.37041156840934,49,229,1,
699.0,57.22460658082976,39,206,5864,5.0
1429.0,20.01399580125962,39,210,83,
999.0,45.04504504504504,38,294,2,
1899.0,50.026329647182735,30,189,5864,
360.0,16.666666666666664,30,177,5864,
699.0,71.5307582260372,52,178,1,
899.0,44.493882091212456,34,366,4,
999.0,50.05005005005005,29,829,28,
18893.0,52.36860212777219,28,203,288,
1899.0,0.0,60,750,5,
360.0,1.3888888888888888,40,187,5864,
400.0,62.5,27,183,26,
2250.0,33.77777777777778,37,206,41,
1170.0,69.23076923076923,37,203,16,
1999.0,70.03501750875438,30,189,10,
499.0,54.10821643286573,37,203,18,
999.0,50.05005005005005,29,829,28,
1020.0,58.333333333333336,37,879,25,
1399.0,30.021443888491778,33,194,5864,
1999.0,15.70785392696348,46,559,144,
1399.0,54.32451751250893,28,1127,2,
1599.0,30.0187617260788,47,230,2,
1699.0,41.20070629782225,35,569,5864,
649.0,23.728813559322035,29,117,23,
3499.0,80.02286367533581,35,1069,5864,
999.0,67.46746746746747,20,160,5864,
2000.0,57.99999999999999,46,807,3,
499.0,54.90981963927856,52,1458,17,
1530.0,68.62745098039215,35,321,3,
4900.0,67.36734693877551,39,210,469,
3897.0,53.83628432127278,80,292,27,
649.0,75.50077041602465,31,341,167,
4499.0,36.67481662591688,19,146,7,
399.0,50.125313283208015,26,181,5,
499.0,60.120240480961925,28,754,5864,
695.0,14.388489208633093,35,201,8,
215.0,7.441860465116279,48,511,5864,
36357.0,29.45512556041477,49,229,99,
400.0,43.75,35,650,51,
450.0,11.333333333333332,67,263,13,
399.0,52.63157894736842,36,203,27,
895.0,50.05586592178771,42,213,288,
1199.0,50.0417014178482,36,203,5864,
5500.0,38.690909090909095,35,742,21,
1825.0,73.75342465753425,26,181,41,
809.0,75.4017305315204,34,197,4,2.5
2400.0,56.708333333333336,39,406,12,
699.0,64.37768240343348,46,220,5864,
299.0,33.44481605351171,42,221,5864,
1437.0,66.66666666666666,22,229,10,
699.0,55.65092989985694,40,255,5864,
2999.0,50.01667222407469,42,523,17,
399.0,23.55889724310777,35,123,9,
1199.0,63.38615512927439,33,198,3,
299.0,0.0,33,197,4,
925.0,39.45945945945946,71,273,8,
999.0,60.06006006006006,41,211,11,
6895.0,20.0,4,1410,5864,
1980.0,50.0,28,191,5864,
699.0,42.91845493562232,36,140,314,
899.0,20.13348164627364,42,964,5864,2.0
899.0,50.055617352614014,38,389,9,
1890.0,0.0,20,180,5864,
1800.0,52.77777777777778,29,295,1,
799.0,53.06633291614519,41,226,100,
999.0,0.0,47,319,5864,
799.0,40.550688360450565,57,463,4,
5999.0,78.36306051008502,49,1557,17,
450.0,7.777777777777778,39,186,5864,
199.0,60.30150753768844,35,200,27,
1600.0,71.875,24,177,41,
1299.0,23.094688221709006,39,209,28,
1799.0,55.58643690939411,33,196,5864,1.0
4199.0,0.0,37,126,53,
42928.0,20.00093179276929,52,235,132,
559.0,50.089445438282645,24,177,79,
680.0,38.23529411764706,36,203,42,
799.0,68.8360450563204,31,217,79,
2500.0,28.52,13,140,28,
2400.0,12.5,46,333,5864,
999.0,60.06006006006006,53,235,11,
540.0,27.96296296296296,82,1037,5864,
699.0,57.08154506437768,36,201,15,
619.0,0.0,31,875,7,
599.0,8.347245409015025,21,109,9,
1010.0,52.47524752475248,27,183,16,
2999.0,50.01667222407469,58,539,17,
19900.0,0.0,29,513,26,
1199.0,58.38198498748957,30,203,5864,
23094.0,24.99783493548108,39,209,5,
360.0,13.88888888888889,36,201,299,
2099.0,78.6088613625536,30,189,288,2.0
599.0,39.89983305509182,34,202,314,
9500.0,6.315789473684211,35,202,8,
899.0,22.246941045606228,37,335,1,
1000.0,53.5,33,197,8,
1199.0,50.0417014178482,27,183,5864,
999.0,48.048048048048045,40,208,5864,
1299.0,61.585835257890686,41,217,5864,
725.0,48.27586206896552,25,179,53,
2599.0,50.01923816852636,43,961,288,
1199.0,75.0625521267723,23,115,5864,
325.0,38.76923076923077,62,1693,6,
1299.0,40.03079291762894,18,158,5864,
1399.0,62.47319513938528,44,219,5864,
1999.0,52.52626313156578,45,1573,37,
23000.0,22.608695652173918,60,251,1,
31981.0,30.643194396673024,46,223,211,
255.0,0.0,52,217,3,
599.0,66.7779632721202,33,831,5,
499.0,30.060120240480963,47,187,5864,
499.0,24.849699398797597,25,179,5864,
899.0,55.61735261401557,16,400,1,
11199.0,19.644611125993396,16,143,4,
999.0,25.025025025025027,38,147,1,
999.0,70.07007007007007,34,358,35,
379.0,0.0,23,175,18,
875.0,14.285714285714285,22,148,41,3.0
1399.0,0.0,35,190,22,
499.0,0.0,30,170,5864,
4000.0,36.025,14,141,28,
800.0,45.375,74,583,141,
204600.0,35.0,28,906,31,
1195.0,69.4560669456067,32,220,5864,
1050.0,35.523809523809526,19,657,2,
695.0,57.55395683453237,22,173,33,
1200.0,20.916666666666668,36,180,15,
300.0,0.0,34,828,1,
3495.0,65.0071530758226,13,167,5864,
300.0,56.99999999999999,33,1225,100,
749.0,0.0,24,179,1,
999.0,40.04004004004004,63,151,95,
5274.0,50.22753128555176,65,262,4,
285.0,0.0,55,241,5864,
3999.0,75.01875468867217,30,189,10,
490.0,0.0,66,249,3,
999.0,67.06706706706707,72,890,36,
2049.0,60.02928257686676,35,551,5864,
999.0,0.0,32,195,1,
3150.0,57.14285714285714,40,212,469,
1199.0,16.680567139282733,48,227,5,
1299.0,30.023094688221708,46,568,5864,
1099.0,45.49590536851683,37,713,18,
999.0,50.05005005005005,30,812,4,
1040.0,47.11538461538461,38,1238,314,
749.0,60.08010680907877,51,231,46,
4900.0,67.36734693877551,43,218,469,
14000.0,57.15,41,349,12,
4900.0,67.36734693877551,39,210,469,
499.0,45.09018036072144,42,213,5864,
379.0,50.131926121372025,28,185,299,5.0
400.0,18.75,21,156,5864,
999.0,66.06606606606607,112,1562,5,
40066.0,29.03459292167923,46,223,211,
799.0,71.8397997496871,41,351,167,
499.0,60.120240480961925,50,776,5864,
380.0,5.263157894736842,33,180,5864,4.0
799.0,37.546933667083856,48,225,10,
799.0,37.546933667083856,78,378,12,
1499.0,63.37558372248166,51,1394,45,
715.0,7.6923076923076925,42,213,6,
499.0,60.120240480961925,33,197,5864,
40569.0,28.60065567305085,47,225,211,
3300.0,39.54545454545455,33,159,1,4.8
999.0,70.07007007007007,22,387,3,
1199.0,50.0417014178482,44,217,5864,
599.0,16.69449081803005,22,174,5864,
459.0,56.644880174291934,103,1306,74,
1499.0,42.02801867911941,38,207,14,
849.0,50.05889281507656,41,211,5864,3.7
500.0,50.0,40,456,15,
1598.0,56.25782227784731,26,403,6,
998.0,50.0,37,208,5864,
1599.0,68.79299562226392,37,207,29,5.0
1299.0,67.28252501924558,37,385,2,
500.0,60.0,25,2145,3,
845.0,60.0,50,229,5864,
4399.0,43.19163446237781,15,141,14,3.8
1045.0,13.971291866028707,44,231,5864,
999.0,55.05505505505506,54,376,5864,
2800.0,51.78571428571429,57,447,2,
8249.0,0.0,50,230,99,
999.0,50.05005005005005,29,828,28,
999.0,45.04504504504504,20,180,5864,
1199.0,16.680567139282733,40,454,2,
990.0,20.2020202020202,99,807,2,
1199.0,70.89241034195163,39,207,2,
1999.0,15.70785392696348,58,185,144,
1199.0,0.0,42,214,5864,
1676.0,22.49403341288783,42,216,5864,
2175.0,9.977011494252872,57,309,2,
705.0,65.24822695035462,28,185,1,
900.0,55.66666666666666,40,213,3,
999.0,77.97797797797797,43,433,1,
2699.0,70.39644312708411,34,418,7,
650.0,54.0,29,815,5864,
280.0,10.714285714285714,28,185,299,
899.0,20.13348164627364,41,983,5864,
1099.0,63.69426751592356,22,190,5864,1.0
10270.0,67.86757546251218,74,278,7,
840.0,0.0,27,293,5864,
699.0,72.24606580829757,22,177,5864,
1040.0,47.11538461538461,47,225,1,
1199.0,80.40033361134279,42,214,167,
900.0,61.22222222222222,34,197,4,
999.0,30.03003003003003,83,721,5,
3488.0,39.392201834862384,39,208,1,
900.0,53.44444444444445,29,2755,2,
1990.0,0.0,52,550,288,
7193.0,0.0,53,236,16,
2799.0,53.59056806002144,18,175,5864,
449.0,22.271714922049,32,195,5864,
499.0,84.16833667334669,45,219,155,
1999.0,15.70785392696348,46,173,144,
683.0,0.0,14,764,6,
1199.0,58.38198498748957,19,190,5864,
995.0,40.0,41,318,6,
1349.0,40.7709414381023,24,545,9,
1299.0,62.66358737490377,29,1127,1,
1299.0,26.943802925327176,47,282,20,
599.0,40.23372287145242,46,222,5864,
950.0,26.31578947368421,68,477,10,
666.0,55.1051051051051,47,225,5864,
999.0,54.454454454454456,36,201,288,
549.0,0.0,36,637,3,
1740.0,0.0,27,400,1,
2199.0,72.76034561164165,42,639,250,
1575.0,25.01587301587301,25,265,12,
39313.0,29.048915117136826,52,235,211,
450.0,44.44444444444444,35,199,26,
349.0,28.653295128939828,42,221,1,
532.0,22.932330827067663,61,251,1,
599.0,61.93656093489148,48,227,5,
1299.0,70.05388760585065,30,908,72,
1637.0,50.03054367745876,55,548,2,
1799.0,50.0277932184547,22,502,5864,
4200.0,67.14285714285714,39,210,469,
999.0,25.025025025025027,54,216,5864,
379.0,10.29023746701847,30,177,5864,
3999.0,55.01375343835959,58,185,37,
1599.0,50.03126954346466,37,207,5864,4.1
999.0,64.96496496496496,28,185,2,
1599.0,37.023139462163854,37,546,23,
21410.0,20.0,55,241,132,
399.0,37.59398496240601,88,1871,1,5.0
799.0,62.57822277847309,22,268,10,
1099.0,71.8835304822566,87,304,155,
1299.0,42.34026173979984,34,199,5864,
499.0,60.120240480961925,19,666,1,
1099.0,38.48953594176524,41,1036,1,
1299.0,55.35026943802925,35,163,1,
599.0,37.22871452420701,45,289,14,
1890.0,0.0,10,160,5864,
1699.0,67.09829311359623,52,233,13,
850.0,58.82352941176471,86,2512,15,
899.0,66.74082313681868,29,117,2,
1695.0,0.0,48,652,5864,
998.0,70.04008016032064,23,175,19,
299.0,66.88963210702342,28,798,3,
799.0,33.79224030037547,44,216,5864,
1497.0,73.48029392117569,23,200,5864,
250.0,20.0,19,167,12,
8499.0,41.298976350158846,28,155,7,
645.0,24.96124031007752,22,173,33,5.0
1299.0,0.0,16,218,12,
1200.0,66.75,44,526,5864,
2495.0,61.96392785571142,59,1133,17,
499.0,70.14028056112225,16,840,3,5.0
2499.0,80.03201280512204,35,207,5864,
1400.0,46.42857142857143,20,290,1,
1780.0,0.0,43,1431,5864,
1399.0,71.4796283059328,55,1356,2,
345.0,42.31884057971014,39,244,5864,4.0
700.0,28.57142857142857,36,203,15,
1599.0,56.47279549718574,27,184,5864,
1999.0,40.0200100050025,49,631,5864,
1750.0,0.0,40,210,314,
2499.0,72.10884353741497,32,199,5864,3.0
40149.0,26.28708062467309,55,241,211,
849.0,71.849234393404,41,211,155,
590.0,0.0,19,577,5864,
1485.0,52.92929292929293,16,156,5864,
199.0,44.72361809045226,49,189,5864,
1499.0,63.37558372248166,22,162,5864,
1999.0,35.01750875437719,40,208,5864,
1000.0,70.1,25,507,22,3.2
4200.0,67.14285714285714,40,212,469,
850.0,0.0,53,235,26,
1299.0,42.34026173979984,34,199,5864,
350.0,0.0,48,317,5864,
349.0,0.0,56,1054,1,
1699.0,50.02942907592701,28,185,5864,
599.0,50.08347245409015,30,1176,5,
2400.0,64.58333333333334,42,222,5864,
599.0,40.23372287145242,46,1468,5864,
500.0,20.0,25,172,5864,
999.0,63.263263263263255,44,226,5864,
1599.0,37.023139462163854,37,823,23,
279.0,10.75268817204301,47,223,40,
459.0,56.644880174291934,110,1335,74,
49970.0,24.85291174704823,43,217,3,
4900.0,67.36734693877551,37,206,469,
2895.0,48.22107081174439,46,173,101,
800.0,37.5,29,189,18,
999.0,50.05005005005005,51,231,8,
1890.0,40.21164021164021,33,947,5,
1999.0,15.70785392696348,58,1026,144,
1079.0,23.35495829471733,24,236,5864,
803.0,41.22042341220424,30,439,10,
799.0,12.51564455569462,13,163,5864,
4900.0,67.36734693877551,49,230,469,
599.0,16.69449081803005,61,440,25,
699.0,39.19885550786839,42,182,5864,
390.0,0.0,40,209,299,
250.0,64.0,32,119,3,
1099.0,68.24385805277525,22,474,5864,
1599.0,53.72107567229519,35,175,5864,
599.0,16.69449081803005,23,176,5864,
1759.0,78.90847072200114,39,207,299,
2199.0,72.76034561164165,42,639,250,
2350.0,66.0,39,202,5864,
1399.0,20.08577555396712,37,855,5864,
999.0,68.06806806806807,30,191,14,
649.0,61.63328197226502,51,364,46,
499.0,0.0,42,218,5864,
499.0,60.120240480961925,43,769,5864,
450.0,38.0,29,189,18,
1388.0,45.60518731988473,35,205,5864,
499.0,10.02004008016032,27,183,37,
1099.0,30.02729754322111,47,249,5864,
899.0,53.281423804226925,31,192,85,
999.0,52.55255255255256,37,783,5,
390.0,23.07692307692308,40,209,299,
899.0,27.697441601779754,23,351,2,
1099.0,71.8835304822566,88,772,1,
2647.0,81.14846996599925,45,1043,5864,
1099.0,63.69426751592356,27,183,12,
1690.0,0.0,17,158,5864,
1100.0,63.727272727272734,39,207,15,
458.0,56.55021834061136,29,815,5864,
41222.0,30.010673911988743,55,241,211,
3500.0,8.6,29,190,1,
1399.0,50.03573981415297,18,158,5864,
2985.0,70.01675041876047,21,317,26,
779.0,23.106546854942238,40,401,5,
1999.0,15.70785392696348,58,185,144,
599.0,72.62103505843072,54,983,74,
1300.0,50.76923076923077,30,191,66,
899.0,48.27586206896552,23,277,8,
349.0,20.05730659025788,27,183,8,
1499.0,49.96664442961974,33,235,1,
1099.0,46.7697907188353,59,1753,1,
19306.0,25.152802237646327,39,209,211,
900.0,55.66666666666666,29,2755,2,
359.0,58.495821727019504,36,201,167,
999.0,50.05005005005005,44,221,288,5.0
999.0,40.04004004004004,29,189,21,
400.0,25.0,41,213,59,
599.0,58.43071786310517,37,148,1,
650.0,54.0,29,815,5864,
1599.0,50.03126954346466,47,228,5864,
400.0,12.5,30,189,2,
599.0,62.43739565943238,51,233,5864,
1499.0,66.711140760507,33,579,5864,
1080.0,76.85185185185185,52,696,6,
700.0,35.85714285714286,71,2507,7,
4900.0,67.36734693877551,39,210,469,
699.0,20.028612303290416,42,213,5864,
1590.0,37.735849056603776,28,1282,9,
500.0,20.0,44,191,5864,
1999.0,50.025012506253134,14,166,5864,
995.0,20.100502512562816,42,770,1,
1999.0,55.02751375687844,18,1109,2,
2000.0,57.99999999999999,46,134,3,
1199.0,8.340283569641366,60,374,5864,
720.0,0.0,21,161,12,
6500.0,75.4,69,268,12,
1800.0,64.44444444444444,57,995,1,
2895.0,48.22107081174439,46,173,101,
598.0,50.0,49,227,5864,
349.0,40.11461318051576,53,489,10,
999.0,70.07007007007007,39,1100,8,
1679.0,11.911852293031568,50,232,3,
499.0,70.14028056112225,57,1295,8,
1115.0,33.36322869955157,36,851,8,
26389.0,23.733373754215773,50,367,211,
3995.0,50.0125156445557,28,608,5864,
1199.0,51.70975813177648,55,187,5864,
1550.0,51.2258064516129,29,182,5864,
1500.0,46.73333333333333,51,233,59,
699.0,10.872675250357654,57,697,5864,
2750.0,24.76363636363636,83,775,33,
1480.0,8.783783783783784,81,292,15,4.2
500.0,30.0,32,195,26,
1399.0,64.33166547533953,57,1040,6,
6000.0,27.78333333333333,38,979,6,
499.0,45.09018036072144,25,179,46,
1349.0,33.35804299481097,17,141,5864,3.9
539.0,12.987012987012983,36,1642,3,
1299.0,40.03079291762894,32,194,5864,4.3
625.0,0.0,39,419,1,
2499.0,36.014405762304925,36,613,1,
41091.0,28.87493611739797,49,229,99,
499.0,40.08016032064128,29,117,18,
899.0,0.0,42,303,5864,3.5
410.0,0.0,13,223,1,
1799.0,0.0,33,196,288,
589.0,33.78607809847199,41,211,299,
899.0,27.808676307007783,35,204,5864,
585.0,9.572649572649574,63,255,29,
1749.0,76.04345340194398,44,218,314,
2200.0,45.5,75,465,1,
3150.0,57.14285714285714,39,210,469,
8000.0,65.125,38,165,22,3.8
999.0,0.0,39,247,5864,5.0
1500.0,51.33333333333333,30,191,66,
469.0,23.454157782515992,49,227,299,
650.0,54.0,29,816,5864,
8778.0,37.50284802916382,65,1724,3,
800.0,0.0,37,327,5864,5.0
1250.0,20.0,20,156,5864,
1040.0,47.11538461538461,35,212,7,
4900.0,67.36734693877551,45,222,469,
499.0,70.14028056112225,45,219,155,
1790.0,0.0,21,162,5864,
199.0,60.30150753768844,69,194,8,5.0
1017.0,60.766961651917406,20,169,19,
2000.0,79.3,24,177,41,
875.0,54.285714285714285,32,193,15,
7820.0,13.043478260869565,71,272,4,
699.0,42.91845493562232,33,705,314,
375.0,6.666666666666667,41,188,5864,
350.0,43.142857142857146,41,248,5864,3.5
38455.0,20.0,58,407,132,
372.0,21.50537634408602,72,275,9,
1695.0,23.59882005899705,14,172,5864,
1450.0,48.27586206896552,33,194,5864,
1200.0,51.5,40,637,2,
1890.0,68.78306878306879,41,687,8,
1699.0,0.0,39,230,5864,
695.0,43.16546762589928,35,687,5,
750.0,20.0,65,261,3,
990.0,52.92929292929293,37,1585,11,
1099.0,72.975432211101,35,209,288,
1295.0,50.038610038610045,31,196,5864,
1150.0,50.52173913043478,75,456,1,5.0
949.0,20.12644889357218,41,1435,5864,
599.0,2.003338898163606,34,847,3,
2499.0,60.024009603841534,20,180,5864,1.0
649.0,38.52080123266564,47,225,7,
399.0,10.025062656641603,54,237,5864,2.4
450.0,11.333333333333332,27,337,1,
1799.0,25.01389660922735,39,585,5864,
1990.0,50.25125628140703,31,469,5864,
21387.0,35.06335624444756,49,442,13,
899.0,50.055617352614014,34,328,2,
2100.0,77.38095238095238,77,283,13,
1999.0,43.77188594297149,82,1092,4,
2895.0,48.22107081174439,40,337,101,
150.0,14.000000000000002,27,496,1,
28285.0,20.0,55,404,132,
1299.0,61.585835257890686,29,663,314,
999.0,50.05005005005005,29,831,28,
499.0,0.0,40,209,299,
99.0,10.1010101010101,42,300,5864,
500.0,45.0,35,713,51,
22750.0,20.0,52,235,132,
599.0,16.69449081803005,40,166,1,3.0
1499.0,66.711140760507,44,223,5864,
399.0,59.89974937343359,42,213,155,
2299.0,34.797738147020446,22,589,16,
870.0,14.942528735632186,28,116,15,
899.0,70.07786429365962,40,876,13,
1599.0,6.316447779862414,32,193,19,
1999.0,55.02751375687844,57,145,3,
1399.0,20.08577555396712,37,855,5864,
499.0,0.0,30,191,1,
32893.0,28.595749855592373,42,215,211,
695.0,10.071942446043163,45,262,5864,
2999.0,66.68889629876625,41,1002,30,
1499.0,40.09339559706471,29,1177,5864,
1999.0,30.01500750375188,21,338,4,
470.0,2.127659574468085,35,428,1,
1999.0,33.36668334167084,61,150,95,
319.0,46.39498432601881,35,613,299,
2100.0,80.0,35,199,1,
649.0,0.0,48,347,5864,2.0
2399.0,45.85243851604835,87,1519,6,
699.0,50.07153075822603,36,201,314,4.2
1595.0,71.78683385579937,34,156,5864,
4789.0,60.01252871163082,59,1726,5,
300.0,0.0,37,205,12,3.4
1290.0,30.31007751937985,19,158,1,
500.0,50.2,40,395,1,
3897.0,53.83628432127278,81,294,27,
4900.0,67.36734693877551,50,232,469,
800.0,0.0,53,637,1,
749.0,0.0,42,433,22,
599.0,72.62103505843072,50,967,74,
1299.0,71.74749807544265,35,200,288,
2999.0,66.68889629876625,41,1002,30,
1299.0,53.88760585065435,38,1913,34,
2100.0,50.0,34,332,15,
2249.0,55.580257892396624,31,193,5864,
795.0,30.943396226415093,18,158,5864,
1299.0,53.88760585065435,25,356,1,5.0
999.0,40.04004004004004,63,151,95,
4399.0,75.01704932939305,33,378,14,
899.0,55.83982202447163,37,202,288,
998.0,50.0,25,165,5864,
999.0,50.05005005005005,41,164,14,
349.0,10.028653295128938,26,181,37,
3999.0,45.0112528132033,53,142,5,
1200.0,0.0,46,222,5864,
360.0,10.0,38,185,5864,
1499.0,80.0533689126084,42,213,12,
4599.0,49.98912807131985,34,252,1,
1199.0,58.38198498748957,61,301,79,
1299.0,53.88760585065435,38,164,34,
897.0,7.58082497212932,30,191,1,
1799.0,0.0,66,155,5,
2799.0,57.1632725973562,43,660,12,
1900.0,20.0,40,634,3,
699.0,57.22460658082976,25,180,5864,
1119.0,0.0,33,1060,2,
440.0,0.0,22,173,299,
1499.0,30.020013342228157,25,188,5864,
2666.0,60.01500375093774,59,1727,5,
900.0,61.11111111111112,24,124,41,
1699.0,70.62978222483814,38,206,288,
4900.0,67.36734693877551,42,216,469,
640.0,49.21875,52,233,53,
1490.0,40.0,17,157,5864,
1629.0,15.960712093308778,38,208,14,
949.0,50.05268703898841,42,218,314,
79.0,30.37974683544304,46,185,5864,
549.0,59.92714025500911,41,203,5864,
822.0,51.45985401459854,26,181,8,
999.0,50.05005005005005,40,152,29,1.0
2100.0,80.0,47,223,1,
750.0,46.8,28,185,34,
1499.0,56.70446964643096,41,894,21,
4995.0,25.005005005005003,37,211,5864,
3300.0,80.0,47,316,14,
2895.0,48.22107081174439,46,173,101,
4900.0,67.36734693877551,42,216,469,
1299.0,50.03849114703618,32,201,5864,
2250.0,35.11111111111111,39,1103,41,
995.0,0.0,30,156,5864,
3999.0,57.51437859464866,72,199,37,
1800.0,72.27777777777777,39,215,155,
399.0,57.64411027568922,24,909,5,
1899.0,50.026329647182735,28,186,5864,
1999.0,86.89344672336168,49,268,5864,5.0
3499.0,74.30694484138326,35,981,5864,
799.0,49.93742177722152,37,133,314,
2150.0,40.0,36,562,2,
1599.0,60.0375234521576,22,576,5864,
1999.0,50.025012506253134,27,392,5,
1199.0,70.89241034195163,21,594,1,
3500.0,48.6,24,328,4,
580.0,60.3448275862069,51,231,26,
749.0,57.27636849132176,33,194,5864,
1149.0,13.054830287206268,33,195,8,
899.0,0.0,42,892,110,3.8
695.0,30.071942446043167,40,209,33,
3588.0,50.0,19,179,5864,
39264.0,29.232885085574573,46,339,211,
699.0,67.23891273247496,64,1681,2,
699.0,40.343347639484975,43,595,5864,2.0
855.0,0.0,38,244,5864,
2000.0,50.55,29,763,2,
1000.0,70.1,43,215,1,3.1
1899.0,36.86150605581886,32,342,4,
999.0,20.02002002002002,48,592,5864,
149.0,0.0,42,182,5864,
1299.0,46.18937644341801,62,238,11,
2999.0,66.68889629876625,41,1002,30,
699.0,51.35908440629471,31,234,7,
995.0,30.15075376884422,65,217,5864,
399.0,25.062656641604008,49,189,5864,
900.0,13.555555555555555,60,251,141,
2999.0,50.01667222407469,62,1111,1,
1400.0,71.5,26,181,71,
999.0,75.27527527527528,37,203,18,
4900.0,67.36734693877551,40,212,469,
599.0,33.3889816360601,31,153,1,
1299.0,42.34026173979984,34,208,5864,
1199.0,54.21184320266889,99,328,167,
4999.0,0.0,37,126,53,
299.0,20.066889632107024,43,215,1,
1980.0,64.6969696969697,31,192,5864,
1099.0,77.43403093721565,66,390,5864,
2499.0,44.017607042817126,33,3324,7,
1299.0,61.585835257890686,56,296,79,
1499.0,50.03335557038026,25,181,5864,
799.0,40.05006257822278,33,867,5864,4.0
666.0,55.1051051051051,46,223,5864,
650.0,15.384615384615383,29,187,2,
360.0,0.0,28,185,299,
2199.0,72.76034561164165,44,641,250,
245.0,6.122448979591836,48,200,5864,
1049.0,47.66444232602478,35,207,5864,
800.0,50.125,57,243,12,
1699.0,64.74396703943496,26,1223,1,
2000.0,50.55,33,776,2,
359.0,30.64066852367688,47,187,5864,
2099.0,0.0,26,1176,5864,3.0
1200.0,75.08333333333333,38,205,100,
695.0,2.877697841726619,45,315,5864,2.0
1360.0,51.47058823529412,30,191,66,
1299.0,15.396458814472672,35,202,3,
1500.0,54.06666666666666,21,161,5864,
599.0,50.08347245409015,41,216,5864,
699.0,40.05722460658083,37,201,5864,
800.0,43.75,43,692,51,
1999.0,72.48624312156078,52,140,1,3.2
1599.0,40.21263289555972,19,159,5864,
1399.0,30.021443888491778,42,872,5,
1875.0,0.0,43,493,9,
7775.0,9.003215434083602,43,164,5864,4.0
1050.0,43.42857142857143,39,1009,141,
285.0,0.0,63,257,5864,
1299.0,46.18937644341801,54,229,11,
999.0,60.06006006006006,29,567,5864,
41899.0,20.621017208047927,63,257,299,
1900.0,63.68421052631579,26,1168,9,
1799.0,60.03335186214564,35,234,2,
1499.0,80.0533689126084,41,937,5864,5.0
1299.0,70.05388760585065,30,189,72,
2399.0,45.85243851604835,87,1525,6,
490.0,69.59183673469389,50,176,14,
1599.0,35.02188868042527,44,213,5864,
399.0,50.125313283208015,51,1213,4,
799.0,55.06883604505632,46,788,5,
2774.0,41.38428262436914,20,478,1,
2490.0,20.080321285140563,50,232,3,
999.0,50.05005005005005,39,212,314,
1600.0,45.5,28,187,5864,
800.0,50.125,33,332,1,
425.0,1.1764705882352942,37,203,155,
799.0,50.06257822277848,37,211,5864,4.3
7794.0,56.38953040800616,60,252,27,
999.0,40.04004004004004,63,151,95,
1044.0,50.0,58,247,5864,
699.0,57.22460658082976,50,228,5864,4.7
2499.0,68.02721088435374,30,189,10,
1999.0,33.36668334167084,61,150,95,
1199.0,59.96663886572144,45,220,5864,5.0
4900.0,67.36734693877551,38,208,469,
1249.0,52.04163330664532,37,482,2,
599.0,55.09181969949917,44,876,6,
1700.0,41.23529411764706,28,187,3,
799.0,0.0,37,203,5864,
489.0,55.21472392638037,59,247,155,
37437.0,29.02476159948713,37,205,26,
44632.0,19.999103782039796,55,404,132,
999.0,60.06006006006006,37,204,5864,1.5
599.0,63.43906510851419,52,235,2,
1799.0,38.91050583657588,39,210,1,
849.0,0.0,30,554,2,
1299.0,55.0423402617398,40,210,5864,4.0
2985.0,70.01675041876047,21,316,26,
2895.0,30.915371329879104,46,603,101,
832.0,52.043269230769226,43,220,5864,
980.0,30.0,30,189,5864,
1499.0,84.72314876584389,15,297,2,
750.0,66.66666666666666,88,2546,15,
449.0,22.271714922049,36,201,1,
250500.0,35.0,28,1247,31,
190.0,13.157894736842104,49,196,5864,
820.0,31.341463414634145,73,561,141,
695.0,9.49640287769784,79,287,29,
579.0,14.507772020725389,46,221,299,
2299.0,50.021748586341886,37,203,288,
1400.0,17.857142857142858,39,610,59,
398.0,10.050251256281408,42,189,5864,
1499.0,70.04669779853235,59,247,9,
3500.0,24.285714285714285,40,212,41,
1695.0,0.0,53,457,5864,
1199.0,77.56463719766472,38,931,1,
855.0,0.0,40,250,5864,
1050.0,43.42857142857143,39,1043,141,
499.0,30.060120240480963,26,190,3,
459.0,56.644880174291934,107,1323,74,
1499.0,73.3822548365577,44,217,6,5.0
2199.0,9.095043201455209,22,191,5864,
695.0,29.928057553956837,37,203,2,
345.0,14.492753623188406,36,176,5864,
250.0,28.000000000000004,36,203,4,
3699.0,51.36523384698567,42,216,469,
550.0,54.72727272727273,28,566,1,
899.0,73.74860956618465,10,119,9,
1299.0,38.49114703618168,43,217,1,2.0
390.0,10.512820512820513,44,336,6,
2199.0,72.76034561164165,42,639,250,
600.0,17.5,32,195,26,
699.0,47.78254649499284,45,1373,6,
2199.0,31.832651205093228,62,1342,25,
810.0,0.0,54,239,5,
999.0,57.15715715715716,19,276,4,
2999.0,46.68222740913638,27,695,5864,5.0
499.0,30.060120240480963,26,190,3,
1398.0,53.648068669527895,17,901,1,
695.0,0.0,46,171,5864,
1299.0,53.88760585065435,38,164,34,
999.0,50.05005005005005,31,353,314,
749.0,50.06675567423231,44,222,288,
1399.0,50.03573981415297,47,723,5864,
550.0,36.36363636363637,36,576,72,
1199.0,66.72226855713093,22,183,5864,4.0
44500.0,0.0,34,201,26,
690.0,20.28985507246377,13,619,1,
799.0,40.05006257822278,34,708,5864,
850.0,40.0,26,183,3,
899.0,49.94438264738598,42,212,5864,
620.0,27.580645161290324,40,211,2,
2900.0,50.0,51,585,2,
755.0,40.52980132450331,23,355,5864,
1399.0,60.68620443173696,35,617,5,
799.0,25.03128911138924,37,421,2,
37440.0,30.55555555555556,64,259,13,
3500.0,28.6,40,167,5,
800.0,81.25,33,471,2,
450.0,55.77777777777778,28,187,18,
40983.0,20.00097601444501,55,241,132,
2288.0,30.026223776223777,32,206,5864,
650.0,54.0,29,815,5864,
1599.0,46.90431519699813,39,127,1,
319.0,40.75235109717868,49,227,299,
1199.0,64.97080900750626,31,192,20,
999.0,67.06706706706707,58,834,36,
399.0,42.606516290726816,37,203,18,
500.0,48.2,27,1100,22,
29366.0,0.0,51,612,16,
1429.0,20.01399580125962,40,212,83,
1399.0,50.03573981415297,18,100,27,
499.0,27.85571142284569,54,782,2,
625.0,0.0,37,205,5864,
4200.0,67.14285714285714,37,206,469,
1749.0,37.04974271012007,39,817,23,
2790.0,76.73835125448029,33,195,5864,
900.0,55.66666666666666,40,208,34,
1299.0,61.585835257890686,41,603,3,
2199.0,72.76034561164165,42,639,250,
1999.0,0.0,8,135,28,5.0
2149.0,57.23592368543508,29,117,23,
2499.0,88.03521408563425,37,530,1,
799.0,56.82102628285357,42,207,5,
1114.0,10.682226211849192,28,1389,6,
5399.0,50.00926097425449,51,140,2,
700.0,50.142857142857146,178,1185,1,
1499.0,33.3555703802535,23,163,5864,
1999.0,33.36668334167084,61,150,95,
4990.0,20.04008016032064,36,204,1,
250.0,20.4,42,215,2,
7860.0,61.53944020356234,38,1646,83,
1999.0,15.70785392696348,46,570,144,
729.0,56.24142661179698,45,218,100,5.0
840.0,49.40476190476191,76,281,53,
1799.0,44.469149527515285,29,1487,17,
39875.0,15.001880877742945,46,223,25,
499.0,60.120240480961925,47,773,5864,
600.0,62.5,27,181,5864,
40854.0,29.99951045185294,70,271,22,
33670.0,20.0,56,243,132,
300.0,10.0,31,431,1,
199.0,15.07537688442211,47,225,5864,
398.0,27.1356783919598,29,176,5864,1.0
540.0,41.48148148148148,40,1115,1,5.0
349.0,0.0,47,477,10,
599.0,50.08347245409015,57,246,5864,
38106.0,27.937857555240647,56,243,99,
749.0,37.38317757009346,33,197,1,
3650.0,49.31506849315068,51,1128,3,
1400.0,60.71428571428571,21,559,2,
3500.0,60.0,29,315,1,
499.0,42.68537074148296,47,266,9,
5999.0,57.5095849308218,67,583,6,
1999.0,60.03001500750376,58,724,2,
599.0,83.47245409015025,31,190,71,2.7
899.0,44.493882091212456,24,382,4,
999.0,50.05005005005005,42,538,5864,
2800.0,67.14285714285714,38,207,469,
900.0,0.0,49,227,26,
1599.0,0.0,37,209,5864,
1399.0,64.33166547533953,38,136,5864,3.5
439.0,33.48519362186788,66,261,299,
290.0,0.0,41,451,299,
1299.0,53.88760585065435,38,1891,34,
1599.0,6.316447779862414,32,193,19,
2499.0,30.012004801920767,29,187,288,
450.0,0.0,50,374,1,
750.0,76.0,25,181,4,
5999.0,76.67944657442906,40,167,22,
399.0,23.55889724310777,37,211,9,
250.0,20.0,34,195,110,
300.0,50.0,41,408,2,
200.0,15.5,12,430,2,
1599.0,40.21263289555972,19,159,5864,
2000.0,75.25,24,125,41,
4004.0,55.14485514485514,28,887,3,
2499.0,61.62464985994398,68,1771,1,
945.0,9.1005291005291,66,261,29,
1049.0,52.43088655862727,40,228,314,
1899.0,50.23696682464455,75,279,5,
749.0,49.93324432576769,42,213,5864,
1499.0,20.08005336891261,40,208,5864,
649.0,61.63328197226502,51,231,46,
579.0,36.26943005181347,71,271,299,
1699.0,35.31489111241907,26,162,5864,1.0
899.0,58.28698553948832,46,232,5864,
279.0,10.75268817204301,47,223,40,
11499.0,17.392816766675363,51,610,1,
1484.0,50.0,45,229,5864,
699.0,50.07153075822603,46,700,5864,
340.0,9.411764705882351,21,171,299,
995.0,0.0,52,324,5864,4.3
300.0,26.666666666666668,22,175,5864,
1495.0,0.0,41,691,5864,
699.0,34.33476394849785,31,498,1,
525.0,0.0,57,326,5864,5.0
3595.0,5.45201668984701,26,184,1,
399.0,60.15037593984962,38,1271,21,
999.0,40.04004004004004,63,151,95,
525.0,0.0,25,545,5864,
2188.0,30.027422303473493,31,205,5864,
799.0,0.0,47,447,3,
1350.0,53.77777777777778,25,799,4,
1399.0,60.75768406004288,40,210,5864,
899.0,50.055617352614014,33,195,5864,
899.0,67.853170189099,39,244,5864,5.0
800.0,56.375,57,243,12,
1599.0,84.42776735459663,27,167,5864,
1799.0,58.36575875486382,37,125,1,
230.0,56.95652173913044,41,796,167,
599.0,33.3889816360601,42,213,38,
499.0,40.08016032064128,33,195,5,
8877.0,61.54106116931396,44,1850,83,
1400.0,42.92857142857143,28,187,5864,
2199.0,72.76034561164165,44,643,250,
1999.0,33.36668334167084,61,150,95,
666.0,55.1051051051051,44,219,5864,
945.0,44.44444444444444,21,473,1,
1199.0,73.39449541284404,45,220,155,
1200.0,70.91666666666666,28,682,5864,
570.0,29.82456140350877,49,759,1,
260.0,19.230769230769237,28,579,5864,
2295.0,0.0,38,529,8,
1200.0,62.583333333333336,55,661,10,
42541.0,19.99952986530641,56,407,132,
599.0,45.07512520868113,37,205,5864,
899.0,44.493882091212456,44,216,5864,
1999.0,40.0200100050025,33,388,1,
2475.0,69.8989898989899,22,173,13,
1040.0,47.11538461538461,36,202,288,5.0
1999.0,80.040020010005,53,279,5864,
1957.0,54.06234031681144,42,904,5864,
929.0,0.0,33,93,314,
770.0,30.129870129870127,28,185,2,
2199.0,45.47521600727604,25,818,2,5.0
1299.0,61.585835257890686,61,297,79,
1899.0,47.39336492890995,23,605,5864,
1000.0,50.1,34,1331,2,
999.0,50.05005005005005,33,1472,1,
1599.0,50.03126954346466,119,1356,5864,
899.0,50.055617352614014,43,424,7,
1329.0,34.612490594431904,34,203,5864,
995.0,0.0,46,666,2,
598.0,33.27759197324415,26,183,73,
3300.0,0.0,48,398,5864,
459.0,26.14379084967321,33,195,299,
2120.0,0.0,23,399,5864,
465.0,0.0,35,209,5864,
899.0,66.74082313681868,29,376,2,
705.0,40.0,21,173,1,
2609.0,57.49329244921426,59,247,20,
299.0,16.722408026755854,48,473,5864,
2895.0,48.22107081174439,40,167,101,
825.0,0.0,47,267,5864,
46500.0,45.13978494623656,20,314,25,
999.0,30.03003003003003,48,249,5864,
899.0,55.61735261401557,52,186,79,
299.0,57.19063545150501,39,597,1,
360.0,0.0,45,192,5864,
1600.0,31.3125,39,166,27,
999.0,0.0,45,300,5864,4.0
2795.0,35.59928443649374,12,169,5864,
1299.0,61.89376443418014,31,1160,2,
2100.0,71.47619047619047,20,970,12,
999.0,37.03703703703704,48,188,5864,
1299.0,53.88760585065435,36,848,20,
999.0,61.06106106106106,57,347,5864,
650.0,54.0,29,189,5864,
1499.0,40.0266844563042,23,1092,2,
899.0,0.0,31,244,10,
949.0,68.38777660695469,31,341,85,
800.0,58.875,34,202,2,
499.0,50.1002004008016,35,199,13,
999.0,60.06006006006006,27,136,1,
459.0,56.644880174291934,113,1345,74,
1999.0,65.03251625812906,29,188,5864,4.0
999.0,0.0,28,252,5864,
499.0,0.0,26,181,21,
1220.0,12.295081967213116,33,196,8,
1499.0,40.0266844563042,27,185,288,
2895.0,41.3126079447323,64,385,101,
700.0,35.714285714285715,62,255,1,
2895.0,48.22107081174439,40,167,101,
1040.0,47.11538461538461,39,263,3,
1040.0,47.11538461538461,42,213,288,
1449.0,58.730158730158735,31,193,288,
699.0,71.5307582260372,33,795,9,
2399.0,70.862859524802,30,189,5864,
1100.0,18.272727272727277,39,209,59,
20692.0,19.998066885752948,56,281,8,
700.0,49.28571428571429,54,244,5864,
2199.0,0.0,29,187,288,
2280.0,72.41228070175438,30,203,5864,
3000.0,70.03333333333333,62,610,5864,
599.0,62.43739565943238,59,1470,5864,
999.0,45.04504504504504,42,568,2,
450.0,28.88888888888889,38,438,15,
1799.0,69.64980544747081,42,214,5864,
800.0,0.0,48,227,1,
1099.0,43.03912647861692,24,167,5,
1899.0,31.595576619273302,65,154,7,
14077.0,51.82922497691269,51,232,8,
500.0,48.2,26,1097,22,
899.0,55.61735261401557,37,203,20,
11459.0,0.0,46,223,6,
1999.0,15.70785392696348,58,1025,144,
1699.0,0.0,31,202,5864,
2100.0,50.0,34,572,15,
2200.0,30.0,31,203,5864,
1499.0,53.36891260840561,36,202,5864,
459.0,37.03703703703704,60,249,299,
2990.0,43.47826086956522,27,1235,9,
999.0,66.06606606606607,128,1626,5,
450.0,1.3333333333333337,44,219,8,
799.0,43.92991239048811,80,1144,16,
398.0,2.512562814070352,35,182,5864,5.0
399.0,37.59398496240601,28,185,35,
499.0,64.92985971943888,49,229,5864,
3499.0,94.59845670191484,53,235,19,
1299.0,23.094688221709006,27,1456,1,
999.0,30.03003003003003,22,178,5864,
598.0,33.27759197324415,26,183,73,
349.0,42.97994269340974,35,1171,288,4.0
29969.0,16.500383729854182,63,257,18,
2000.0,25.05,101,760,33,
1599.0,40.21263289555972,19,159,5864,
999.0,20.02002002002002,38,453,1,
549.0,6.375227686703097,31,119,7,5.0
895.0,0.0,17,624,2,
899.0,70.07786429365962,41,880,13,
3099.0,35.01129396579542,72,283,5864,
5499.0,27.45953809783597,35,214,5864,4.2
299.0,46.82274247491639,22,480,2,
1690.0,60.0,52,1004,10,
999.0,50.05005005005005,18,158,5864,
499.0,19.83967935871744,19,167,25,
300.0,13.333333333333334,28,185,299,
700.0,7.142857142857142,26,186,5864,
1299.0,53.88760585065435,35,831,20,
1199.0,58.38198498748957,43,221,167,
650.0,54.0,42,228,100,5.0
599.0,56.76126878130216,44,556,4,
1799.0,44.469149527515285,29,1496,17,
520.0,0.0,33,197,1,
999.0,40.04004004004004,42,639,250,
10213.0,0.0,54,615,16,
1398.0,67.81115879828327,65,1291,4,
999.0,67.06706706706707,37,203,314,
4900.0,67.36734693877551,43,218,469,
399.0,55.13784461152882,29,291,3,
1500.0,75.4,58,245,14,
1999.0,45.02251125562781,22,251,16,
1595.0,49.96865203761756,12,774,5864,
1399.0,46.461758398856325,37,179,5864,
599.0,28.547579298831387,22,818,1,
899.0,50.055617352614014,39,537,5864,
500.0,35.0,29,165,3,
34822.0,27.01453104359313,68,267,99,
580.0,60.3448275862069,51,231,26,
3490.0,0.0,40,499,2,
999.0,50.05005005005005,50,228,5864,
2970.0,52.02020202020202,43,264,12,
1200.0,58.41666666666666,30,189,6,
399.0,0.0,29,322,14,
5000.0,82.02000000000001,56,1255,4,
697.0,28.40746054519369,28,880,2,
995.0,49.84924623115578,36,203,2,
1095.0,8.767123287671232,41,253,5864,
1295.0,70.03861003861005,34,197,314,
1299.0,58.50654349499615,20,262,1,
1599.0,40.08755472170106,29,195,5864,
1199.0,66.72226855713093,46,269,5864,
999.0,50.05005005005005,41,164,14,
2299.0,34.797738147020446,22,589,16,
995.0,49.84924623115578,32,193,314,
750.0,0.0,49,317,5864,4.5
1999.0,50.025012506253134,50,186,5864,
1299.0,0.0,25,548,1,
699.0,55.793991416309005,20,176,5864,
2500.0,54.04,26,603,48,
4999.0,0.0,49,308,1,
599.0,50.08347245409015,15,155,5864,
699.0,0.0,50,367,1,
1099.0,9.099181073703368,31,191,5864,
2199.0,72.76034561164165,44,641,250,
1299.0,15.396458814472672,40,129,2,
1199.0,25.10425354462052,34,198,5864,
3999.0,55.01375343835959,56,183,37,
940.0,49.46808510638298,81,291,53,
360.0,8.333333333333332,40,187,5864,
2330.0,70.0,46,221,8,
1999.0,15.70785392696348,58,1031,144,
499.0,64.92985971943888,38,207,5864,
2800.0,67.14285714285714,43,217,469,
500.0,48.2,35,1124,22,
320.0,10.9375,19,167,30,
3499.0,20.005715918833957,29,198,5864,
299.0,0.0,39,179,5864,
390.0,0.0,40,209,299,
18000.0,13.97222222222222,56,184,6,3.3
1299.0,0.0,33,579,46,
2549.0,63.55433503334641,40,1677,5864,
1470.0,5.034013605442176,90,1577,3,
600.0,62.5,33,1225,100,
1499.0,0.0,38,681,1,
1200.0,75.08333333333333,37,203,71,
1999.0,15.70785392696348,44,1012,144,
900.0,23.33333333333333,23,255,1,
699.0,57.22460658082976,35,236,5864,
1299.0,65.43494996150885,54,561,1,
449.0,0.0,24,112,5,
420.0,57.38095238095238,41,211,155,
360.0,13.88888888888889,28,185,299,
2500.0,25.0,50,232,1,
2999.0,66.68889629876625,41,1001,30,
41427.0,25.34337509353803,58,247,211,
1300.0,40.07692307692308,27,183,6,
1999.0,15.70785392696348,58,1025,144,
499.0,40.08016032064128,57,346,3,
1999.0,80.99049524762381,44,270,6,
799.0,20.02503128911139,49,227,5864,
999.0,49.94994994994995,51,237,5864,
4900.0,67.36734693877551,42,216,469,
499.0,40.08016032064128,30,980,1,
599.0,0.0,42,750,314,
2985.0,70.01675041876047,21,316,26,
3748.0,39.994663820704375,64,153,7,
9300.0,5.0,29,1019,9,
459.0,56.644880174291934,99,1292,74,
2800.0,67.14285714285714,44,219,469,
1599.0,37.5234521575985,31,376,2,
4500.0,78.33333333333333,30,118,2,
2097.0,61.897949451597526,36,228,5864,
2199.0,72.76034561164165,44,641,250,
1199.0,58.38198498748957,19,196,5864,
599.0,33.3889816360601,25,402,6,
1899.0,50.026329647182735,35,199,5864,
599.0,49.91652754590985,47,767,5864,
675.0,29.925925925925927,14,157,27,
1100.0,70.0,43,215,46,
1599.0,37.023139462163854,39,787,23,
1080.0,55.00000000000001,26,370,17,
1040.0,47.11538461538461,30,165,5864,3.8
4900.0,67.36734693877551,38,208,469,
31085.0,28.57326684896252,41,213,211,
950.0,0.0,53,725,26,
712.0,29.91573033707865,27,353,11,
766.0,0.0,38,207,1,
140.0,7.142857142857142,29,756,1,
1076.0,50.0,48,225,2,
399.0,0.0,29,314,14,
1999.0,65.03251625812906,48,1333,10,
899.0,0.0,42,213,5864,
7308.0,0.0,24,83,1,
1100.0,63.727272727272734,39,207,15,
599.0,58.43071786310517,120,1191,74,
595.0,0.0,21,612,2,4.3
3190.0,50.0,42,498,5864,
799.0,40.05006257822278,33,189,5864,4.0
499.0,0.0,33,197,4,
250.0,8.0,20,698,1,
999.0,75.27527527527528,37,203,18,
1000.0,50.0,33,369,7,
499.0,10.02004008016032,20,582,2,
399.0,25.062656641604008,19,159,5864,5.0
21308.0,27.3089919279144,48,227,211,
630.0,0.0,126,686,2,
2495.0,63.967935871743485,49,227,5864,
399.0,38.59649122807017,29,189,2,5.0
1360.0,78.01470588235294,27,183,6,5.0
1299.0,0.0,16,310,12,
265.0,33.9622641509434,44,299,1,
3300.0,18.181818181818183,51,140,2,
451.0,0.0,19,166,5864,
385.0,0.0,42,212,100,
400.0,0.0,56,196,5864,
765.0,8.627450980392156,36,472,5864,
850.0,67.17647058823529,29,189,18,
4900.0,67.36734693877551,45,222,469,
900.0,55.66666666666666,30,2756,1,
799.0,37.546933667083856,48,230,5864,
499.0,21.8436873747495,39,871,5864,
399.0,75.18796992481202,127,384,2,
999.0,30.03003003003003,22,175,14,
899.0,0.0,45,220,5864,
43153.0,29.379185688132925,44,163,26,
350.0,14.571428571428571,45,512,17,
4049.0,14.818473697209186,44,1189,3,
2800.0,67.14285714285714,40,211,469,
699.0,14.30615164520744,41,217,5864,
399.0,0.0,37,213,10,
2599.0,23.08580223162755,16,143,10,5.0
799.0,43.92991239048811,80,1144,16,
540.0,55.00000000000001,58,251,155,
1550.0,51.2258064516129,29,725,5864,
380.0,17.105263157894736,31,178,5864,
999.0,50.05005005005005,34,197,314,
600.0,24.166666666666668,74,585,141,
1150.0,63.82608695652174,28,185,16,
399.0,50.125313283208015,59,699,2,
4200.0,67.14285714285714,41,214,469,
1360.0,65.07352941176471,59,195,53,
999.0,60.06006006006006,44,217,8,
2450.0,62.44897959183674,37,205,469,
1100.0,60.09090909090909,56,240,5864,2.0
530.0,16.9811320754717,28,185,299,
1499.0,82.65510340226818,30,397,6,
13053.0,31.678541331494674,44,162,26,
900.0,61.22222222222222,34,203,1,
1090.0,10.091743119266056,41,211,5864,3.7
33330.0,8.592859285928593,53,394,99,
550.0,9.090909090909092,66,192,3,
595.0,0.0,35,324,5864,
2199.0,72.76034561164165,44,641,250,
339.0,53.09734513274337,48,750,27,
349.0,49.8567335243553,80,289,299,
899.0,60.06674082313682,38,205,5864,
499.0,64.92985971943888,45,1456,5864,5.0
999.0,59.95995995995996,31,341,71,
1599.0,40.02501563477173,31,623,5864,1.0
1799.0,30.016675931072815,45,220,5864,
2199.0,72.76034561164165,44,641,250,
499.0,0.0,52,233,35,
1199.0,75.22935779816514,33,196,288,
398.0,0.0,36,199,5864,3.3
999.0,60.06006006006006,43,481,155,
999.0,5.005005005005005,39,308,5864,
799.0,71.8397997496871,41,351,110,
1299.0,7.621247113163972,48,1580,7,
500.0,30.2,24,1214,5864,
5995.0,77.99833194328608,84,2368,1,
1499.0,53.36891260840561,53,179,27,
2295.0,14.989106753812637,34,207,5864,4.8
2299.0,39.147455415398,56,145,1,
1480.0,59.52702702702703,37,204,5864,
399.0,0.0,57,243,35,
1598.0,56.25782227784731,26,304,6,
24911.0,43.79591345188872,41,376,211,
399.0,15.037593984962406,24,303,3,
36124.0,29.520540360978853,47,225,211,
2199.0,55.47976352887676,41,918,5,
1299.0,88.52963818321786,40,209,100,
799.0,0.0,43,214,5864,
1999.0,70.03501750875438,30,189,10,
2199.0,72.76034561164165,42,639,250,
1699.0,20.01177163037081,30,320,2,
1100.0,0.0,45,218,5864,
999.0,0.0,23,181,5864,
1299.0,53.88760585065435,39,843,20,
40999.0,15.122320056586746,37,205,25,
1295.0,38.3011583011583,44,171,2,
1050.0,43.42857142857143,39,1006,141,
650.0,54.0,29,815,5864,
430.0,0.0,44,219,8,4.0
4900.0,67.36734693877551,47,226,469,
1690.0,0.0,17,157,5864,
1399.0,50.03573981415297,26,140,27,
799.0,0.0,38,457,2,
749.0,33.37783711615487,16,156,5864,
500.0,40.2,22,441,1,
899.0,0.0,44,401,22,
849.0,41.22497055359246,45,219,314,
899.0,58.509454949944384,55,1011,3,
1399.0,75.05360972122945,49,234,5864,
1499.0,40.426951300867245,55,1228,3,
230.0,17.82608695652174,24,1038,5864,
999.0,65.06506506506507,27,342,1,
990.0,52.92929292929293,37,1582,11,
36004.0,10.99877791356516,47,225,99,
30176.0,31.24005832449629,42,423,211,
699.0,30.042918454935624,38,209,2,
499.0,82.16432865731463,45,219,155,
999.0,50.05005005005005,25,232,1,
1722.0,71.02206736353078,56,243,5864,
2985.0,70.01675041876047,21,316,26,
7638.0,44.749934537837134,20,316,25,
1399.0,57.18370264474625,42,638,5864,
1360.0,65.07352941176471,53,235,53,
450.0,64.44444444444444,31,269,155,
400.0,19.75,28,185,299,
725.0,48.27586206896552,37,202,314,1.0
899.0,50.055617352614014,37,202,314,
280.0,57.14285714285714,36,200,71,
2199.0,16.234652114597544,48,1503,3,
2800.0,67.14285714285714,38,207,469,
360.0,16.666666666666664,30,177,5864,
2600.0,10.0,52,839,11,
2499.0,74.0296118447379,35,123,1,
249.0,60.24096385542169,69,194,1,
2199.0,72.76034561164165,42,639,250,
1999.0,15.70785392696348,46,173,144,
599.0,33.3889816360601,39,895,85,
599.0,40.90150250417362,15,162,5864,5.0
1299.0,40.03079291762894,42,219,5864,
2110.0,37.91469194312796,44,570,299,
4500.0,6.666666666666667,37,206,1,
449.0,0.0,15,206,3,
599.0,50.08347245409015,26,305,36,
6500.0,25.09230769230769,110,352,33,
2500.0,58.08,104,340,141,
1499.0,40.0266844563042,50,706,3,
299.0,40.13377926421405,51,2619,1,
390.0,10.256410256410255,28,175,5864,
1899.0,36.86150605581886,64,153,7,
602.0,33.72093023255814,22,542,8,
1200.0,75.08333333333333,19,167,25,
525.0,0.0,25,545,5864,
399.0,37.59398496240601,31,429,19,
1000.0,70.1,32,194,155,2.3
2598.0,50.0,34,200,27,
49613.0,28.516719408219625,48,225,99,
897.0,39.910813823857296,21,393,5864,
899.0,0.0,42,215,5864,
600.0,25.166666666666664,26,444,1,
3599.0,49.98610725201445,20,178,5864,
779.0,20.025673940949936,39,209,83,
699.0,50.07153075822603,32,193,34,
1399.0,50.10721944245889,31,191,5864,
1599.0,6.316447779862414,32,193,19,
1250.0,60.0,26,796,14,
1099.0,63.2393084622384,36,203,314,
2995.0,90.01669449081803,24,164,5864,4.0
1599.0,40.02501563477173,53,193,5864,5.0
600.0,50.0,36,1542,5,
1599.0,50.28142589118198,33,195,5,
899.0,52.72525027808677,53,235,167,
499.0,0.0,26,181,21,
279.0,0.0,32,700,36,1.7
899.0,20.13348164627364,35,1385,5864,
999.0,60.06006006006006,40,757,1,
450.0,6.666666666666667,63,255,13,
399.0,37.59398496240601,31,429,19,
689.0,12.917271407837449,29,187,1,
1500.0,41.333333333333336,32,1050,10,
1500.0,55.400000000000006,40,209,14,
3390.0,0.0,52,367,1,
1200.0,33.33333333333333,36,203,1,
899.0,29.92213570634038,50,229,5864,
999.0,50.05005005005005,42,536,5864,
2495.0,40.0,48,225,5864,
799.0,37.546933667083856,34,197,5864,
750.0,38.0,35,673,5,
2999.0,60.02000666888962,26,275,5,
10000.0,20.0,34,348,1,
550.0,50.0,112,1193,1,
795.0,49.937106918239,42,218,5864,
649.0,40.06163328197226,65,397,299,
1499.0,43.29553035356904,61,708,1,
750.0,50.0,17,163,25,
750.0,0.0,53,725,26,
1790.0,50.0,17,157,5864,
185.0,19.45945945945946,27,1319,3,3.1
990.0,71.21212121212122,50,1452,6,
1699.0,58.85815185403178,17,193,5864,4.8
2300.0,78.30434782608697,37,451,5864,
999.0,0.0,28,1330,15,3.5
849.0,55.35924617196702,59,255,155,
1499.0,80.0533689126084,63,255,9,
2399.0,0.0,34,200,5,
47406.0,23.946335906847235,58,247,99,
666.0,55.1051051051051,44,219,5864,
2999.0,50.01667222407469,32,121,17,
1839.0,33.87710712343665,45,222,83,
2499.0,50.02000800320128,43,255,5864,
919.0,56.58324265505985,28,185,6,
599.0,41.736227045075125,32,193,34,
299.0,33.44481605351171,49,189,5864,
1099.0,63.69426751592356,54,714,5864,5.0
2350.0,14.936170212765957,20,146,41,
299.0,0.0,40,527,10,
2699.0,55.57613931085588,27,197,5864,4.2
4999.0,40.008001600320064,53,142,5,
399.0,72.68170426065163,42,218,6,
650.0,30.76923076923077,48,225,26,
2000.0,29.9,32,351,14,
599.0,27.712854757929883,45,180,5864,3.0
745.0,0.0,42,256,5864,
2999.0,56.68556185395131,70,159,1,
3999.0,56.26406601650413,36,1034,3,
199.0,25.125628140703515,24,177,40,
1990.0,0.0,28,169,5864,
1049.0,63.870352716873214,31,341,110,
699.0,0.0,20,247,2,
599.0,0.0,39,1327,1,
525.0,0.0,25,545,5864,
249.0,14.859437751004014,64,257,299,
1430.0,49.65034965034965,22,173,299,
2199.0,50.022737608003645,19,231,14,
800.0,18.875,39,179,2,
598.0,33.27759197324415,26,183,73,
739.0,27.06359945872801,49,751,27,
1250.0,60.0,26,792,14,
150.0,20.0,38,178,5864,
3240.0,0.0,44,2543,1,
1000.0,70.1,27,183,11,
7999.0,57.86973371671459,29,118,18,
800.0,25.125,90,944,33,
690.0,0.0,18,431,1,
3900.0,80.0,47,319,14,
2190.0,55.02283105022832,33,173,5864,
1200.0,34.166666666666664,42,821,2,
3150.0,80.0,47,321,14,
32492.0,28.61627477532932,36,203,26,
949.0,42.149631190727085,60,261,5864,
1299.0,53.88760585065435,38,1891,34,
599.0,0.0,45,226,5864,3.7
780.0,59.61538461538461,33,1405,85,
1099.0,58.23475887170154,31,341,100,
899.0,44.493882091212456,83,1035,5,
1749.0,53.17324185248714,29,117,23,
999.0,50.05005005005005,14,180,5864,
325.0,0.0,25,179,10,
2199.0,72.76034561164165,44,641,250,
3488.0,50.0,18,177,5864,
1199.0,33.361134278565466,43,574,3,
389.0,23.13624678663239,68,265,299,
1999.0,55.02751375687844,43,143,5864,
650.0,0.0,42,309,5864,
290.0,34.48275862068966,37,841,2,
3999.0,60.01500375093774,33,898,6,
649.0,61.63328197226502,51,231,46,
1799.0,69.48304613674263,26,185,2,
599.0,37.39565943238731,25,172,5864,
399.0,25.062656641604008,29,561,8,
4499.0,22.22716159146477,12,169,5864,
1000.0,20.1,36,208,5864,
749.0,73.43124165554073,29,339,100,
699.0,58.51216022889842,78,1516,2,
2399.0,50.02084201750729,41,713,1,
4900.0,67.36734693877551,45,222,469,
12500.0,40.008,46,205,1,
749.0,40.053404539385845,33,189,5864,4.0
735.0,0.0,37,204,5864,
459.0,56.644880174291934,114,1347,74,
899.0,57.17463848720801,42,212,5864,
1998.0,50.0,33,201,5864,
800.0,68.875,27,1163,11,
599.0,83.47245409015025,31,190,34,
1799.0,72.26236798221234,45,225,5864,
850.0,55.294117647058826,28,957,1,
3390.0,35.39823008849557,66,264,8,
495.0,44.44444444444444,28,668,51,
2271.0,45.44253632760898,55,597,3,
999.0,60.06006006006006,29,567,5864,
1200.0,16.75,70,269,15,
1400.0,74.42857142857143,40,235,141,
1349.0,73.38769458858414,59,253,167,
745.0,0.0,53,235,5864,
899.0,66.62958843159066,31,341,110,
299.0,33.44481605351171,35,464,1,
2609.0,21.54082023763894,26,181,19,
1600.0,50.0,29,187,15,
499.0,70.14028056112225,33,224,2,
2490.0,19.67871485943775,58,185,5864,
769.0,55.006501950585175,38,1072,314,
899.0,45.05005561735261,48,225,314,
529.0,41.58790170132325,47,456,9,
39208.0,28.790042848398283,58,247,211,
750.0,80.13333333333334,29,117,1,
299.0,33.44481605351171,30,554,13,
599.0,16.69449081803005,29,561,8,
4497.0,60.21792305981766,34,198,5864,
1099.0,67.33393994540491,48,313,1,
39903.0,22.43690950555096,46,223,99,
1990.0,60.0,34,196,5864,
999.0,67.06706706706707,54,239,8,
2588.0,10.00772797527048,42,2659,1,
499.0,60.120240480961925,34,760,5864,
1500.0,53.66666666666666,12,139,5,4.2
399.0,30.07518796992481,27,183,8,
699.0,0.0,37,203,5864,
750.0,0.0,53,235,26,
390.0,10.256410256410255,32,179,5864,
2999.0,66.68889629876625,41,1003,30,
4915.0,20.81383519837233,26,181,19,
1198.0,50.0,53,4201,1,
1499.0,33.3555703802535,37,216,1,
699.0,46.3519313304721,73,1734,6,
1199.0,65.05421184320267,21,176,110,1.0
2199.0,54.57025920873125,41,743,3,2.5
650.0,54.0,29,816,5864,
2499.0,48.019207683073226,32,185,5864,5.0
4299.0,10.002326122354036,36,125,53,
1099.0,54.5950864422202,34,198,72,
727.0,19.944979367262725,39,209,83,
300.0,0.0,37,205,12,5.0
1299.0,65.43494996150885,26,186,10,
299.0,0.0,36,201,5864,
1999.0,70.03501750875438,42,206,1,
399.0,40.100250626566414,37,629,2,
500.0,48.2,30,1109,22,
999.0,56.05605605605606,33,197,1,
9999.0,46.994699469946994,57,184,26,3.5
499.0,0.0,37,202,5864,
999.0,55.05505505505506,48,224,5864,
999.0,60.06006006006006,50,229,11,
499.0,21.8436873747495,39,222,5864,
1250.0,48.96,29,189,4,4.5
1295.0,50.038610038610045,24,177,5864,
12550.0,19.258964143426294,24,946,15,
10796.0,50.91700629862912,28,234,288,
2000.0,82.5,24,177,41,
380.0,10.526315789473683,20,167,5864,2.2
1797.0,75.01391207568169,35,199,41,
2899.0,48.29251466022767,60,149,2,
5769.0,60.149072629571855,43,599,8,
649.0,50.077041602465336,40,211,14,
2000.0,50.05,49,388,4,
379.0,2.3746701846965697,32,179,5864,
600.0,41.66666666666667,28,185,8,
32964.0,28.701007159325325,49,229,211,
799.0,50.31289111389236,37,203,5864,
1000.0,50.0,29,187,15,
699.0,60.65808297567954,46,1457,5864,
1710.0,50.0,26,187,5864,
4900.0,67.36734693877551,45,222,469,
985.0,14.720812182741115,19,169,1,
2267.0,52.00705778561976,40,272,5,
1795.0,51.03064066852368,24,176,5864,
410.0,2.682926829268293,79,287,299,
999.0,44.94494494494494,30,2203,17,
2800.0,67.14285714285714,46,223,469,
4900.0,67.36734693877551,39,210,469,
2790.0,31.93548387096774,56,183,5,4.3
1350.0,26.29629629629629,22,162,5864,
450.0,35.55555555555556,29,187,34,
1095.0,30.04566210045662,32,194,5864,
39936.0,25.42067307692308,62,255,99,
349.0,29.799426934097426,67,1337,10,
575.0,0.0,65,356,5864,
1200.0,70.91666666666666,28,191,5864,
1899.0,62.13796735123749,36,324,2,
1199.0,58.38198498748957,29,189,314,4.0
1199.0,70.89241034195163,21,385,3,
469.0,27.718550106609808,40,420,299,
899.0,60.06674082313682,44,217,5864,
450.0,12.22222222222222,26,181,1,
2916.0,27.26337448559671,39,2093,83,
2114.0,4.635761589403973,47,680,1,
999.0,67.06706706706707,65,862,36,
1998.0,52.45245245245245,42,220,5864,2.0
2199.0,72.76034561164165,44,641,250,
999.0,50.05005005005005,20,342,1,
820.0,3.048780487804878,22,417,299,
360.0,8.88888888888889,43,190,5864,
499.0,61.923847695390776,30,187,110,
799.0,0.0,42,218,5864,
1299.0,0.0,38,174,5864,
359.0,58.495821727019504,36,202,30,
999.0,30.03003003003003,22,175,14,
799.0,0.0,22,215,5864,4.0
849.0,23.557126030624264,42,226,5864,
1050.0,59.523809523809526,50,229,25,
700.0,57.285714285714285,44,229,155,
469.0,31.76972281449893,70,269,299,
1599.0,6.2539086929330825,77,1933,10,
1890.0,68.78306878306879,41,211,8,
1848.0,70.02164502164501,51,231,9,
2598.0,50.0,34,200,27,
899.0,50.055617352614014,37,201,72,
899.0,74.972191323693,33,195,1,
4200.0,67.14285714285714,37,206,469,
499.0,44.08817635270541,48,307,7,
37488.0,28.590482287665388,49,229,99,
1680.0,25.0,39,890,23,
799.0,62.70337922403005,49,1549,6,
699.0,71.5307582260372,31,792,9,
599.0,16.69449081803005,18,190,5864,
700.0,43.0,40,299,1,4.3
765.0,0.0,40,250,5864,
999.0,0.0,47,235,5864,
1999.0,64.98249124562281,47,123,5864,
959.0,65.69343065693431,26,414,3,
500.0,30.0,32,195,26,4.0
5379.0,61.53560141290203,39,210,83,
2100.0,50.0,34,573,15,
999.0,50.05005005005005,22,1738,5864,
1999.0,50.025012506253134,18,174,5864,
2800.0,67.14285714285714,44,219,469,
2000.0,40.0,32,1682,15,
1999.0,44.772386193096544,41,130,1,2.8
949.0,69.54689146469968,31,341,100,
699.0,50.07153075822603,32,172,34,
495.0,9.090909090909092,47,199,5864,
499.0,40.08016032064128,29,117,18,
499.0,50.1002004008016,30,189,13,
1640.0,48.84146341463415,19,696,5,
1748.0,60.01144164759725,24,164,5864,
799.0,69.96245306633291,40,214,5864,
800.0,52.5,26,181,41,
599.0,0.0,48,308,5864,1.0
999.0,60.06006006006006,14,413,3,
350.0,0.0,64,259,5864,
9990.0,50.05005005005005,77,1225,2,
399.0,50.125313283208015,44,342,2,
1999.0,30.01500750375188,31,196,5864,
220.0,0.0,32,1617,3,
170.0,0.0,15,624,4,
1050.0,57.23809523809524,15,333,5864,
6999.0,65.56650950135734,54,143,1,
899.0,60.06674082313682,39,207,72,
1407.0,60.41222459132906,53,1037,110,
695.0,0.0,46,262,5864,
899.0,44.493882091212456,35,714,2,
4200.0,65.5,24,1333,14,
799.0,58.82352941176471,45,218,5864,
4900.0,67.36734693877551,44,220,469,
1099.0,40.03639672429482,31,191,5864,
3199.0,59.987496092528914,26,251,2,
998.0,50.0,27,777,73,
3799.0,0.0,36,125,53,
1900.0,0.0,52,1278,6,
908.0,50.0,40,1688,19,
1100.0,63.727272727272734,39,207,15,
549.0,50.09107468123861,47,234,5864,
2000.0,75.25,24,125,41,
1200.0,70.91666666666666,28,682,5864,
199.0,0.0,24,440,5864,
1999.0,30.01500750375188,41,975,5864,
795.0,0.0,45,315,5864,
499.0,53.90781563126252,43,1452,4,
690.0,42.028985507246375,34,197,6,
945.0,10.582010582010582,29,187,288,
4900.0,67.36734693877551,39,210,469,
875.0,40.0,57,341,8,
2998.0,50.0,45,907,1,
2376.0,78.9983164983165,28,185,9,
2199.0,72.76034561164165,44,641,250,
495.0,0.0,29,370,1,
1999.0,33.36668334167084,61,150,95,
945.0,68.35978835978837,38,218,1,
1599.0,40.21263289555972,19,159,5864,
1499.0,63.37558372248166,51,1394,45,
949.0,68.4931506849315,31,192,85,
260.0,46.15384615384615,55,377,1,
1996.0,75.0,26,416,14,
389.0,10.025706940874036,41,188,5864,
695.0,9.49640287769784,71,271,29,
999.0,49.94994994994995,51,237,5864,
600.0,33.33333333333333,38,927,7,
32375.0,15.0023166023166,52,235,25,
3999.0,57.51437859464866,63,190,37,
999.0,73.07307307307308,28,493,2,
1299.0,53.88760585065435,38,1891,34,
349.0,0.0,50,499,22,
1299.0,23.094688221709006,13,445,2,
739.0,27.06359945872801,50,752,27,
3199.0,20.006251953735543,21,182,5864,
1200.0,60.0,29,187,16,5.0
1999.0,40.0200100050025,82,2403,1,
2500.0,45.12,35,735,21,
1999.0,50.025012506253134,44,1405,1,
1295.0,61.46718146718146,46,322,5864,
999.0,70.07007007007007,61,251,155,
1280.0,50.78125,30,191,66,
1699.0,0.0,31,202,5864,
1399.0,50.03573981415297,47,723,5864,
699.0,28.61230329041488,42,150,5864,
164.0,23.170731707317078,24,336,5,
600.0,41.66666666666667,32,460,2,
2500.0,28.000000000000004,65,262,6,
1895.0,0.0,20,161,5864,
1199.0,58.38198498748957,14,166,5864,
1799.0,15.008337965536407,55,534,2,
2970.0,52.02020202020202,43,262,12,
799.0,53.06633291614519,41,226,100,
899.0,52.28031145717463,42,213,167,
458.0,56.55021834061136,29,815,5864,
999.0,61.86186186186187,23,183,5864,
650.0,54.0,29,815,5864,
999.0,0.0,20,167,5864,
2499.0,20.00800320128051,31,205,5864,
849.0,82.44994110718493,50,176,3,
1099.0,70.5186533212011,36,206,314,
1080.0,50.92592592592593,30,191,66,
999.0,50.05005005005005,13,373,2,
2000.0,29.9,33,359,14,
1549.0,51.64622336991608,31,231,288,
5999.0,78.36306051008502,49,1551,17,
1199.0,55.04587155963303,43,1741,2,
850.0,0.0,30,191,4,
500.0,30.0,32,214,26,
49999.0,33.43066861337227,77,285,8,
3219.0,15.00465983224604,72,420,1,
1199.0,58.38198498748957,50,1704,5864,
995.0,0.0,48,334,5864,3.8
1099.0,72.33848953594176,36,202,72,
481.0,0.0,26,264,3,
1899.0,59.97893628225381,36,202,5864,5.0
3900.0,80.0,47,324,14,
700.0,57.285714285714285,28,183,110,
351.0,0.0,17,163,5864,
364.0,23.07692307692308,46,453,5,
500.0,22.2,33,180,5864,5.0
999.0,65.06506506506507,30,188,288,
4599.0,67.40595781691671,72,303,2,
390.0,0.0,41,213,8,5.0
699.0,54.506437768240346,39,212,288,
1999.0,15.70785392696348,58,185,144,
2199.0,72.76034561164165,42,639,250,
225.0,11.11111111111111,17,169,1,
999.0,40.04004004004004,29,189,21,
8499.0,0.0,37,490,2,
499.0,40.08016032064128,29,117,18,
3500.0,24.285714285714285,44,220,41,
200.0,53.0,41,584,167,
399.0,19.799498746867165,46,360,1,
1160.0,10.0,53,1429,11,
400.0,62.5,27,183,26,
4900.0,67.36734693877551,39,210,469,
4900.0,67.36734693877551,42,216,469,
2899.0,48.29251466022767,40,473,4,
999.0,74.57457457457457,41,1331,7,
1866.0,73.2583065380493,28,185,9,
2488.0,30.02411575562701,35,212,5864,
999.0,40.04004004004004,63,151,95,
31836.0,24.2618419399422,42,215,99,
2500.0,50.03999999999999,26,184,48,
999.0,74.97497497497497,50,231,17,
2500.0,20.4,55,360,5864,
799.0,26.78347934918649,37,203,5864,
799.0,50.06257822277848,40,209,5864,
1999.0,15.70785392696348,44,1012,144,
6400.0,25.078125,97,326,33,
1490.0,0.0,53,238,3,
3999.0,0.0,43,1251,6,
999.0,67.06706706706707,81,926,36,
2450.0,62.44897959183674,39,209,469,
599.0,70.11686143572621,21,161,5864,2.6
600.0,0.0,37,1278,7,
1745.0,71.40401146131805,31,192,288,
499.0,54.90981963927856,17,348,1,
630.0,28.57142857142857,31,1477,3,
1299.0,26.943802925327176,81,190,6,
2800.0,33.57142857142857,40,212,41,
399.0,37.59398496240601,53,545,110,4.5
999.0,65.06506506506507,34,204,85,
230.0,56.95652173913044,41,796,54,5.0
799.0,50.06257822277848,42,228,5864,3.7
999.0,0.0,56,314,5864,
2170.0,45.02304147465438,27,389,5864,
650.0,0.0,27,254,1,
799.0,37.546933667083856,33,201,288,
325.0,0.0,43,215,10,
235.0,36.17021276595745,73,317,5864,2.3
1400.0,40.0,29,631,5864,
599.0,50.08347245409015,24,292,10,
1299.0,40.18475750577368,19,159,5864,
699.0,22.889842632331906,18,627,1,
2799.0,28.5816362986781,53,179,1,
2500.0,60.040000000000006,79,287,15,
220.0,18.63636363636364,12,468,2,
1800.0,17.77777777777778,51,1871,4,
3500.0,45.34285714285714,13,140,28,3.7
8999.0,90.56561840204466,42,300,1,2.0
445.0,22.47191011235955,42,300,1,
1198.0,24.958263772954925,49,453,5864,
1899.0,55.29225908372828,18,171,5864,
999.0,60.06006006006006,40,209,5864,5.0
600.0,0.0,21,171,1,
795.0,0.0,45,315,5864,
3950.0,55.974683544303794,53,629,1,
1299.0,40.03079291762894,37,203,5864,
1299.0,30.792917628945343,43,215,5864,5.0
999.0,0.0,48,302,5864,
499.0,78.15631262525051,45,219,167,
2000.0,70.6,35,310,12,
570.0,29.82456140350877,43,214,5864,3.0
2199.0,72.76034561164165,42,639,250,
350.0,42.85714285714285,35,650,51,
1499.0,66.84456304202801,44,217,314,3.0
715.0,34.26573426573427,77,285,5864,
499.0,20.04008016032064,18,158,5864,
999.0,60.06006006006006,51,231,46,
2499.0,60.024009603841534,29,1163,5864,5.0
1825.0,28.821917808219176,38,206,5864,
999.0,70.07007007007007,23,188,71,
1999.0,70.03501750875438,26,396,7,
1733.0,40.046162723600695,49,407,1,
3000.0,33.36666666666667,24,372,1,
599.0,33.3889816360601,36,202,5864,
4200.0,47.64285714285714,45,220,12,
1099.0,61.874431301182895,40,795,1,
2997.0,66.66666666666666,41,129,6,5.0
999.0,63.96396396396396,41,2173,141,
1795.0,66.62952646239553,25,196,5864,
295.0,0.0,64,259,5864,
650.0,58.46153846153847,93,219,15,
1150.0,0.0,47,563,5,
1499.0,53.36891260840561,51,177,27,
1400.0,39.285714285714285,36,254,42,
699.0,40.2002861230329,45,219,5864,
1299.0,0.0,32,249,2,
850.0,47.17647058823529,57,243,12,
2600.0,9.692307692307692,31,3447,1,
4900.0,67.36734693877551,38,208,469,
1499.0,63.37558372248166,51,1394,45,
1999.0,15.70785392696348,58,1026,144,
499.0,60.120240480961925,48,774,5864,
999.0,50.05005005005005,24,106,27,
2499.0,60.024009603841534,45,145,5864,
599.0,40.06677796327212,33,196,72,
799.0,37.546933667083856,52,140,8,
1499.0,33.28885923949299,67,266,4,
1599.0,37.023139462163854,37,801,23,
1495.0,49.96655518394649,56,1034,3,
980.0,69.48979591836735,60,1092,5,
199.0,15.07537688442211,48,227,5864,
849.0,70.6713780918728,51,231,40,
599.0,66.7779632721202,47,187,5864,
299.0,40.13377926421405,60,200,5864,
6000.0,25.0,53,441,2,
451.0,0.0,19,168,5864,
1930.0,75.02590673575129,36,202,288,
4499.0,50.18893087352745,29,170,5864,
1699.0,40.20011771630371,19,160,5864,
700.0,77.85714285714286,44,217,10,
999.0,0.0,38,327,5864,
479.0,0.0,24,112,5,
749.0,76.50200267022697,41,211,167,
1400.0,30.0,41,211,288,
1599.0,40.21263289555972,19,159,5864,
899.0,50.055617352614014,43,221,5864,
1999.0,60.03001500750376,40,166,2,
1599.0,50.03126954346466,118,1355,5864,
399.0,50.125313283208015,24,177,79,
1549.0,38.734667527437054,45,322,1,
1200.0,33.416666666666664,24,380,1,
1999.0,40.0200100050025,73,278,9,
3519.0,18.186984938903095,49,138,2,
3000.0,21.666666666666668,33,1097,41,
712.0,29.91573033707865,27,353,11,
999.0,40.04004004004004,46,172,10,
750.0,20.133333333333333,47,223,2,
749.0,0.0,49,309,5864,4.0
1999.0,50.025012506253134,33,918,4,
299.0,34.78260869565217,24,261,2,
569.0,55.008787346221446,36,246,314,
799.0,40.05006257822278,38,203,5864,
499.0,60.120240480961925,35,761,5864,
1199.0,58.38198498748957,37,214,5864,
1049.0,52.43088655862727,22,182,5864,
1050.0,43.42857142857143,39,315,141,
4900.0,67.36734693877551,46,224,469,
999.0,85.08508508508508,40,209,155,
799.0,50.06257822277848,41,211,7,
360.0,2.7777777777777777,37,184,5864,
1999.0,50.025012506253134,34,319,4,5.0
1160.0,0.0,35,583,4,
695.0,0.0,35,199,5864,3.0
499.0,60.120240480961925,29,428,3,
2199.0,72.76034561164165,44,641,250,
999.0,60.06006006006006,32,193,34,
1695.0,0.0,16,621,2,
400.0,4.75,21,551,299,
1100.0,54.63636363636364,39,207,15,
2199.0,0.0,53,235,5864,
899.0,50.055617352614014,35,197,5864,
510.0,19.607843137254903,28,185,299,
699.0,62.94706723891274,42,213,44,
499.0,0.0,38,1086,4,
480.0,0.0,20,302,12,
349.0,6.876790830945559,35,199,40,
299.0,0.0,38,207,5864,
1299.0,53.88760585065435,46,221,288,
415.0,0.0,20,306,12,
309.0,29.126213592233007,28,185,299,
499.0,60.120240480961925,31,193,2,1.0
849.0,50.05889281507656,48,227,14,
699.0,0.0,47,359,5864,
6395.0,14.996090695856138,41,214,2,
73500.0,35.0,40,213,31,5.0
44500.0,0.0,34,201,26,
1799.0,44.469149527515285,34,141,3,
799.0,77.59699624530664,37,203,20,
1075.0,54.97674418604651,22,173,5,
849.0,73.4982332155477,37,210,71,
750.0,52.400000000000006,50,4110,14,
499.0,60.120240480961925,33,759,5864,
775.0,22.70967741935484,20,146,41,
1100.0,63.727272727272734,39,207,15,
799.0,50.06257822277848,24,288,3,
2100.0,28.57142857142857,44,533,8,
499.0,50.901803607214426,46,210,5864,
1199.0,30.025020850708923,42,406,1,
999.0,60.06006006006006,55,244,48,
399.0,51.62907268170426,20,169,7,
1299.0,73.13317936874519,59,248,155,
1699.0,29.42907592701589,33,329,4,
1900.0,34.21052631578947,42,144,5864,
355.0,12.676056338028168,74,221,5864,
699.0,67.66809728183118,64,152,1,
1100.0,45.45454545454545,90,2555,15,
500.0,20.0,25,172,5864,
599.0,11.519198664440736,33,662,2,
3699.0,59.47553392808867,40,212,469,
529.0,34.02646502835538,44,446,299,
549.0,47.35883424408014,33,469,5864,4.5
4299.0,0.0,43,758,2,
3265.0,42.87901990811638,21,174,2,
7403.0,0.0,73,633,16,1.0
999.0,72.07207207207207,37,243,1,
599.0,38.39732888146912,44,640,4,
799.0,37.546933667083856,42,552,5864,
400.0,11.25,30,177,5864,
965.0,49.22279792746114,55,239,53,
349.0,19.77077363896848,48,188,5864,
399.0,54.88721804511278,81,297,110,
299.0,0.0,36,202,5864,
799.0,60.450563204005,42,212,72,
249.0,20.080321285140563,56,1235,5,2.4
1499.0,56.70446964643096,41,167,21,
360.0,23.05555555555556,44,191,5864,
2699.0,72.21193034457207,26,309,1,
1999.0,45.02251125562781,42,2542,1,
700.0,0.0,45,185,5864,
2000.0,22.0,56,220,2,
1000.0,60.1,26,189,3,
1499.0,49.96664442961974,22,180,5864,
299.0,50.16722408026756,41,517,8,
890.0,49.43820224719101,77,283,53,
999.0,60.06006006006006,29,567,5864,
2999.0,66.68889629876625,43,131,2,
1699.0,64.74396703943496,33,727,288,
13495.0,51.10040755835495,28,207,288,
350.0,7.142857142857142,52,192,5864,
879.0,20.477815699658706,47,223,299,
499.0,44.08817635270541,49,1798,3,
818.0,50.0,28,185,1,
449.0,54.12026726057907,103,701,4,
2200.0,54.59090909090909,36,400,3,
1755.0,9.116809116809115,23,193,5864,
2099.0,30.014292520247736,21,162,5864,
1750.0,28.62857142857143,26,316,13,
499.0,42.08416833667334,41,216,5864,
2600.0,61.57692307692307,21,181,5864,
699.0,50.07153075822603,41,211,314,
35977.0,24.99930511159908,56,243,3,
524.0,50.0,21,171,4,
957.0,0.0,46,263,5864,
749.0,0.0,41,252,5864,
3225.0,62.01550387596899,59,247,20,
6500.0,30.76923076923077,52,236,3,
1299.0,69.28406466512702,43,883,1,
30460.0,25.0,39,209,5,
3920.0,50.0,37,989,6,
2500.0,60.040000000000006,34,916,15,
699.0,34.33476394849785,38,207,14,
599.0,58.43071786310517,23,659,8,
1000.0,65.0,38,211,110,
599.0,0.0,38,616,3,
1399.0,42.88777698355968,30,253,2,
999.0,70.07007007007007,43,625,5864,
799.0,28.035043804755944,37,202,5864,
1199.0,75.0625521267723,35,199,5864,
540.0,16.85185185185185,16,163,5864,
599.0,62.43739565943238,57,245,5864,5.0
2895.0,48.22107081174439,40,167,101,
180.0,8.333333333333332,51,198,5864,
299.0,0.0,46,545,10,
800.0,56.375,57,243,12,
890.0,51.79775280898876,24,724,5,
699.0,49.92846924177397,38,205,5864,
749.0,73.43124165554073,29,339,6,
1000.0,45.1,39,843,5864,
799.0,57.571964956195245,44,361,9,
599.0,30.05008347245409,42,218,5864,5.0
725.0,41.37931034482759,42,212,314,
999.0,40.04004004004004,42,639,250,
1299.0,61.585835257890686,46,223,5864,
300.0,0.0,29,189,2,
660.0,1.5151515151515151,47,261,1,
1195.0,11.96652719665272,28,842,1,
2620.0,10.0,52,1425,11,
599.0,50.08347245409015,24,286,1,
2899.0,55.19144532597448,14,174,5864,
350.0,28.57142857142857,41,213,5864,
1099.0,54.5950864422202,25,440,1,
1499.0,63.37558372248166,51,1394,45,
699.0,27.181688125894134,19,173,36,4.0
675.0,0.0,47,318,5864,4.0
699.0,10.586552217453503,41,181,5864,
999.0,50.05005005005005,32,689,1,
399.0,40.100250626566414,53,337,10,
1045.0,30.04784688995215,32,193,5864,
949.0,69.54689146469968,31,341,30,
1099.0,63.69426751592356,52,332,79,
1295.0,10.038610038610038,47,334,5864,4.5
540.0,7.592592592592593,38,1121,1,
2199.0,72.76034561164165,42,639,250,
649.0,0.0,40,1017,4,
2500.0,30.0,21,262,13,
449.0,26.7260579064588,29,187,299,
1270.0,71.5748031496063,38,205,7,
449.0,0.0,29,117,1,
1599.0,34.39649781113196,50,177,27,
599.0,50.08347245409015,23,688,8,
1699.0,73.57268981753973,27,183,12,
1499.0,30.020013342228157,16,306,1,
4900.0,67.36734693877551,42,216,469,
393.0,37.40458015267176,22,709,3,
1499.0,66.711140760507,33,579,5864,
985.0,40.0,50,172,5864,3.0
339.0,53.09734513274337,50,752,27,
602.0,33.72093023255814,22,542,8,
699.0,60.65808297567954,24,1435,5864,
37752.0,30.517588472133927,49,229,211,
1999.0,15.70785392696348,58,185,144,
1950.0,59.74358974358975,22,287,4,
999.0,60.06006006006006,44,1598,1,
1299.0,42.34026173979984,34,199,5864,
4800.0,14.583333333333334,25,818,1,
799.0,0.0,29,187,5864,
799.0,71.8397997496871,39,244,5864,
699.0,14.30615164520744,75,1695,3,
1999.0,83.54177088544273,37,1612,1,
3275.0,50.01526717557252,59,247,20,
500.0,10.0,35,297,5,
1450.0,59.6551724137931,151,433,2,
400.0,51.24999999999999,56,243,5864,
2195.0,25.01138952164009,29,899,17,
700.0,63.85714285714285,16,163,2,
499.0,34.86973947895792,51,231,26,5.0
4000.0,72.5,61,254,10,
4000.0,27.525,22,176,14,
1999.0,60.03001500750376,56,279,2,
799.0,50.06257822277848,28,1044,10,
3999.0,36.85921480370092,47,579,2,
3500.0,51.02857142857143,33,766,21,
1095.0,45.662100456621005,66,1336,5864,
5500.0,48.23636363636364,35,736,21,
1299.0,40.03079291762894,76,281,5864,5.0
1299.0,69.28406466512702,34,241,5,
1799.0,44.469149527515285,18,158,5864,
4200.0,67.14285714285714,39,210,469,
458.0,56.55021834061136,29,815,5864,
525.0,9.523809523809524,64,257,29,
2000.0,65.05,54,243,5864,
599.0,33.3889816360601,42,213,38,
199.0,15.07537688442211,34,199,5864,
650.0,54.0,29,189,5864,
849.0,0.0,32,305,22,
380.0,22.36842105263158,31,178,5864,
3999.0,35.00875218804701,30,1237,5864,5.0
800.0,45.375,74,583,141,
329.0,11.854103343465043,35,444,2,
450.0,55.77777777777778,33,193,110,
899.0,10.011123470522804,63,164,5864,
42755.0,24.219389545082446,52,235,211,
1500.0,30.0,47,222,5864,
1200.0,62.583333333333336,55,661,10,
1704.0,70.01173708920187,36,201,9,
1195.0,71.96652719665272,56,1054,5,
640.0,40.625,36,240,42,
1299.0,30.023094688221708,38,716,5,
1199.0,58.38198498748957,19,191,5864,
48029.0,9.090341252160153,45,221,211,
699.0,65.80829756795423,32,193,44,
720.0,37.638888888888886,23,708,3,
1600.0,28.4375,16,1290,9,
799.0,0.0,37,203,5864,
1599.0,65.66604127579737,43,633,1,5.0
900.0,57.44444444444444,47,490,141,
2199.0,72.76034561164165,42,639,250,
359.0,11.142061281337048,42,182,5864,
950.0,50.0,36,208,288,
1500.0,70.0,85,298,5864,
1599.0,81.23827392120076,36,202,288,
599.0,46.74457429048415,40,1850,2,
1499.0,70.04669779853235,27,183,12,
1199.0,50.0417014178482,43,220,2,
1800.0,61.16666666666667,95,319,15,
800.0,48.125,19,297,3,5.0
37418.0,23.718531188198195,49,227,99,
999.0,52.55255255255256,50,397,3,
999.0,20.02002002002002,29,186,5864,5.0
280.0,0.0,21,168,5864,
625.0,0.0,21,171,3,
99.0,0.0,61,200,5864,
2199.0,72.76034561164165,42,639,250,
899.0,55.61735261401557,55,258,46,
1390.0,30.0,43,216,5864,
1520.0,20.0,41,216,5864,5.0
900.0,76.11111111111111,44,217,10,
350.0,14.285714285714285,19,167,12,
1399.0,57.18370264474625,42,220,5864,
319.0,0.0,18,1098,2,
999.0,0.0,49,315,5864,
230.0,0.0,21,171,299,
1299.0,15.011547344110854,28,682,1,
699.0,28.61230329041488,23,146,4,
600.0,33.33333333333333,43,597,1,
395.0,25.063291139240505,22,173,33,
585.0,10.085470085470083,44,312,5864,3.6
8999.0,24.44716079564396,31,194,9,
1199.0,41.70141784820684,39,468,1,
349.0,57.306590257879655,29,117,18,
999.0,55.05505505505506,22,173,1,
899.0,49.94438264738598,35,199,314,
1599.0,50.03126954346466,25,187,5864,
999.0,50.45045045045045,52,233,288,
449.0,40.31180400890869,36,206,5864,3.0
899.0,20.13348164627364,42,938,5864,
599.0,49.91652754590985,41,223,314,
191.0,19.895287958115183,67,265,5,
1299.0,61.585835257890686,20,151,5864,
1999.0,45.02251125562781,22,250,16,
11786.0,0.0,58,894,2,
998.0,50.0,25,165,5864,5.0
500.0,45.0,65,989,3,
2599.0,61.56213928434013,72,517,3,
1249.0,41.87349879903923,36,202,5864,
1200.0,70.91666666666666,28,682,5864,
4330.0,71.50115473441109,55,821,1,
2800.0,52.142857142857146,49,176,14,3.9
1550.0,51.2258064516129,29,182,5864,
599.0,62.43739565943238,62,1473,5864,
569.0,29.876977152899823,23,175,4,
1099.0,54.5950864422202,41,886,1,
999.0,66.06606606606607,128,1629,5,
699.0,64.66380543633763,45,219,18,
699.0,65.80829756795423,32,193,44,
599.0,72.62103505843072,52,975,74,
425.0,30.58823529411765,48,693,2,
1299.0,69.28406466512702,27,183,7,1.0
599.0,70.78464106844741,20,129,1,5.0
1199.0,62.55212677231026,42,214,5864,4.3
4900.0,67.36734693877551,42,216,469,
799.0,20.150187734668336,43,797,5864,
399.0,60.15037593984962,39,1274,21,
309.0,67.96116504854369,40,215,155,
899.0,40.04449388209122,36,207,5864,
699.0,50.07153075822603,67,711,9,
1700.0,51.76470588235295,32,470,2,
699.0,50.07153075822603,70,714,9,
249.0,0.0,48,473,5864,
1199.0,62.55212677231026,38,210,1,
2499.0,76.03041216486595,49,268,5864,
2800.0,67.14285714285714,40,211,469,
3900.0,0.0,84,1783,3,
1000.0,71.6,38,286,141,
999.0,0.0,55,280,5864,
999.0,60.16016016016016,43,215,167,
5779.0,32.53157985810694,32,249,7,
999.0,55.05505505505506,53,721,5864,
1325.0,52.83018867924528,49,229,8,
393.0,16.539440203562343,84,733,14,
1200.0,62.583333333333336,55,663,10,
3116.0,27.278562259306803,45,222,83,
849.0,41.22497055359246,30,189,2,
149.0,0.0,28,116,3,
34906.0,20.9992551423824,44,219,18,
499.0,8.016032064128256,31,346,1,
198.0,16.666666666666664,53,700,14,
1420.0,43.732394366197184,30,191,1,
899.0,44.93882091212458,20,160,5864,
799.0,43.92991239048811,82,1152,16,
530.0,39.62264150943396,28,185,299,
2999.0,66.82227409136378,61,338,5864,5.0
1999.0,52.52626313156578,44,1572,37,
1599.0,62.53908692933084,38,377,4,
1299.0,23.094688221709006,39,209,28,
450.0,0.0,48,224,5864,
1199.0,78.39866555462885,51,321,1,1.0
41039.0,22.42013694290797,43,215,99,
1999.0,72.48624312156078,37,172,5864,
500.0,54.0,63,397,1,
399.0,0.0,28,279,4,
999.0,20.92092092092092,40,192,5864,
727.0,19.944979367262725,39,209,83,
2500.0,40.04,34,123,1,
3999.0,57.51437859464866,53,179,37,
1299.0,40.03079291762894,38,206,288,
449.0,33.4075723830735,47,187,5864,
999.0,0.0,62,330,5864,2.2
367.0,65.39509536784742,33,199,5,
889.0,53.430821147356575,46,221,299,
800.0,50.625,22,180,5864,
458.0,54.80349344978166,23,111,3,2.0
899.0,0.0,17,162,5864,
495.0,25.05050505050505,22,173,33,
4900.0,67.36734693877551,41,214,469,
2799.0,64.45158985351911,23,163,5864,2.0
889.0,55.11811023622048,35,199,299,
499.0,20.04008016032064,27,183,299,
4499.0,11.113580795732386,51,1435,1,5.0
410.0,15.121951219512194,35,419,1,
4900.0,67.36734693877551,41,214,469,
3999.0,49.98749687421856,41,211,5864,
499.0,64.92985971943888,53,1464,5864,
2499.0,44.017607042817126,115,3754,7,
900.0,73.88888888888889,44,217,10,
360.0,23.05555555555556,39,186,5864,
2999.0,50.01667222407469,33,528,17,
4200.0,67.14285714285714,45,222,469,
712.0,0.0,74,200,1,
1350.0,53.77777777777778,25,799,4,
835.0,0.0,39,825,1,
1000.0,60.1,38,308,110,
299.0,53.84615384615385,35,687,1,
2100.0,77.38095238095238,77,283,13,
599.0,62.43739565943238,64,259,5864,5.0
399.0,62.40601503759399,31,193,7,
4079.0,61.53468987496935,39,210,83,
849.0,55.35924617196702,59,781,155,
6000.0,61.68333333333334,28,155,22,
1799.0,44.469149527515285,39,174,5864,
390.0,10.256410256410255,30,177,5864,
2199.0,72.76034561164165,44,641,250,
2199.0,72.76034561164165,44,641,250,
2550.0,52.94117647058824,31,192,5864,
499.0,0.0,19,269,5,
2999.0,66.68889629876625,41,1003,30,
1099.0,0.0,36,1078,7,
900.0,0.0,49,709,26,
875.0,49.71428571428572,42,136,5864,
2000.0,60.05,34,525,7,
799.0,50.06257822277848,81,577,5864,
3499.0,57.15918833952558,58,185,9,
999.0,40.04004004004004,25,564,24,
3990.0,38.59649122807017,33,1111,1,
999.0,85.08508508508508,40,152,167,
999.0,55.05505505505506,31,190,5864,
2999.0,33.344448149383126,54,1160,5,
1490.0,63.758389261744966,47,319,1,
2000.0,37.5,50,232,3,
2200.0,59.13636363636363,50,231,5864,
15598.0,0.0,54,615,16,
900.0,44.44444444444444,43,708,51,
2899.0,44.843049327354265,22,176,14,
1799.0,60.03335186214564,22,181,5864,
1600.0,18.75,36,204,2,
8500.0,0.0,61,254,8,
699.0,40.05722460658083,48,229,314,3.0
1198.0,75.04173622704508,54,237,100,
1200.0,70.91666666666666,28,191,5864,
599.0,41.736227045075125,42,215,5,
398.0,37.43718592964824,19,575,3,5.0
1299.0,58.50654349499615,34,358,1,
749.0,33.37783711615487,46,226,5864,
244.0,38.52459016393443,85,301,9,
2499.0,52.02080832332933,25,179,3,
499.0,9.819639278557114,20,160,5864,
2499.0,60.10404161664666,30,190,5864,4.2
1149.0,0.0,37,392,5,
500.0,21.0,62,209,5864,
999.0,59.95995995995996,44,217,8,
78.0,10.256410256410255,24,178,1,
999.0,40.04004004004004,42,639,250,
3999.0,62.515628907226805,53,429,18,
1699.0,70.62978222483814,38,206,288,
2624.0,0.0,50,747,3,
1800.0,52.55555555555556,20,957,1,
299.0,54.84949832775919,43,521,54,
1295.0,57.52895752895753,41,218,5864,
999.0,60.06006006006006,43,215,167,
448.0,22.098214285714285,41,383,5864,
1499.0,53.36891260840561,53,179,27,
529.0,26.46502835538752,27,183,299,
995.0,0.0,14,154,12,5.0
598.0,50.0,49,227,5864,
3295.0,10.015174506828528,17,620,1,
169.0,8.875739644970414,46,186,5864,
199.0,25.125628140703515,47,786,5864,3.9
1999.0,30.01500750375188,22,654,9,
9400.0,25.01063829787234,124,380,33,
799.0,0.0,37,203,5864,
699.0,64.2346208869814,27,153,9,
1866.0,71.11468381564845,53,235,7,
2250.0,40.0,41,1029,9,
699.0,50.07153075822603,26,231,4,
799.0,37.546933667083856,23,261,5,
598.0,33.27759197324415,26,183,73,
1499.0,56.70446964643096,41,892,21,
1650.0,52.72727272727272,57,243,15,
1235.0,6.882591093117409,41,214,3,4.0
3180.0,12.57861635220126,80,620,4,
899.0,29.92213570634038,50,228,5864,
1200.0,66.75,45,220,288,
501.0,0.0,19,167,5864,
1240.0,52.5,52,235,9,
799.0,25.03128911138924,48,136,1,
585.0,18.803418803418804,76,215,5864,
8300.0,5.0,36,468,2,
799.0,57.571964956195245,49,363,1,
44470.0,16.667416235664493,40,383,211,
390.0,10.256410256410255,30,177,5864,
270.0,6.666666666666667,28,185,299,
799.0,71.8397997496871,41,351,167,
1329.0,49.66139954853273,22,173,299,
1099.0,56.41492265696088,35,1837,2,
899.0,61.179087875417125,44,217,5864,
3250.0,44.61538461538462,32,852,51,
899.0,0.0,36,286,1,
11604.0,0.0,24,87,1,
240.0,0.0,66,263,1,
1155.0,0.0,54,240,5864,4.5
3897.0,53.83628432127278,81,294,27,
250.0,4.4,71,218,5864,
1599.0,42.964352720450286,17,143,26,
499.0,0.0,39,215,5864,
1000.0,70.0,25,179,3,5.0
2300.0,28.30434782608696,17,144,26,5.0
599.0,50.08347245409015,20,169,13,
499.0,40.08016032064128,47,696,11,
999.0,70.07007007007007,22,616,5864,
4000.0,40.2,28,169,5864,
699.0,71.5307582260372,29,117,18,
1299.0,0.0,20,161,5864,
499.0,51.10220440881763,70,730,11,
1699.0,35.020600353148915,63,1147,5864,
950.0,0.0,41,213,3,
599.0,62.43739565943238,48,1459,5864,5.0
999.0,0.0,20,173,5864,3.3
2525.0,60.83168316831683,35,360,3,
699.0,54.506437768240346,42,213,314,
800.0,58.875,34,198,85,
2985.0,70.01675041876047,21,318,26,
2499.0,0.0,45,278,4,
399.0,54.88721804511278,68,264,20,
1965.0,29.974554707379134,30,194,5864,5.0
950.0,42.21052631578948,38,210,5864,
500.0,10.0,22,175,1,4.0
2590.0,69.15057915057915,33,173,5864,
220.0,4.545454545454546,37,248,3,
4900.0,67.36734693877551,46,224,469,
24780.0,30.080710250201776,41,213,2,
599.0,41.736227045075125,45,427,5,
150.0,3.333333333333333,20,160,2,4.0
5000.0,82.02000000000001,56,1255,4,
359.0,61.28133704735376,41,661,110,
299.0,33.44481605351171,56,241,35,
399.0,0.0,20,179,5864,3.1
1100.0,57.36363636363636,56,240,5864,
899.0,0.0,50,229,5864,
1799.0,66.70372429127292,40,209,13,
2999.0,50.01667222407469,32,527,17,
399.0,50.125313283208015,26,134,27,
599.0,58.43071786310517,31,744,3,
41000.0,0.0,29,191,26,
3000.0,40.9,12,139,28,3.0
39002.0,19.99897441156864,53,237,132,
2199.0,72.76034561164165,42,639,250,
1499.0,56.70446964643096,59,1124,17,
1199.0,66.72226855713093,23,331,1,
899.0,70.07786429365962,23,891,3,
2199.0,72.76034561164165,42,639,250,
400.0,50.0,36,555,2,
699.0,29.756795422031477,36,216,1,
350.0,17.142857142857142,44,303,8,3.0
39736.0,29.32605194282263,49,229,211,
1775.0,9.971830985915494,48,678,1,
1750.0,50.28571428571429,54,239,5864,
799.0,37.546933667083856,36,201,314,1.0
409.0,4.88997555012225,31,178,5864,
600.0,62.5,33,1225,22,
499.0,21.8436873747495,39,223,5864,
699.0,57.22460658082976,29,567,5864,
1099.0,54.5950864422202,21,156,5864,
1299.0,20.09237875288684,40,217,5864,
649.0,53.929121725731896,45,218,5864,
679.0,41.23711340206185,32,150,3,
1595.0,37.36677115987461,59,248,5864,
4499.0,22.22716159146477,44,171,8,3.6
849.0,73.4982332155477,31,341,110,
699.0,36.48068669527897,26,181,4,
49999.0,27.286545730914614,65,261,8,
499.0,22.044088176352705,20,160,5864,
1199.0,0.0,25,479,15,4.0
775.0,64.51612903225806,84,2533,15,
499.0,80.16032064128257,45,219,155,
3199.0,50.01562988433885,18,2078,5864,
35726.0,20.99871242232548,45,221,18,
3999.0,57.51437859464866,65,1843,37,
4141.0,15.02052644288819,67,405,1,
3999.0,50.01250312578145,18,172,5864,
1000.0,0.0,37,206,12,3.7
36940.0,30.0,68,267,22,
3738.0,13.055109684323169,33,196,4,
949.0,68.38777660695469,31,341,110,
999.0,40.04004004004004,35,198,5864,
580.0,31.20689655172414,36,242,42,
1699.0,55.9152442613302,18,171,5864,
299.0,33.44481605351171,34,308,1,
1999.0,55.02751375687844,37,274,10,
239.0,16.736401673640167,48,188,5864,
299.0,16.387959866220736,48,225,40,
849.0,20.141342756183743,39,213,5864,4.0
3999.0,0.0,41,213,5864,
900.0,55.55555555555556,26,181,8,
1050.0,43.42857142857143,39,1005,141,
699.0,42.91845493562232,32,193,34,
999.0,50.05005005005005,20,560,5864,
1999.0,15.70785392696348,44,1012,144,
2499.0,0.0,12,308,6,
299.0,66.88963210702342,28,703,3,
1299.0,70.13086989992303,30,260,5864,
4497.0,60.21792305981766,34,198,5864,
2199.0,72.76034561164165,42,639,250,
499.0,40.08016032064128,48,188,5864,5.0
1499.0,66.77785190126751,19,259,1,
280.0,10.714285714285714,23,339,4,
999.0,50.05005005005005,29,830,28,
1999.0,50.025012506253134,30,754,4,
699.0,65.80829756795423,32,193,44,
2500.0,34.0,50,1123,2,
1500.0,51.33333333333333,30,191,66,
1590.0,0.0,17,158,5864,
1499.0,64.04269513008673,79,2298,27,
450.0,42.22222222222222,36,203,4,
299.0,33.44481605351171,31,406,19,
1000.0,80.10000000000001,30,189,40,
1000.0,70.1,25,180,167,
1425.0,51.2280701754386,97,1038,4,
300.0,26.666666666666668,24,179,5864,
999.0,40.04004004004004,35,521,5864,
1599.0,77.54846779237023,104,366,1,
1099.0,54.5950864422202,51,232,314,
799.0,50.06257822277848,38,206,288,4.0
2450.0,59.18367346938776,62,151,1,5.0
590.0,51.69491525423729,33,1439,6,
999.0,40.04004004004004,63,151,95,
750.0,0.0,37,205,12,4.5
1454.0,11.416781292984869,21,331,3,
799.0,71.8397997496871,41,351,110,
4900.0,67.36734693877551,39,210,469,
795.0,0.0,49,271,5864,
2199.0,72.76034561164165,44,641,250,
1029.0,0.0,21,213,5864,
2600.0,50.0,65,479,2,
1299.0,0.0,37,213,5864,
1599.0,59.974984365228266,32,201,5864,
2499.0,58.82352941176471,24,382,5864,
599.0,53.255425709515855,61,201,5864,
999.0,40.04004004004004,35,525,5864,
2928.0,70.0136612021858,51,231,9,
499.0,30.060120240480963,36,1055,4,
799.0,50.06257822277848,34,1276,1,
5999.0,57.5095849308218,67,142,6,
2599.0,61.56213928434013,76,283,5864,
1550.0,51.2258064516129,29,727,5864,
501.0,0.0,19,165,5864,
949.0,45.20547945205479,44,219,23,
1499.0,56.70446964643096,41,893,21,
499.0,80.16032064128257,45,219,155,
475.0,16.0,61,201,5864,
290.0,10.0,33,195,37,
1040.0,40.38461538461539,40,211,3,
599.0,62.43739565943238,47,1458,5864,
38636.0,30.95817372398799,49,229,211,
699.0,28.61230329041488,45,783,2,
4900.0,67.36734693877551,43,218,469,
1099.0,63.69426751592356,58,245,5864,
2099.0,35.016674606955696,65,258,5864,
1700.0,50.0,50,328,5864,2.7
3499.0,57.15918833952558,60,187,9,
999.0,25.025025025025027,52,235,5864,
645.0,53.64341085271318,38,366,8,
825.0,0.0,47,222,5864,
2499.0,60.024009603841534,22,1189,2,
698.0,50.0,49,231,5864,
499.0,40.08016032064128,43,692,11,
899.0,70.07786429365962,40,876,13,
659.0,50.07587253414264,24,177,79,
1099.0,55.050045495905366,38,207,5864,
3200.0,29.6875,41,214,41,
745.0,0.0,47,270,5864,
280.0,35.714285714285715,23,177,5864,
1199.0,40.03336113427856,33,193,5864,
999.0,11.11111111111111,48,306,1,
1200.0,79.16666666666666,32,192,40,
4900.0,67.36734693877551,41,214,469,
1895.0,36.72823218997362,52,234,5864,
699.0,42.91845493562232,33,200,314,
799.0,37.546933667083856,50,138,8,
1999.0,30.01500750375188,21,335,4,
10318.0,15.002907540220972,48,370,1,
43996.0,20.99963633057551,59,514,18,
699.0,65.80829756795423,32,193,44,
700.0,43.0,28,1016,2,
560.0,41.42857142857143,33,197,141,
500.0,55.00000000000001,32,275,1,
1299.0,46.18937644341801,23,289,4,
2746.0,74.98179169701383,51,231,6,
4900.0,67.36734693877551,40,212,469,
1500.0,41.8,71,1721,141,
1699.0,59.38787522071807,30,544,1,
1398.0,50.0,57,836,12,
774.0,47.02842377260982,42,151,3,
1200.0,33.416666666666664,50,231,59,
999.0,60.06006006006006,41,212,5864,
32524.0,36.70520231213873,41,422,211,
1249.0,39.87189751801441,47,1025,3,
699.0,71.5307582260372,29,117,18,
300.0,33.666666666666664,38,836,3,
395.0,0.0,46,223,5864,
699.0,35.7653791130186,33,196,5864,
1200.0,62.583333333333336,55,663,10,
599.0,16.86143572621035,52,178,4,
499.0,40.08016032064128,41,211,7,
699.0,15.021459227467812,44,462,5864,
850.0,76.0,23,185,1,
1499.0,50.03335557038026,20,160,5864,5.0
599.0,16.69449081803005,23,187,5864,
999.0,60.06006006006006,19,407,3,
3499.0,71.44898542440697,17,674,4,
600.0,50.0,34,138,29,
2500.0,60.440000000000005,65,436,5,
2999.0,83.36112037345782,46,221,3,
2699.0,51.87106335679882,26,190,5864,5.0
359.0,30.64066852367688,48,188,5864,
14800.0,0.0,29,191,26,
599.0,8.180300500834726,55,181,5864,
4800.0,80.0,31,523,5,
899.0,49.94438264738598,46,227,5864,
587.0,40.54514480408859,44,217,8,
395.0,0.0,44,545,5864,
849.0,73.4982332155477,31,192,85,
3999.0,50.01250312578145,41,998,2,
629.0,36.56597774244833,69,1997,74,
3000.0,25.03333333333333,79,805,33,
1799.0,65.0361311839911,40,1677,5864,
7638.0,44.749934537837134,20,314,25,
1999.0,30.01500750375188,51,792,3,
3499.0,5.715918833952558,99,2203,10,
799.0,37.546933667083856,33,202,314,
499.0,40.08016032064128,51,231,26,2.5
999.0,60.06006006006006,43,223,5864,
799.0,49.93742177722152,56,245,5864,
999.0,40.14014014014014,44,170,10,
1099.0,0.0,83,236,5864,4.0
1299.0,23.094688221709006,39,209,28,
2399.0,29.345560650270947,33,203,5864,
4900.0,67.36734693877551,39,210,469,
999.0,50.05005005005005,44,996,5864,
4499.0,57.7906201378084,31,203,5864,
1895.0,70.97625329815304,27,184,5864,
1099.0,52.77525022747953,43,800,12,
1099.0,54.5950864422202,34,170,5864,
949.0,54.7945205479452,29,187,20,
2800.0,39.64285714285714,79,206,3,
1699.0,0.0,54,238,5864,5.0
1054.0,54.55407969639469,34,479,14,
1299.0,61.585835257890686,33,196,288,
1499.0,80.0533689126084,35,198,5864,
550.0,29.09090909090909,31,170,1,
949.0,20.12644889357218,39,207,5864,
529.0,0.0,39,421,7,
499.0,50.1002004008016,44,217,13,
1395.0,0.0,43,528,9,
4999.0,0.0,27,193,5864,
2995.0,57.42904841402338,40,1427,2,
999.0,40.04004004004004,25,564,24,
640.0,49.21875,57,243,53,
990.0,52.92929292929293,37,1595,11,
460.0,17.391304347826086,38,436,15,
2199.0,27.285129604365626,28,186,5864,
275.0,36.72727272727273,84,1231,2,
7400.0,25.013513513513512,86,304,33,
1050.0,30.0,44,219,5,
3000.0,85.0,26,181,1,
699.0,35.7653791130186,53,141,8,
549.0,0.0,36,821,2,
449.0,0.0,46,181,5864,
699.0,40.05722460658083,37,201,5864,
499.0,60.120240480961925,36,762,5864,
1000.0,60.1,20,169,6,
855.0,0.0,42,256,5864,
3150.0,57.14285714285714,41,214,469,
1399.0,64.33166547533953,72,1202,6,
987.0,69.70618034447821,23,175,19,
195.0,7.6923076923076925,51,203,5864,
34942.0,27.39110526014538,50,231,99,
699.0,0.0,45,247,5864,
1060.0,44.33962264150944,22,593,299,
1000.0,60.1,26,112,1,
999.0,40.04004004004004,29,189,21,
1799.0,0.0,17,174,5864,
299.0,60.20066889632108,28,187,2,
999.0,59.95995995995996,56,144,314,
1250.0,52.8,41,484,1,
3599.0,77.79938871908864,44,388,1,
799.0,44.30538172715895,49,521,5864,
500.0,20.200000000000003,42,298,2,
355.0,0.0,60,264,3,
900.0,27.22222222222222,96,323,1,3.0
799.0,68.8360450563204,22,173,4,
1099.0,68.24385805277525,36,200,314,
2895.0,34.542314335060446,40,167,101,
4900.0,67.36734693877551,44,220,469,
1049.0,63.870352716873214,31,341,100,
899.0,20.02224694104561,31,198,5864,
1525.0,19.672131147540984,42,372,5864,
430.0,32.55813953488372,71,273,8,
4999.0,30.006001200240046,48,363,6,
1400.0,57.85714285714286,37,203,3,
999.0,62.46246246246246,22,333,1,
35731.0,28.23038817833254,48,227,211,
1449.0,62.80193236714976,39,207,13,
9999.0,88.01880188018801,115,1013,1,
2299.0,41.278816876903,20,147,3,3.2
529.0,41.58790170132325,47,266,9,
206.0,25.24271844660194,40,163,5,
1700.0,67.64705882352942,48,142,167,
450.0,5.555555555555555,61,201,5864,
799.0,43.80475594493116,45,217,5864,
1400.0,60.71428571428571,21,558,2,
1000.0,70.1,23,175,40,
2499.0,68.02721088435374,41,998,30,
1199.0,58.38198498748957,40,210,314,
540.0,35.37037037037037,54,201,5864,3.0
43000.0,16.627906976744185,35,201,4,
390.0,51.53846153846153,33,193,110,
399.0,20.050125313283207,32,1019,36,3.3
2199.0,72.76034561164165,42,639,250,
899.0,50.055617352614014,35,199,5864,
599.0,0.0,28,116,15,
749.0,26.702269692923892,41,346,1,
999.0,50.05005005005005,18,100,27,
1695.0,23.59882005899705,14,172,5864,
1800.0,19.5,26,184,13,
2499.0,19.96798719487795,32,159,1,
399.0,0.0,27,183,8,
589.0,37.351443123938886,44,217,8,
165.0,0.0,37,205,12,
1400.0,71.42857142857143,23,177,1,
4200.0,67.14285714285714,42,216,469,
4900.0,67.36734693877551,49,230,469,
1799.0,61.14508060033352,33,197,5864,
899.0,44.493882091212456,20,430,8,
1650.0,66.66666666666666,66,574,5864,
479.0,0.0,24,177,5,
2058.0,27.25947521865889,45,222,83,
999.0,72.07207207207207,31,897,1,
3000.0,50.03333333333333,62,254,4,
325.0,6.153846153846154,24,177,30,
999.0,50.05005005005005,33,194,5864,
995.0,59.89949748743718,54,239,2,
799.0,54.31789737171464,23,266,8,
999.0,52.55255255255256,46,383,3,
2895.0,48.22107081174439,46,355,101,
1300.0,69.3076923076923,26,182,167,
4900.0,67.36734693877551,44,220,469,
1850.0,46.0,31,151,1,5.0
990.0,33.33333333333333,43,1091,1,
1399.0,46.39027877055039,33,1232,6,
2995.0,0.0,16,172,5864,
300.0,0.0,24,320,7,
1199.0,50.0417014178482,29,169,5864,4.5
859.0,62.16530849825378,45,219,25,
1269.0,29.156816390858943,34,203,5864,
1599.0,43.77736085053158,22,590,2,
1099.0,40.12738853503185,27,811,5864,
2290.0,0.0,49,833,1,
1999.0,0.0,20,476,2,
2000.0,29.9,33,359,14,
595.0,0.0,26,219,5864,4.6
4999.0,79.01580316063213,60,292,5864,5.0
899.0,66.74082313681868,50,993,2,
3690.0,33.33333333333333,48,228,2,4.0
2199.0,72.76034561164165,44,641,250,
649.0,29.27580893682589,44,217,1,
2895.0,48.22107081174439,46,173,101,
348.0,21.83908045977012,37,209,5864,
1899.0,55.29225908372828,18,171,5864,
895.0,50.05586592178771,38,205,5864,
44226.0,30.49111382444716,40,421,211,
1000.0,70.1,25,507,22,5.0
999.0,75.07507507507508,57,965,13,
2500.0,48.2,38,245,5864,
575.0,0.0,48,348,5864,3.9
1799.0,50.0277932184547,18,175,5864,
999.0,50.05005005005005,46,227,5864,
2000.0,78.55,24,163,41,
1008.0,35.019841269841265,38,354,5864,
1199.0,33.361134278565466,51,748,3,
23874.0,20.000837731423303,54,239,132,
1199.0,25.0208507089241,17,874,2,
899.0,77.8642936596218,41,225,2,
999.0,53.95395395395396,65,1313,3,
395.0,0.0,34,228,1,
399.0,0.0,26,181,21,
3995.0,22.528160200250312,55,996,1,
399.0,59.89974937343359,57,243,167,
399.0,27.56892230576441,36,203,1,4.0
325.0,20.0,24,177,6,
1299.0,0.0,41,210,5864,
2299.0,50.021748586341886,37,765,2,
899.0,27.808676307007783,43,375,5864,
999.0,60.06006006006006,33,950,2,
1699.0,47.08652148322543,55,1314,8,
239.0,16.736401673640167,48,845,5864,
899.0,42.71412680756397,35,2229,17,
1499.0,0.0,19,632,1,
650.0,10.0,19,250,1,
999.0,60.06006006006006,35,200,5864,4.5
1899.0,0.0,37,471,7,
1530.0,74.57516339869281,35,199,41,
2800.0,67.14285714285714,38,207,469,
999.0,61.96196196196196,46,383,1,
1499.0,26.684456304202804,42,410,9,
2500.0,60.040000000000006,22,173,15,
1000.0,60.1,32,110,167,
350.0,43.142857142857146,30,118,2,
216.0,16.666666666666664,76,721,14,
1049.0,64.2516682554814,41,213,3,
5249.0,0.0,13,140,5,
1699.0,41.20070629782225,37,1363,3,
1999.0,15.70785392696348,44,1011,144,
2275.0,0.0,26,1242,6,
1500.0,54.2,35,201,5864,
2399.0,70.862859524802,30,190,5864,
4399.0,0.0,36,125,53,
1800.0,33.38888888888889,51,658,1,
999.0,54.95495495495496,22,173,5,
1599.0,40.65040650406504,48,175,26,4.2
250.0,24.4,28,187,2,
850.0,61.76470588235294,22,399,21,
999.0,70.07007007007007,23,582,2,
400.0,62.5,27,183,26,
499.0,20.04008016032064,28,185,299,
650.0,54.0,30,816,5864,
996.0,80.02008032128514,30,189,9,
299.0,33.44481605351171,28,185,35,
1799.0,60.03335186214564,22,181,5864,
1499.0,53.36891260840561,39,842,3,
999.0,50.05005005005005,41,1019,5864,
900.0,50.0,57,857,12,
380.0,16.05263157894737,36,183,5864,
699.0,53.648068669527895,24,945,1,
999.0,0.0,37,310,5864,
238.0,0.0,53,235,7,
2499.0,60.10404161664666,30,190,5864,
1300.0,46.15384615384615,21,161,5864,
49930.0,30.99939915882235,45,221,7,
1650.0,60.0,26,1704,14,
47536.0,30.528441602154157,49,229,99,
950.0,54.94736842105263,26,358,17,
599.0,33.3889816360601,32,197,5864,
4122.0,15.016982047549732,64,398,1,
1299.0,69.28406466512702,34,169,5864,4.0
749.0,22.696929238985312,40,211,3,
1099.0,54.5950864422202,38,213,5864,5.0
360.0,0.0,32,184,1,
650.0,61.53846153846154,36,134,167,1.0
2299.0,34.797738147020446,22,589,16,
399.0,57.64411027568922,24,909,5,
1099.0,70.88262056414922,37,202,110,5.0
549.0,0.0,38,208,7,
900.0,37.77777777777778,38,716,1,
433.0,3.695150115473441,52,199,5864,
2080.0,80.8173076923077,40,560,5864,4.3
1599.0,18.76172607879925,51,825,5864,
13599.0,19.119052871534677,47,169,5864,5.0
499.0,54.10821643286573,16,432,4,
799.0,51.81476846057572,23,137,1,
325.0,53.84615384615385,29,189,2,5.0
2779.0,15.00539762504498,34,261,1,
999.0,50.05005005005005,24,177,79,
1999.0,40.22011005502751,51,140,7,
700.0,25.0,40,209,9,
899.0,50.055617352614014,39,207,5864,
999.0,67.96796796796797,46,224,1,5.0
1399.0,57.18370264474625,42,218,5864,
657.0,0.0,38,496,22,
999.0,41.04104104104104,20,353,1,
799.0,54.943679599499376,36,206,314,
999.0,50.15015015015016,28,168,5864,
999.0,15.015015015015017,53,237,4,4.0
899.0,33.37041156840934,26,800,2,
1599.0,0.0,53,1063,5864,
499.0,30.060120240480963,24,154,5864,
1999.0,50.025012506253134,22,162,5864,4.5
36089.0,28.232979578264843,47,225,211,
1199.0,50.0417014178482,54,318,1,
1600.0,0.0,13,210,3,
1538.0,60.01300390117035,22,173,5,
1199.0,20.01668056713928,27,184,5864,
399.0,57.64411027568922,24,909,5,
1195.0,58.24267782426779,32,194,314,
1099.0,34.57688808007279,37,235,1,
500.0,30.0,32,195,26,
899.0,0.0,44,299,5864,4.1
749.0,46.728971962616825,45,219,5864,5.0
999.0,50.05005005005005,14,180,5864,
420.0,5.476190476190476,48,1065,5864,
670.0,50.0,19,167,25,
799.0,40.05006257822278,24,202,3,
3199.0,21.88183807439825,51,170,5864,
945.0,26.031746031746035,63,1004,1,
4900.0,67.36734693877551,41,214,469,
2000.0,76.0,24,177,41,
599.0,49.91652754590985,33,195,8,
1300.0,69.3076923076923,28,185,9,
360.0,11.38888888888889,33,180,5864,
1499.0,0.0,43,322,8,
1499.0,33.42228152101401,46,223,1,
899.0,0.0,40,213,5864,
899.0,33.37041156840934,44,1264,3,
499.0,40.08016032064128,45,450,1,
2299.0,50.021748586341886,27,192,5864,5.0
880.0,33.52272727272727,34,718,4,
2499.0,60.10404161664666,30,189,5864,
5499.0,0.0,49,230,1,
1199.0,58.38198498748957,19,181,5864,
1200.0,70.91666666666666,28,682,5864,
999.0,45.04504504504504,29,607,1,
4200.0,67.14285714285714,40,212,469,
1299.0,53.88760585065435,38,1891,34,
449.0,50.11135857461024,40,211,14,
999.0,30.03003003003003,34,203,288,
199.0,0.0,33,174,4,
1299.0,46.18937644341801,27,209,11,
399.0,60.15037593984962,38,1265,21,
32157.0,29.576764001617068,35,4433,4,
999.0,85.08508508508508,40,208,100,
850.0,61.76470588235294,22,400,21,
1499.0,66.711140760507,21,847,5864,
44851.0,29.46422599273149,40,211,26,
945.0,68.35978835978837,43,236,3,
350.0,42.85714285714285,35,641,51,
999.0,40.04004004004004,24,434,24,
398.0,19.849246231155774,48,195,5864,
780.0,58.333333333333336,53,235,25,
380.0,1.3157894736842104,33,180,5864,3.0
299.0,0.0,36,202,5864,
1075.0,16.37209302325581,52,235,4,
2800.0,67.14285714285714,41,213,469,
599.0,62.43739565943238,46,223,5864,
11880.0,5.0,29,1020,9,
895.0,67.0391061452514,41,212,5864,3.0
1499.0,73.3822548365577,59,247,6,
399.0,45.11278195488722,53,193,5864,
1899.0,46.02422327540811,30,190,5864,
1049.0,61.96377502383223,41,211,12,
799.0,47.30913642052565,34,202,314,
2199.0,72.76034561164165,42,639,250,
999.0,20.02002002002002,45,219,1,
425.0,6.11764705882353,44,515,2,
1749.0,60.43453401943968,41,217,5864,
995.0,0.0,47,343,5864,
1799.0,52.80711506392441,31,543,288,
500.0,10.0,29,187,3,
920.0,0.0,67,314,5864,
2999.0,83.36112037345782,35,207,5864,
3500.0,52.88571428571428,42,169,14,4.1
899.0,44.493882091212456,34,1899,5,
999.0,50.05005005005005,41,164,14,
301.0,0.0,19,168,5864,
399.0,0.0,29,322,14,
699.0,0.0,38,206,5864,
33357.0,30.19156398956741,46,223,211,
1099.0,54.5950864422202,36,207,5864,
4599.0,23.918243096325288,40,358,1,
1499.0,53.36891260840561,51,177,27,
672.0,0.0,27,985,4,
1699.0,63.50794585050029,35,1112,3,
289.0,34.602076124567475,58,198,5864,
299.0,50.16722408026756,47,282,20,
1499.0,20.08005336891261,42,220,5864,
699.0,64.37768240343348,41,212,5864,
499.0,51.10220440881763,66,718,11,
1399.0,30.021443888491778,29,188,5864,
3999.0,10.002500625156287,38,127,53,
1347.0,66.66666666666666,32,524,12,
599.0,0.0,28,116,15,
2700.0,63.55555555555556,32,376,141,
199.0,25.125628140703515,31,193,1,4.0
100.0,0.0,23,177,10,
799.0,37.546933667083856,27,460,2,
750.0,33.33333333333333,28,626,51,
1299.0,0.0,40,698,5864,
1200.0,79.16666666666666,32,193,40,
2999.0,93.36445481827276,46,221,19,2.3
1749.0,0.0,12,164,5864,
799.0,77.59699624530664,31,190,71,
400.0,12.75,43,190,5864,
422.0,52.60663507109005,39,127,3,
1299.0,0.0,23,184,5864,
649.0,55.46995377503852,59,733,167,
8509.0,15.00763897050182,68,329,2,
4999.0,40.008001600320064,65,577,2,
650.0,54.0,30,816,5864,
40871.0,24.538181106407965,46,223,211,
359.0,16.434540389972145,19,167,30,5.0
1999.0,15.70785392696348,44,1017,144,
3289.0,19.45880206749772,48,226,29,
6061.0,66.16069955452896,43,579,2,
399.0,60.15037593984962,38,1270,21,
4900.0,67.36734693877551,41,214,469,
390.0,0.0,40,498,299,
499.0,42.08416833667334,36,203,42,
799.0,37.546933667083856,41,216,314,
1500.0,22.0,42,823,2,
699.0,0.0,44,218,5864,
1586.0,55.92686002522069,59,249,10,
1399.0,20.08577555396712,41,212,5864,
2095.0,52.31503579952267,13,169,5864,
1250.0,72.8,53,2061,6,
730.0,23.28767123287671,29,242,1,
700.0,0.0,35,199,5864,
1599.0,12.507817385866163,15,390,1,
6599.0,75.76905591756326,33,381,14,
301.0,0.0,19,168,5864,
899.0,55.61735261401557,28,122,5864,
999.0,50.05005005005005,41,263,2,
4199.0,54.77494641581329,41,211,5864,
1499.0,56.70446964643096,41,167,21,
8200.0,0.0,20,605,5864,
1040.0,50.96153846153846,30,191,66,
1049.0,42.89799809342231,44,219,5864,
499.0,57.11422845691383,46,220,20,3.5
46500.0,45.13978494623656,20,316,25,
1590.0,0.0,17,158,5864,
1000.0,70.1,25,180,155,3.5
400.0,31.25,32,195,26,
1649.0,2.0012128562765312,27,440,2,
360.0,11.11111111111111,23,170,5864,4.0
1630.0,29.4478527607362,31,194,1,
10799.0,25.00231502916937,31,194,9,
2499.0,28.01120448179272,75,2393,5,
695.0,45.32374100719424,35,679,5,
32801.0,22.95966586384561,40,419,211,
1999.0,0.0,33,1355,1,
1999.0,0.0,22,163,5864,
599.0,33.3889816360601,42,213,38,
1199.0,58.38198498748957,23,813,167,
1899.0,31.595576619273302,15,156,5864,4.0
4900.0,67.36734693877551,39,210,469,
299.0,46.82274247491639,40,373,1,
1245.0,24.97991967871486,30,191,1,5.0
1299.0,88.52963818321786,40,210,167,
799.0,4.881101376720901,39,951,5864,
1199.0,58.38198498748957,30,189,5864,4.0
2199.0,36.38017280582083,46,224,1,
2499.0,64.02561024409763,26,1006,5864,5.0
2895.0,48.22107081174439,64,385,101,
999.0,14.914914914914917,38,315,1,
280.0,14.285714285714285,43,217,15,
499.0,19.639278557114228,28,185,299,
399.0,0.0,50,351,22,
3099.0,55.017747660535655,27,168,5864,
3499.0,40.01143183766791,22,184,5864,
700.0,28.57142857142857,43,215,15,
2299.0,0.0,33,195,288,
599.0,57.42904841402338,54,344,12,3.0
33004.0,20.000605987153072,61,253,132,
215.0,0.0,37,189,5864,
599.0,20.03338898163606,32,311,36,2.0
1200.0,41.75,40,1273,1,
1599.0,50.03126954346466,53,237,10,
360.0,13.88888888888889,28,175,5864,
699.0,65.80829756795423,32,193,44,
400.0,62.5,27,183,26,
779.0,73.17073170731707,49,227,40,
850.0,61.76470588235294,22,401,21,
1490.0,44.966442953020135,43,131,1,
1500.0,45.46666666666667,28,187,5864,
1999.0,82.54127063531766,40,210,5864,5.0
499.0,21.8436873747495,39,765,5864,
499.0,51.10220440881763,61,703,11,
1425.0,0.0,22,852,41,
599.0,50.08347245409015,49,840,7,
849.0,60.07067137809188,46,153,4,
690.0,29.130434782608692,31,191,299,
2445.0,66.66666666666666,24,337,5,
30445.0,29.676465757924124,46,223,211,
1300.0,77.0,19,167,25,
599.0,33.3889816360601,51,649,3,
8999.0,45.6606289587732,83,711,2,
1200.0,44.583333333333336,20,169,5864,
799.0,40.05006257822278,33,189,5864,4.0
798.0,58.64661654135338,36,464,15,
699.0,54.36337625178827,66,680,5864,
799.0,55.06883604505632,47,223,46,
2499.0,30.012004801920767,29,156,12,4.0
699.0,57.22460658082976,32,193,34,
2999.0,56.68556185395131,33,1316,2,
399.0,0.0,46,221,5864,
1599.0,0.0,36,213,1,
2549.0,0.0,62,1460,7,
1299.0,30.023094688221708,29,186,5864,
1596.0,81.265664160401,35,199,5,
749.0,40.18691588785047,45,223,5864,5.0
1000.0,70.1,25,178,110,1.0
4000.0,33.0,15,142,28,
2639.0,50.01894657067071,26,490,4,
175.0,37.142857142857146,57,435,1,
990.0,0.0,33,3732,5864,3.0
2149.0,39.55328059562587,40,310,10,
999.0,70.07007007007007,40,207,5864,
2900.0,27.58620689655172,55,311,5864,
7500.0,66.67999999999999,54,1992,12,
899.0,66.74082313681868,48,876,1,
1025.0,56.19512195121952,40,1182,3,
599.0,16.69449081803005,22,172,5864,
799.0,45.55694618272841,301,2599,14,
699.0,40.2002861230329,45,223,5864,
59.0,30.508474576271187,46,185,5864,2.0
154.0,16.883116883116884,52,192,5864,
999.0,50.05005005005005,41,216,5864,
1699.0,49.97057092407298,46,604,5864,
1045.0,4.784688995215311,45,260,5864,
1299.0,26.943802925327176,45,278,20,
499.0,40.08016032064128,51,231,40,
2095.0,0.0,56,348,5864,
799.0,56.19524405506884,20,169,7,
1149.0,50.04351610095736,102,360,1,
4198.0,50.0,56,1344,7,
38181.0,25.0936329588015,40,249,3,
370.0,43.24324324324324,16,513,5864,
1299.0,50.03849114703618,44,1339,2,
6570.0,15.449010654490106,35,162,17,3.5
102.0,16.666666666666664,48,467,5864,
599.0,66.6110183639399,43,521,155,
500.0,20.200000000000003,28,185,8,
599.0,33.3889816360601,35,752,1,
399.0,50.125313283208015,149,429,1,2.0
3499.0,20.005715918833957,25,176,1,
1999.0,15.70785392696348,46,525,144,
576.0,56.770833333333336,34,197,54,
315.0,0.0,46,221,13,5.0
999.0,40.04004004004004,63,151,95,
999.0,50.45045045045045,43,216,314,
999.0,80.08008008008008,39,1311,21,
1999.0,25.012506253126567,28,155,12,
1799.0,44.469149527515285,70,271,4,
600.0,55.00000000000001,35,207,85,
580.0,60.3448275862069,51,327,26,
1199.0,50.0417014178482,20,160,5864,
1497.0,73.48029392117569,23,197,5864,
1099.0,54.5950864422202,77,525,10,
599.0,50.08347245409015,20,1128,4,2.3
599.0,45.07512520868113,44,217,10,
3495.0,0.0,47,284,1,
2499.0,64.02561024409763,59,370,2,
999.0,40.04004004004004,24,553,24,
540.0,17.037037037037038,16,163,5864,2.8
2195.0,49.93166287015946,17,172,5864,
1499.0,60.17344896597732,42,241,1,
1398.0,50.0,46,435,7,
299.0,56.85618729096989,28,187,1,
499.0,20.04008016032064,26,183,5864,4.0
850.0,8.941176470588236,49,355,5864,4.5
399.0,60.15037593984962,39,1274,21,
4990.0,18.13627254509018,42,757,2,
899.0,40.04449388209122,45,218,5864,
1449.0,44.858523119392686,42,219,5864,
2545.0,50.0196463654224,42,183,5864,
750.0,8.0,33,421,2,
4999.0,30.006001200240046,48,359,6,
950.0,0.0,41,292,5864,4.5
1099.0,63.69426751592356,52,230,79,
1995.0,40.0,18,466,1,
1625.0,58.46153846153847,22,286,4,
500.0,50.0,31,225,1,
4900.0,67.36734693877551,39,210,469,
1180.0,28.05084745762712,63,257,2,
3000.0,48.36666666666667,26,184,7,
650.0,54.0,30,816,5864,
2985.0,70.01675041876047,21,317,26,
2999.0,56.68556185395131,25,1146,3,
430.0,27.906976744186046,26,181,30,
6545.0,20.0,81,294,4,
600.0,36.833333333333336,36,183,5864,
2199.0,72.76034561164165,42,639,250,
499.0,54.10821643286573,16,430,4,
5400.0,66.66666666666666,67,264,2,
1399.0,50.03573981415297,50,176,25,
4900.0,67.36734693877551,41,214,469,
799.0,37.546933667083856,28,573,24,
1000.0,70.1,27,183,40,
999.0,70.07007007007007,35,337,5864,4.0
38752.0,29.20623451692816,46,223,211,
1496.0,73.3288770053476,53,239,5864,
1099.0,54.959053685168335,41,217,5864,5.0
4999.0,46.00920184036808,63,859,5,
2190.0,60.0,34,197,5864,
2990.0,43.47826086956522,27,1271,9,
3799.0,49.98683864174783,23,184,5864,
380.0,26.31578947368421,50,197,5864,
1695.0,41.06194690265487,20,161,5864,4.5
750.0,0.0,47,313,5864,4.0
1250.0,60.08,32,311,6,
237.0,19.831223628691983,24,177,6,
1999.0,45.02251125562781,56,145,2,
549.0,13.114754098360656,34,199,5,
1798.0,61.12347052280312,45,228,5864,
4995.0,15.015015015015017,28,451,2,
899.0,20.13348164627364,43,997,5864,
850.0,80.23529411764706,27,183,2,
899.0,66.62958843159066,31,341,12,
1399.0,0.0,38,206,288,
2199.0,72.76034561164165,44,641,250,
300.0,16.666666666666664,19,167,12,
1299.0,61.585835257890686,36,202,167,
800.0,37.625,55,241,2,
1700.0,50.17647058823529,26,234,10,
7794.0,56.38953040800616,60,252,27,
4200.0,50.97619047619048,46,173,14,4.0
1499.0,60.04002668445631,29,280,1,
689.0,14.51378809869376,22,175,3,2.0
1999.0,25.012506253126567,28,154,12,3.0
699.0,60.65808297567954,30,191,5864,5.0
499.0,40.08016032064128,57,341,3,
399.0,50.125313283208015,30,189,26,3.2
459.0,56.644880174291934,114,1348,74,
2500.0,60.040000000000006,58,174,5864,
1299.0,53.88760585065435,28,810,20,
1795.0,0.0,40,209,5864,4.7
799.0,50.06257822277848,40,209,5864,
1240.0,32.25806451612903,59,147,8,
1080.0,55.00000000000001,26,366,17,
1050.0,60.09523809523809,59,530,9,
1299.0,74.98075442648191,33,195,20,5.0
1299.0,23.094688221709006,40,211,5864,5.0
750.0,51.33333333333333,21,173,2,
32145.0,21.997200186654226,50,231,99,
2199.0,25.011368804001822,30,272,5864,
1999.0,57.5287643821911,75,1017,2,
1999.0,15.70785392696348,44,1012,144,
899.0,22.246941045606228,35,199,5864,
1049.0,64.2516682554814,41,213,30,
2050.0,8.0,30,524,5864,
649.0,0.0,29,117,5,
2499.0,20.00800320128051,19,178,5864,
1500.0,58.46666666666667,81,1390,141,
1599.0,62.53908692933084,36,295,7,
4998.0,78.01120448179272,41,214,73,
399.0,0.0,38,205,167,
355.0,29.859154929577464,80,227,5864,3.0
46407.0,20.99898722175534,44,219,18,
1080.0,50.92592592592593,30,191,66,
899.0,73.41490545050056,33,197,3,
999.0,80.98098098098097,45,171,2,
1099.0,0.0,22,276,2,
1350.0,20.666666666666668,28,188,1,
2755.0,52.849364791288565,27,887,34,
2399.0,25.01042100875365,83,1273,13,
214.0,20.093457943925237,64,259,5,
1499.0,80.12008005336891,54,237,19,
799.0,53.81727158948686,19,172,5864,
1299.0,30.792917628945343,43,415,9,
2199.0,72.76034561164165,42,639,250,
3200.0,0.0,20,161,5864,
500.0,56.00000000000001,28,567,13,
499.0,20.04008016032064,21,494,2,
699.0,62.94706723891274,32,193,44,
73800.0,35.0,27,187,31,
999.0,50.05005005005005,23,845,2,
1099.0,20.10919017288444,40,209,5864,
899.0,50.055617352614014,37,535,5864,
250.0,20.4,24,177,1,
465.0,0.0,35,353,5864,
499.0,10.02004008016032,27,183,37,
999.0,75.07507507507508,54,955,13,
46555.0,25.432284394801847,47,223,99,
1605.0,20.0,92,230,4,
325.0,0.0,24,177,10,
2199.0,72.76034561164165,44,641,250,
999.0,0.0,30,124,1,
3330.0,10.0,48,1396,11,
1099.0,71.8835304822566,86,301,20,
1500.0,73.4,45,220,288,5.0
10386.0,29.992297323319857,48,486,1,
1699.0,50.02942907592701,73,277,5864,
999.0,10.01001001001001,56,333,25,
299.0,59.86622073578596,38,487,1,
4900.0,67.36734693877551,43,218,469,
650.0,54.0,30,817,5864,
4499.0,35.56345854634363,46,764,1,
650.0,50.92307692307693,22,173,7,
999.0,30.03003003003003,40,310,6,
799.0,31.1639549436796,49,602,59,
1399.0,40.10007147962831,26,182,5864,
6099.0,0.0,44,665,4,
999.0,66.06606606606607,112,1565,5,
490.0,7.142857142857142,25,179,8,
699.0,81.40200286123033,24,182,9,
715.0,16.083916083916083,87,305,3,
799.0,37.546933667083856,41,211,10,
340.0,5.588235294117648,43,190,5864,
759.0,19.76284584980237,55,779,299,
899.0,11.123470522803114,42,254,5864,
1595.0,24.82758620689655,47,223,5864,
1199.0,65.8882402001668,85,769,110,
1099.0,36.39672429481347,12,163,5864,
1199.0,78.31526271893244,45,220,167,
2250.0,33.77777777777778,32,1096,41,
400.0,11.25,36,201,7,
499.0,20.04008016032064,17,330,1,
799.0,37.546933667083856,29,507,3,
1599.0,18.76172607879925,53,2175,2,
399.0,74.93734335839599,39,474,2,
2295.0,57.12418300653594,44,132,2,4.0
749.0,0.0,38,272,167,
2499.0,40.01600640256102,22,184,5864,
1899.0,25.697735650342285,88,308,4,
399.0,0.0,25,291,36,3.0
549.0,60.10928961748634,48,224,5864,5.0
2895.0,41.3126079447323,64,191,101,
299.0,29.76588628762542,18,176,27,
1999.0,33.36668334167084,61,150,95,
699.0,10.014306151645208,22,140,5,
9000.0,14.844444444444443,35,742,21,
599.0,45.07512520868113,46,824,20,
499.0,51.10220440881763,56,688,11,
23356.0,47.83781469429697,40,415,211,
1499.0,66.64442961974649,42,168,1,
2985.0,70.01675041876047,21,317,26,
2950.0,0.0,41,159,5864,
398.0,15.829145728643216,45,192,5864,
4900.0,67.36734693877551,38,208,469,
899.0,54.94994438264739,37,202,314,
949.0,68.38777660695469,41,211,155,
725.0,0.0,47,348,5864,3.7
25499.0,26.275540217263423,28,3490,1,
1199.0,66.72226855713093,35,194,5864,
600.0,59.16666666666666,23,175,2,
3499.0,57.15918833952558,26,176,5864,
999.0,50.05005005005005,42,538,5864,
899.0,0.0,41,1183,22,1.0
2799.0,53.59056806002144,18,175,5864,
1339.0,60.7916355489171,42,520,299,3.0
799.0,43.80475594493116,44,444,5864,3.9
1200.0,62.583333333333336,55,663,10,
790.0,20.0,32,428,1,
399.0,52.130325814536334,31,545,1,5.0
599.0,54.92487479131887,58,724,34,
749.0,0.0,43,409,5864,
5999.0,50.00833472245374,28,1000,5864,
899.0,61.179087875417125,42,252,5,
1599.0,84.42776735459663,27,613,5864,
1040.0,47.11538461538461,42,717,5,
2345.0,49.72281449893391,58,339,5864,4.4
999.0,50.05005005005005,35,491,2,
1195.0,60.0,35,201,72,
1999.0,65.03251625812906,27,1203,1,
40563.0,25.77965140645416,46,223,211,
13010.0,0.0,57,245,99,
1299.0,40.03079291762894,30,197,5864,
1500.0,20.0,36,163,1,
1199.0,34.528773978315265,36,176,5864,2.8
985.0,9.137055837563452,59,247,29,
459.0,0.0,76,216,5864,
1199.0,50.0417014178482,29,169,5864,4.5
2985.0,70.01675041876047,21,315,26,
1799.0,40.18899388549194,20,161,5864,
1599.0,68.79299562226392,35,199,288,
2000.0,83.5,24,125,41,
36586.0,29.79281692450664,47,225,211,
1200.0,20.0,40,209,2,
1499.0,53.36891260840561,32,979,2,
749.0,60.08010680907877,45,224,5864,
999.0,50.05005005005005,35,826,5,
3100.0,71.0,44,346,2,
1704.0,70.01173708920187,37,203,9,
340.0,0.0,28,185,299,
749.0,0.0,34,197,1,
739.0,27.06359945872801,49,751,27,
2800.0,67.14285714285714,37,205,469,
599.0,38.56427378964942,15,162,5864,
1049.0,63.870352716873214,37,347,110,
1500.0,0.0,42,303,1,
1645.0,0.0,27,222,1,
720.0,50.0,53,667,5864,
3199.0,50.01562988433885,14,238,2,
450.0,0.0,48,223,5864,
20438.0,0.0,57,245,99,
1600.0,50.0,22,181,5864,
2985.0,70.01675041876047,21,316,26,
1499.0,33.3555703802535,30,1202,5864,
299.0,30.100334448160535,62,202,5864,
2800.0,46.42857142857143,33,165,6,
7794.0,56.38953040800616,62,256,27,
500.0,56.00000000000001,37,376,2,
1395.0,28.387096774193548,33,203,5864,3.7
1299.0,61.585835257890686,20,160,5864,
1789.0,32.979318054779206,28,186,5,
2895.0,48.22107081174439,40,167,101,
1799.0,61.14508060033352,33,196,5864,
499.0,30.060120240480963,39,221,5864,
1200.0,66.75,42,524,314,
31663.0,0.0,55,616,16,
49999.0,15.474309486189725,45,398,211,
170.0,0.0,54,239,5,
490.0,22.448979591836736,35,199,299,
599.0,0.0,42,226,5864,
500.0,30.0,24,863,141,
2000.0,50.05,73,685,2,
1399.0,42.88777698355968,24,179,5864,
299.0,33.44481605351171,54,237,35,
799.0,50.06257822277848,31,380,1,
999.0,60.06006006006006,14,861,27,
289.0,1.384083044982699,64,259,5864,
499.0,60.120240480961925,42,213,155,
549.0,0.0,42,322,7,
699.0,42.91845493562232,32,174,34,
2199.0,72.76034561164165,42,639,250,
699.0,65.80829756795423,32,193,44,
389.0,0.0,51,198,5864,
1199.0,84.23686405337781,51,321,6,
2296.0,50.0,47,1072,6,
999.0,47.94794794794795,25,165,5864,
4999.0,50.01000200040008,68,195,25,
7999.0,68.75859482435305,38,210,1,
1599.0,6.191369606003752,42,788,2,
116292.0,0.0,72,195,1,
1599.0,0.0,33,174,5864,
1699.0,55.9152442613302,54,238,5864,
999.0,50.05005005005005,59,249,5,
11456.0,0.0,22,1265,5864,
299.0,40.13377926421405,75,215,5864,3.2
1999.0,17.45872936468234,42,216,5864,5.0
400.0,55.00000000000001,25,180,5864,
3099.0,50.0161342368506,49,230,14,
535.0,34.76635514018692,58,205,5864,
3190.0,56.7398119122257,50,568,10,
499.0,25.0501002004008,28,185,5864,
4900.0,67.36734693877551,42,216,469,
1999.0,75.03751875937968,23,187,5864,
71687.0,37.50052310739744,71,2536,3,
1099.0,55.050045495905366,40,209,5864,
475.0,15.789473684210526,54,225,1,
2999.0,50.01667222407469,56,537,17,
800.0,43.875,31,193,3,
4500.0,74.46666666666667,28,186,11,
789.0,33.33333333333333,28,1985,5,
1199.0,88.9908256880734,51,439,22,
470.0,0.0,22,173,299,
360.0,23.05555555555556,49,196,5864,
485.0,0.0,36,1209,7,
1816.0,94.54845814977972,30,155,1,2.0
599.0,72.62103505843072,53,979,74,
900.0,55.55555555555556,105,2624,15,
780.0,50.0,81,291,53,
2370.0,10.0,37,173,5864,
499.0,0.0,46,640,5864,
1499.0,66.711140760507,59,1743,4,
2275.0,1.098901098901099,21,147,41,
1040.0,47.11538461538461,38,166,2,
400.0,12.5,44,217,5,
599.0,33.3889816360601,32,414,5864,
5000.0,56.2,70,1025,1,
1599.0,6.316447779862414,32,193,19,
1899.0,42.1274354923644,41,1097,4,
999.0,10.01001001001001,60,330,25,
710.0,34.225352112676056,59,249,5864,
2190.0,60.0,35,204,5864,
999.0,60.06006006006006,44,576,155,
29614.0,30.99885189437428,59,249,9,
1648.0,60.0121359223301,33,201,5864,
390.0,10.256410256410255,30,177,5864,
129.0,0.0,47,517,1,
999.0,30.03003003003003,28,185,5,
840.0,40.595238095238095,37,203,1,
1000.0,65.10000000000001,26,182,155,
1600.0,18.75,36,204,2,
1499.0,40.0266844563042,40,209,5864,1.0
1250.0,32.0,48,670,5864,
1799.0,55.58643690939411,42,221,5864,
1999.0,62.531265632816414,58,146,1,
1299.0,40.03079291762894,42,1102,5864,
7000.0,75.0142857142857,28,186,11,
899.0,50.055617352614014,39,205,5864,
999.0,37.43743743743744,36,200,5864,5.0
949.0,76.29083245521602,44,258,5864,
2199.0,72.76034561164165,44,641,250,
500.0,36.0,54,194,5864,
399.0,49.87468671679198,24,166,41,
1299.0,69.28406466512702,33,195,20,
501.0,0.0,19,172,5864,
2288.0,30.026223776223777,18,177,5864,
416.0,3.3653846153846154,21,268,1,
598.0,33.27759197324415,26,183,73,
599.0,50.08347245409015,43,215,18,
849.0,73.4982332155477,31,341,12,
1146.0,66.66666666666666,39,547,6,
499.0,60.92184368737475,30,189,167,
289.0,44.982698961937714,61,251,299,
36994.0,30.99962156025301,59,249,9,
699.0,40.05722460658083,44,221,5864,
1040.0,50.96153846153846,30,191,66,
1999.0,66.2831415707854,31,688,1,
1500.0,63.33333333333333,37,204,5864,
699.0,14.30615164520744,41,1397,5864,
1299.0,38.49114703618168,34,199,5864,3.7
499.0,40.08016032064128,37,146,1,
699.0,35.7653791130186,49,421,5864,4.0
210.0,4.761904761904762,28,185,299,
41224.0,20.000485154279065,48,227,132,
36310.0,24.56072707243184,62,255,99,
2000.0,69.05,35,711,12,
999.0,40.04004004004004,29,189,21,
799.0,40.550688360450565,58,465,4,
4900.0,67.36734693877551,41,214,469,
799.0,68.8360450563204,24,159,5864,
1499.0,20.08005336891261,42,213,5864,
2145.0,0.0,72,900,1,
1999.0,50.025012506253134,32,798,4,
1945.0,10.025706940874036,31,661,17,
499.0,60.120240480961925,52,778,5864,
599.0,55.09181969949917,37,205,5,
390.0,12.82051282051282,64,259,4,
2299.0,56.54632448890822,63,649,5864,
59.0,30.508474576271187,46,185,5864,
3000.0,50.0,32,1553,4,
999.0,60.06006006006006,28,365,1,
2699.0,61.133753241941456,53,1274,5864,
399.0,0.0,70,222,5864,
850.0,0.0,53,725,26,
720.0,50.0,53,667,5864,
390.0,0.0,40,209,299,
699.0,40.05722460658083,37,202,5864,
799.0,18.773466833541928,19,367,1,
650.0,54.0,29,816,5864,
3299.0,24.280084874204302,44,171,17,4.2
499.0,40.480961923847694,37,202,72,5.0
800.0,60.0,29,251,2,
799.0,75.09386733416771,31,192,22,
599.0,20.03338898163606,65,259,299,
1000.0,45.0,22,344,3,
650.0,0.0,37,202,5864,
1399.0,0.0,50,139,1,
749.0,76.50200267022697,41,220,71,
1499.0,60.04002668445631,42,219,5864,
549.0,0.0,54,286,5864,5.0
799.0,31.289111389236545,36,910,2,
1745.0,71.40401146131805,31,192,288,5.0
800.0,62.5,25,179,6,
599.0,33.3889816360601,26,181,4,
1499.0,16.611074049366245,33,160,5,3.5
609.0,34.48275862068966,49,196,5864,
699.0,42.91845493562232,21,551,24,
3999.0,0.0,37,1071,6,
900.0,0.0,53,235,26,
699.0,50.07153075822603,38,203,5864,4.5
849.0,73.4982332155477,31,341,12,
499.0,0.0,25,211,5,
999.0,45.04504504504504,64,259,3,5.0
3499.0,65.73306659045441,53,609,1,
499.0,60.120240480961925,40,209,5864,
99.0,10.1010101010101,47,186,5864,
349.0,5.730659025787966,27,183,8,
3800.0,7.894736842105263,31,203,9,
289.0,25.25951557093425,50,1094,23,
899.0,22.246941045606228,28,190,5864,4.0
1299.0,53.88760585065435,55,190,5864,
899.0,60.06674082313682,43,215,5864,
7995.0,0.0,58,721,8,
19830.0,70.0,44,294,7,
36999.0,32.43330900835158,40,3303,3,
599.0,8.180300500834726,55,281,5864,
1099.0,50.04549590536852,38,2224,5,
325.0,18.76923076923077,57,197,5864,
995.0,53.266331658291456,38,254,314,
420.0,1.4285714285714286,29,187,299,
499.0,60.120240480961925,31,119,12,
999.0,55.05505505505506,53,1479,110,
949.0,53.74077976817703,40,208,5864,
908.0,50.0,45,1713,19,
1699.0,0.0,14,310,5,
1400.0,40.0,51,233,5864,4.0
499.0,30.060120240480963,47,187,5864,
1999.0,52.7263631815908,71,271,15,
393.0,16.539440203562343,83,732,14,
1499.0,63.37558372248166,51,1394,45,
2499.0,48.019207683073226,44,505,2,
6749.0,32.59742184027263,34,253,7,
1199.0,58.38198498748957,19,188,5864,
1199.0,20.100083402835697,37,203,5864,1.0
1500.0,66.73333333333333,49,234,314,
33188.0,20.00120525491141,52,235,132,
2699.0,66.69136717302705,25,1195,5864,
499.0,50.1002004008016,44,217,40,
999.0,50.05005005005005,29,830,28,
1150.0,19.565217391304348,39,353,2,
699.0,50.07153075822603,46,220,5864,
499.0,60.120240480961925,30,189,3,
199.0,72.36180904522614,39,208,2,
499.0,60.120240480961925,33,759,5864,
799.0,68.8360450563204,24,159,5864,
500.0,11.2,58,184,2,
2895.0,41.3126079447323,64,191,101,
399.0,10.025062656641603,49,227,37,
48596.0,36.585315663840646,40,211,211,
2362.0,61.93903471634208,42,219,5864,
1399.0,50.03573981415297,15,155,5864,
1399.0,0.0,43,1129,5864,
699.0,57.22460658082976,29,567,5864,
399.0,62.65664160401002,37,202,71,
3150.0,57.14285714285714,36,204,469,
558.0,51.792114695340494,19,701,5,
999.0,60.06006006006006,44,215,110,
2999.0,40.01333777925976,22,176,14,
699.0,0.0,44,256,5864,
1580.0,45.0,45,220,5864,
999.0,60.06006006006006,41,211,11,
1999.0,67.48374187093546,44,218,5864,
3799.0,60.0157936299026,32,600,5864,2.0
230.0,0.0,45,966,1,
849.0,73.4982332155477,29,339,85,
799.0,12.51564455569462,30,189,38,
1017.0,70.59980334316617,20,169,19,4.1
799.0,20.02503128911139,47,465,5864,
999.0,50.05005005005005,50,228,5864,
600.0,46.66666666666666,18,182,1,
799.0,31.289111389236545,38,207,4,
499.0,61.923847695390776,30,193,5,
249.0,40.16064257028113,30,191,3,
49115.0,20.99969459431945,45,221,18,
999.0,50.05005005005005,42,213,5864,
299.0,33.44481605351171,47,223,35,
799.0,50.06257822277848,10,127,1,
598.0,33.27759197324415,26,3550,73,
5999.0,57.5095849308218,67,583,6,
450.0,0.0,47,187,5864,
4200.0,67.14285714285714,42,216,469,
775.0,0.0,35,199,5864,2.7
42964.0,29.99953449399497,70,271,22,
349.0,51.57593123209169,41,527,8,
749.0,76.50200267022697,41,210,71,
4000.0,50.025,53,265,3,
2999.0,0.0,31,167,5864,
1299.0,0.0,39,193,5864,
1049.0,38.22688274547188,62,150,3,
1999.0,55.02751375687844,33,2363,4,
949.0,10.01053740779768,41,211,5864,
459.0,56.644880174291934,114,1351,74,
499.0,54.90981963927856,52,1458,17,
1100.0,63.727272727272734,39,207,15,
1799.0,16.67593107281823,43,223,5864,
525.0,9.523809523809524,42,213,5864,
3199.0,49.202875898718354,54,244,5864,
1675.0,40.95522388059701,46,223,10,
499.0,50.1002004008016,45,219,5864,
3999.0,57.51437859464866,53,179,37,
312.0,19.871794871794872,24,177,6,
4900.0,67.36734693877551,39,210,469,
36476.0,30.00054830573528,52,235,4,
1499.0,56.70446964643096,41,167,27,
2500.0,78.0,48,174,2,
7198.0,43.748263406501806,54,143,2,
1950.0,28.76923076923077,76,229,5864,
2199.0,55.47976352887676,41,918,5,
549.0,12.750455373406194,65,563,299,
1449.0,50.03450655624568,24,177,5864,
399.0,62.65664160401002,21,400,1,
800.0,0.0,78,202,5864,
2499.0,30.012004801920767,39,208,5864,
729.0,0.0,54,418,7,
1499.0,56.70446964643096,41,167,27,
899.0,55.61735261401557,43,221,167,
5769.0,89.61691801005374,42,213,1,5.0
1599.0,37.5234521575985,70,648,2,
1999.0,45.02251125562781,22,588,16,
899.0,40.04449388209122,43,219,5864,5.0
3900.0,80.0,47,317,14,
650.0,54.0,29,189,5864,
1980.0,76.26262626262627,81,291,13,5.0
2590.0,61.77606177606177,28,238,5864,
595.0,0.0,44,260,5864,
499.0,80.16032064128257,45,219,155,
1999.0,55.47773886943472,19,145,7,4.5
727.0,19.944979367262725,40,211,83,
175.0,37.142857142857146,56,451,1,
740.0,44.5945945945946,53,235,25,
7680.0,0.0,62,256,3,
999.0,30.03003003003003,29,186,5864,
599.0,62.43739565943238,70,1481,5864,
749.0,57.27636849132176,33,194,5864,
795.0,20.0,47,1468,6,
999.0,70.07007007007007,22,616,5864,
699.0,69.8140200286123,81,1352,74,
46837.0,29.99978649358413,70,271,22,
10227.0,0.0,56,499,16,
1299.0,71.13163972286374,33,195,20,
37196.0,19.99946230777503,50,395,132,
1799.0,57.809894385769866,30,582,12,
480.0,1.0416666666666663,72,1320,1,
4900.0,67.36734693877551,40,212,469,
750.0,0.0,60,317,5864,5.0
1599.0,55.03439649781113,34,874,4,5.0
4900.0,67.36734693877551,46,224,469,
1000.0,80.10000000000001,19,167,40,
2299.0,30.44802087864289,31,481,9,
2295.0,30.02178649237473,39,438,17,
1000.0,40.1,30,191,1,3.0
2999.0,46.01533844614872,28,185,5864,
2499.0,60.024009603841534,23,184,5864,
699.0,64.2346208869814,43,214,100,
2999.0,21.673891297099036,53,488,3,
998.0,50.0,57,840,12,
6445.0,61.53607447633824,45,222,83,
2499.0,36.014405762304925,43,773,1,
1000.0,65.10000000000001,26,96,100,
2599.0,61.56213928434013,72,517,3,
1600.0,19.375,45,330,5864,
2999.0,76.69223074358119,65,527,2,
249.0,20.080321285140563,60,249,20,
720.0,64.86111111111111,37,479,48,
999.0,69.06906906906907,54,419,2,
1799.0,0.0,40,331,4,
545.0,16.88073394495413,71,273,5864,
750.0,0.0,53,314,5864,5.0
1797.0,75.01391207568169,35,199,41,
1498.0,60.01335113484646,24,164,5864,
499.0,20.04008016032064,23,567,1,
1699.0,15.008828722778103,48,227,5864,
2500.0,44.2,38,245,5864,2.0
799.0,31.289111389236545,36,1443,1,
899.0,48.9432703003337,32,174,34,
999.0,85.08508508508508,40,154,6,
1100.0,28.18181818181818,88,596,6,
320.0,3.125,39,186,5864,
899.0,44.493882091212456,51,231,314,
396.0,50.0,62,253,4,
1400.0,0.0,28,1367,3,
4999.0,0.0,44,170,13,
799.0,50.06257822277848,38,211,288,4.7
525.0,0.0,25,545,5864,
1998.0,65.01501501501501,35,201,73,
499.0,40.28056112224449,20,348,1,
599.0,72.62103505843072,55,987,74,
1699.0,70.04120070629783,49,233,5864,
699.0,65.80829756795423,32,193,44,
399.0,0.0,29,597,14,
279.0,10.75268817204301,41,211,40,
799.0,37.546933667083856,37,277,2,
10800.0,30.09259259259259,57,184,17,3.5
69999.0,30.00042857755111,48,227,5864,
1500.0,41.8,73,1723,141,
501.0,0.0,19,173,5864,
1299.0,42.34026173979984,34,199,5864,
999.0,67.06706706706707,60,842,36,
1499.0,63.37558372248166,51,1394,45,
1299.0,88.52963818321786,40,152,1,
1448.0,65.6767955801105,41,219,288,
139.0,0.0,20,257,1,
990.0,52.92929292929293,37,1603,11,
3650.0,70.0,21,343,26,
4000.0,60.0,21,148,22,4.2
550.0,45.81818181818182,52,192,5864,
3988.0,60.0050150451354,26,194,5864,
1799.0,50.0277932184547,33,196,5864,
3250.0,69.38461538461539,55,1783,2,
36146.0,29.82349360925137,47,258,211,
650.0,0.0,47,307,5864,
799.0,53.81727158948686,19,172,5864,
599.0,20.03338898163606,26,299,36,3.0
1599.0,40.21263289555972,19,159,5864,
799.0,37.546933667083856,50,233,5864,4.5
490.0,0.0,25,181,6,
498.0,0.0,41,227,5864,
349.0,20.05730659025788,32,314,36,3.0
849.0,73.4982332155477,31,190,100,
2699.0,51.87106335679882,66,1340,25,
999.0,84.98498498498499,45,260,5864,1.0
2800.0,67.14285714285714,42,215,469,
440.0,20.454545454545457,39,1895,2,
699.0,42.91845493562232,32,174,34,
499.0,44.08817635270541,29,269,7,
3999.0,57.51437859464866,68,195,37,
65900.0,0.0,29,191,26,
1299.0,53.88760585065435,38,1913,34,
499.0,30.060120240480963,15,155,5864,
3000.0,50.0,36,1569,4,
1595.0,50.03134796238244,49,232,5864,
1490.0,59.79865771812081,18,158,5864,
899.0,0.0,57,284,5864,
1099.0,9.099181073703368,61,439,25,
399.0,23.55889724310777,37,125,9,
18490.0,8.112493239588966,43,4162,4,
699.0,60.65808297567954,40,1451,5864,
4999.0,20.004000800160032,22,176,14,
999.0,20.02002002002002,20,146,41,
4925.0,1.5228426395939088,44,220,3,
1433.0,33.356594556873695,50,236,5864,
1040.0,47.11538461538461,22,173,7,
499.0,50.1002004008016,41,211,40,
599.0,75.12520868113522,31,191,167,
1599.0,62.53908692933084,38,381,4,
899.0,60.06674082313682,38,704,5864,
1900.0,5.789473684210527,45,222,2,
999.0,0.0,18,263,2,
999.0,43.94394394394394,20,178,5864,
799.0,49.436795994993744,44,224,314,4.0
1165.0,19.742489270386265,39,361,2,
210.0,0.0,34,186,5864,3.0
527.0,55.597722960151806,33,491,85,
1999.0,50.025012506253134,21,325,1,
900.0,35.55555555555556,25,590,1,
355.0,10.140845070422536,34,199,2,
300.0,53.333333333333336,27,183,26,
499.0,40.08016032064128,47,187,5864,
799.0,40.05006257822278,36,201,314,
740.0,42.7027027027027,20,171,5,
499.0,63.92785571142284,30,189,54,
769.0,34.980494148244475,37,205,1,
909.0,0.0,50,513,299,
1299.0,46.18937644341801,46,228,11,
349.0,8.595988538681947,13,1173,2,
2000.0,0.0,30,232,1,
790.0,62.151898734177216,33,1287,1,
999.0,60.06006006006006,40,215,5864,2.0
3475.0,43.16546762589928,59,247,20,
1110.0,40.0,68,907,5864,
1299.0,20.09237875288684,40,211,5864,
799.0,50.06257822277848,56,196,5864,5.0
4295.0,23.28288707799767,86,1195,3,
1199.0,78.39866555462885,45,219,71,5.0
2199.0,72.76034561164165,44,641,250,
299.0,33.44481605351171,28,185,35,
549.0,0.0,45,375,22,
999.0,50.05005005005005,23,181,5864,
4900.0,67.36734693877551,44,220,469,
1552.0,11.082474226804123,29,506,1,
999.0,0.0,26,298,5864,
224.0,60.26785714285714,22,172,3,
529.0,26.46502835538752,64,257,299,
650.0,54.0,29,816,5864,
899.0,0.0,43,215,5864,4.0
4900.0,67.36734693877551,45,222,469,
799.0,37.546933667083856,49,137,8,
599.0,50.08347245409015,24,177,79,
2299.0,57.02479338842975,30,170,5864,
569.0,0.0,15,158,5864,
2999.0,73.35778592864288,64,935,1,
1299.0,53.88760585065435,33,529,1,
1375.0,20.363636363636363,41,212,5864,
1500.0,50.73333333333333,70,271,1,
899.0,50.055617352614014,35,199,314,
299.0,33.44481605351171,21,172,5864,
279.0,10.75268817204301,44,217,40,
699.0,0.0,43,290,7,
399.0,0.0,26,181,21,
2880.0,28.02083333333333,19,791,2,
849.0,41.57832744405183,36,201,5864,
2916.0,27.26337448559671,45,222,83,
799.0,56.32040050062578,42,213,167,
1299.0,61.585835257890686,51,233,5864,
899.0,66.74082313681868,42,215,3,
1299.0,73.13317936874519,29,1045,3,
1299.0,80.75442648190916,18,165,2,
999.0,77.57757757757757,34,1094,1,
380.0,0.0,20,475,2,
6000.0,79.80000000000001,40,633,9,
852.0,57.51173708920187,71,721,4,
449.0,37.8619153674833,22,330,1,
1000.0,45.0,22,372,3,
999.0,0.0,39,247,5864,
700.0,43.0,41,228,5864,
1400.0,42.85714285714285,42,406,5864,
2599.0,30.011542901115813,30,198,5864,5.0
2495.0,59.95991983967935,27,186,5864,5.0
599.0,0.0,39,531,4,
2499.0,68.02721088435374,41,998,30,
2000.0,64.95,24,125,41,
1000.0,65.10000000000001,34,106,85,
999.0,0.0,52,274,5864,3.0
48494.0,29.6325318596115,44,163,26,
599.0,41.736227045075125,45,185,5864,
36306.0,19.99944912686608,55,241,132,
699.0,52.07439198855508,23,175,5,
1763.0,74.53204764605785,35,199,41,
2900.0,0.0,41,168,2,
950.0,52.73684210526316,49,549,5864,
4499.0,33.34074238719715,24,1632,1,
36430.0,28.28987098545155,47,225,211,
549.0,55.009107468123865,41,277,314,
899.0,0.0,26,212,5,
1200.0,75.08333333333333,43,215,2,
799.0,56.32040050062578,24,328,5864,
650.0,54.0,29,815,5864,
1499.0,66.711140760507,53,237,2,
495.0,29.49494949494949,25,502,5864,3.7
14500.0,0.0,29,511,26,
1199.0,66.72226855713093,38,211,5864,
1499.0,42.02801867911941,38,218,14,
525.0,33.523809523809526,26,464,5864,5.0
340.0,11.76470588235294,27,183,30,
899.0,55.61735261401557,45,218,5864,
49542.0,31.14932784304227,39,408,211,
799.0,43.80475594493116,48,873,20,
500.0,48.2,36,1127,22,
650.0,0.0,37,203,5864,
2477.0,34.1138473960436,46,1223,2,
3999.0,75.01875468867217,49,384,1,
499.0,10.02004008016032,46,181,5864,
915.0,9.398907103825136,74,277,29,
2299.0,13.049151805132666,34,200,5,
23952.0,28.573814295257183,44,219,211,
1599.0,34.39649781113196,50,177,27,
590.0,0.0,56,243,1,1.0
3250.0,44.61538461538462,23,187,5864,
1999.0,30.115057528764385,44,133,1,
695.0,0.0,46,262,5864,
499.0,64.92985971943888,28,187,5864,
899.0,61.179087875417125,23,194,155,
1999.0,33.36668334167084,61,150,95,
595.0,16.80672268907563,20,169,3,
2199.0,60.027285129604365,18,172,5864,
399.0,20.050125313283207,32,1041,36,3.7
2081.0,0.0,27,186,1,
4900.0,67.36734693877551,39,210,469,
790.0,41.77215189873418,64,259,4,
1550.0,51.2258064516129,29,719,5864,
499.0,60.120240480961925,46,1600,13,
599.0,62.43739565943238,34,199,5864,
950.0,0.0,47,338,5864,
1299.0,30.792917628945343,29,261,11,
2000.0,42.55,25,182,48,
899.0,61.179087875417125,44,652,5864,
799.0,53.81727158948686,19,172,5864,
1000.0,30.1,29,194,5864,5.0
299.0,33.44481605351171,38,654,21,
599.0,40.23372287145242,45,223,5864,
840.0,6.071428571428571,21,212,5864,
299.0,0.0,38,206,5864,
999.0,50.05005005005005,34,197,8,
399.0,0.0,52,233,35,
1990.0,25.125628140703515,57,246,3,
1699.0,70.62978222483814,34,196,288,
1099.0,75.88717015468607,22,283,1,
499.0,64.92985971943888,32,195,5864,
1150.0,59.130434782608695,57,243,1,
999.0,0.0,47,266,5864,
2010.0,50.24875621890548,33,165,6,
799.0,0.0,42,215,5864,
27045.0,27.794416712885933,47,225,211,
2199.0,72.76034561164165,42,639,250,
1275.0,30.19607843137255,41,219,5864,
2500.0,28.000000000000004,46,224,1,
649.0,65.0231124807396,40,210,5864,
1200.0,37.91666666666666,37,205,1,
895.0,20.0,32,191,314,
630.0,28.57142857142857,31,1480,3,
799.0,43.92991239048811,79,1140,16,
999.0,50.05005005005005,42,213,5864,
1999.0,62.631315657828914,56,1063,2,
1600.0,45.5,28,187,5864,
1399.0,50.03573981415297,54,1090,3,
395.0,0.0,78,230,5864,5.0
1299.0,46.18937644341801,25,179,5,
418.0,0.0,31,191,10,
3699.0,51.36523384698567,40,212,469,
3499.0,48.699628465275794,17,175,5864,3.0
49999.0,31.55663113262265,49,384,211,
499.0,54.90981963927856,23,345,1,
1475.0,25.08474576271186,98,1066,33,
1699.0,55.9152442613302,54,237,5864,
2500.0,66.0,26,600,5,
999.0,67.26726726726727,31,191,288,
699.0,39.19885550786839,33,195,5864,
1040.0,47.11538461538461,24,177,79,
729.0,0.0,54,418,7,
1000.0,45.1,15,340,2,
1500.0,63.4,89,309,7,
739.0,27.06359945872801,50,752,27,
399.0,56.14035087719298,51,177,2,4.8
1995.0,57.44360902255639,59,1128,17,
899.0,60.06674082313682,43,235,5864,
649.0,7.704160246533127,31,383,19,
1149.0,30.026109660574413,29,188,5864,
1397.0,73.58625626342162,32,996,41,
899.0,55.61735261401557,35,200,85,
499.0,30.060120240480963,25,181,167,
999.0,65.06506506506507,33,623,20,
42939.0,30.268520459256155,49,229,99,
998.0,50.0,27,777,73,
1299.0,23.094688221709006,39,209,28,
2199.0,72.76034561164165,42,639,250,
1199.0,50.0417014178482,56,927,4,
950.0,31.57894736842105,68,477,10,
1499.0,0.0,43,318,8,
393.0,16.539440203562343,61,710,14,
1000.0,80.10000000000001,19,167,40,
1495.0,59.86622073578596,41,219,5864,
599.0,77.96327212020033,50,544,54,
4200.0,67.14285714285714,40,212,469,
2199.0,72.76034561164165,44,641,250,
1900.0,42.1578947368421,17,153,5864,
999.0,70.07007007007007,27,1127,1,
398.0,14.824120603015077,51,198,5864,
1195.0,50.2092050209205,60,737,4,
499.0,48.09619238476954,21,703,5864,
999.0,40.04004004004004,28,450,24,
598.0,25.75250836120401,50,197,5864,3.7
499.0,72.14428857715431,28,746,1,
22947.0,19.29664008367107,51,233,99,
1499.0,60.04002668445631,38,377,4,
750.0,53.333333333333336,33,195,15,
1000.0,65.10000000000001,26,96,20,
640.0,31.25,28,185,299,
1699.0,0.0,52,389,1,
499.0,70.14028056112225,57,245,8,
1099.0,65.51410373066425,64,259,5864,
1599.0,37.023139462163854,37,807,23,
2199.0,72.76034561164165,42,639,250,
1299.0,61.585835257890686,41,603,3,
919.0,0.0,73,1337,299,
2999.0,50.01667222407469,30,511,17,
499.0,60.120240480961925,45,771,5864,
1480.0,51.35135135135135,30,191,66,
1200.0,0.0,44,218,5864,
695.0,0.0,46,262,5864,
799.0,56.32040050062578,38,207,14,
825.0,48.48484848484848,74,277,53,
899.0,50.055617352614014,32,193,46,
1000.0,40.5,24,125,41,
899.0,33.37041156840934,42,220,5864,
1650.0,60.66666666666667,47,223,13,
4395.0,51.08077360637088,32,544,5864,
1999.0,60.03001500750376,38,126,7,
1599.0,0.0,37,216,5864,1.0
399.0,57.64411027568922,24,909,5,
999.0,50.05005005005005,35,200,72,
699.0,0.0,35,201,21,
799.0,50.06257822277848,40,209,5864,
330.0,5.151515151515151,53,200,5864,
599.0,40.06677796327212,51,237,5864,
234.0,0.0,29,187,10,
799.0,57.571964956195245,69,1306,11,
299.0,50.16722408026756,47,282,20,
2499.0,50.02000800320128,16,171,5864,4.5
899.0,60.06674082313682,38,205,5864,
1349.0,51.89028910303929,43,913,8,
3900.0,80.0,47,314,14,
499.0,28.0561122244489,35,199,299,
849.0,73.4982332155477,37,347,85,
390.0,0.0,40,209,299,
499.0,0.0,20,183,1,
899.0,0.0,48,316,5864,
1397.0,73.58625626342162,36,986,41,
39200.0,26.82908163265306,47,225,211,
299.0,3.0100334448160537,47,187,5864,
1399.0,21.37240886347391,46,607,59,
1999.0,45.02251125562781,22,250,16,
1299.0,61.585835257890686,46,652,3,
4900.0,67.36734693877551,43,218,469,
1299.0,68.43725943033103,78,286,1,
1220.0,50.81967213114754,30,191,66,
4315.0,0.0,18,233,1,
1299.0,42.34026173979984,34,199,5864,
199.0,2.010050251256281,48,188,5864,
1499.0,26.684456304202804,63,258,3,
999.0,40.04004004004004,35,198,5864,
1299.0,40.03079291762894,42,218,5864,
285.0,0.0,68,267,5864,
1199.0,45.87155963302752,24,1185,3,
1100.0,15.454545454545451,28,185,2,
3699.0,10.813733441470667,51,247,11,
3499.0,78.59388396684767,35,213,5864,
699.0,61.51645207439199,36,1300,1,
999.0,67.06706706706707,26,161,5864,
1199.0,70.89241034195163,35,199,5864,
750.0,20.133333333333333,26,183,13,
450.0,35.77777777777777,52,300,18,
25480.0,19.25039246467818,32,3269,6,
979.0,60.26557711950971,53,240,110,
624.0,60.09615384615385,22,173,3,
199.0,15.07537688442211,36,203,5864,
1099.0,20.10919017288444,35,1023,5864,
699.0,0.0,41,741,71,
3150.0,57.14285714285714,40,212,469,
850.0,23.294117647058822,51,645,1,
1540.0,0.0,51,204,5864,
1499.0,0.0,46,222,5864,
665.0,40.0,20,783,9,
598.0,50.0,49,228,5864,
599.0,50.08347245409015,46,830,7,
1499.0,60.04002668445631,43,304,8,
1000.0,77.10000000000001,18,165,40,
799.0,41.17647058823529,42,266,288,
499.0,0.0,22,145,5,
696.0,21.551724137931032,80,768,8,
2800.0,67.14285714285714,38,207,469,
1299.0,66.89761354888375,77,284,4,
169.0,0.0,28,187,1,3.7
799.0,50.06257822277848,40,209,314,2.0
370.0,18.91891891891892,40,209,299,
995.0,0.0,44,260,5864,
34601.0,19.99942198202364,66,415,132,
1299.0,61.585835257890686,56,296,79,
1400.0,74.42857142857143,43,238,141,
999.0,30.03003003003003,42,213,5864,
850.0,36.47058823529412,39,209,4,
2800.0,67.14285714285714,41,213,469,
1200.0,75.08333333333333,37,204,20,
375.0,26.666666666666668,61,201,5864,5.0
399.0,62.65664160401002,32,193,13,
1340.0,50.0,32,271,6,
499.0,10.02004008016032,34,197,37,5.0
2499.0,40.01600640256102,42,212,5864,
1499.0,63.37558372248166,51,1394,45,
1299.0,46.18937644341801,23,285,4,
1975.0,0.0,30,396,3,
2975.0,50.42016806722689,59,247,20,
400.0,0.0,21,171,299,
1499.0,78.71914609739827,44,606,7,
350.0,46.0,29,487,1,
925.0,6.054054054054054,21,212,5864,
850.0,58.82352941176471,81,2518,15,
6211.0,61.53598454355176,45,222,83,
1020.0,60.0,20,169,16,
2434.0,48.72637633525061,35,673,1,
299.0,0.0,38,207,5864,
799.0,75.09386733416771,37,202,71,
1099.0,54.5950864422202,27,180,5864,
999.0,50.05005005005005,55,942,7,
999.0,55.05505505505506,25,179,46,
1999.0,15.70785392696348,59,1782,144,
749.0,0.0,50,322,5864,4.7
1500.0,58.66666666666666,39,1166,2,
4500.0,44.44444444444444,73,379,2,
1259.0,62.35107227958697,47,225,41,4.0
599.0,50.08347245409015,24,106,27,
899.0,50.055617352614014,39,207,72,
699.0,65.80829756795423,32,193,44,
1790.0,50.0,17,157,5864,
1599.0,50.03126954346466,53,236,5864,4.0
255.0,29.411764705882355,33,185,5864,4.5
666.0,55.1051051051051,47,225,5864,
2000.0,56.25,57,177,5864,
1299.0,15.396458814472672,35,202,3,
969.0,66.04747162022704,48,868,1,
1175.0,9.787234042553193,47,327,5864,4.8
999.0,30.03003003003003,48,178,5864,
199.0,5.025125628140704,36,203,42,3.0
799.0,50.06257822277848,63,559,5864,
1999.0,75.03751875937968,44,218,5864,
999.0,50.45045045045045,47,221,314,
949.0,50.05268703898841,42,213,314,
999.0,60.06006006006006,29,567,5864,
1399.0,71.4796283059328,55,1353,2,
1049.0,63.870352716873214,31,341,85,
5880.0,20.0,80,292,4,
38605.0,21.997150628156977,49,229,99,
1699.0,55.9152442613302,54,242,5864,
2000.0,37.55,26,603,48,
999.0,40.04004004004004,29,189,21,
1199.0,66.72226855713093,21,171,2,
1299.0,46.18937644341801,47,228,5864,
1990.0,35.175879396984925,60,149,1,
1699.0,52.97233666862861,18,2076,5864,
700.0,43.0,44,1461,1,
950.0,54.94736842105263,26,336,17,
37214.0,28.23131079701188,55,241,99,
469.0,23.454157782515992,65,259,299,
2398.0,50.0,26,345,6,
4900.0,67.36734693877551,39,210,469,
999.0,65.46546546546547,31,195,314,
3250.0,1.5384615384615383,51,234,1,
24999.0,28.00112004480179,30,2694,3,
1299.0,34.64203233256351,33,195,288,5.0
699.0,57.22460658082976,41,210,5864,5.0
598.0,33.27759197324415,26,183,73,
899.0,57.8420467185762,46,221,155,
4900.0,67.36734693877551,42,216,469,
599.0,33.3889816360601,34,206,314,
2799.0,20.00714540907467,30,200,5864,
33795.0,14.200325491936676,51,233,3,
600.0,55.00000000000001,35,206,2,
2000.0,77.0,32,193,5,
899.0,0.0,55,295,5864,
699.0,65.80829756795423,32,193,44,
599.0,58.43071786310517,50,159,3,
41218.0,29.999029550196514,70,271,22,
2199.0,30.013642564802183,19,593,5864,
599.0,66.7779632721202,33,831,5,
899.0,57.17463848720801,42,219,5864,
299.0,4.682274247491638,59,1350,2,
900.0,56.11111111111112,53,323,5864,4.3
570.0,10.0,48,210,2,
799.0,37.546933667083856,41,211,72,
190.0,10.0,69,248,1,
5549.0,24.32870787529285,51,176,11,
1050.0,44.95238095238096,30,1362,4,
1155.0,0.0,20,172,1,
24999.0,44.00176007040282,17,508,26,
2499.0,12.004801920768308,51,209,11,
329.0,21.27659574468085,34,2795,5,5.0
250.0,12.4,42,214,30,4.7
1099.0,56.59690627843494,25,829,5864,3.6
1499.0,80.0533689126084,37,204,5864,3.3
1899.0,60.505529225908376,43,215,2,
249.0,30.120481927710845,37,203,8,
6499.0,29.989229112171103,57,184,26,4.2
799.0,50.06257822277848,27,183,7,
1629.0,24.98465316144874,33,3201,3,
1495.0,80.0,29,1235,8,
799.0,37.42177722152691,44,219,3,
2580.0,48.06201550387597,28,171,3,
799.0,49.436795994993744,44,258,314,4.5
1099.0,63.69426751592356,52,186,79,
1999.0,15.70785392696348,58,1024,144,
2200.0,25.0,33,219,5864,
399.0,47.368421052631575,19,167,30,
715.0,7.6923076923076925,24,177,6,
999.0,40.04004004004004,40,211,14,
4000.0,49.45,35,191,21,
1299.0,34.64203233256351,34,199,5864,
1400.0,74.42857142857143,42,237,141,
699.0,50.21459227467812,50,231,5864,
2999.0,88.36278759586529,40,714,48,
899.0,0.0,21,212,5864,
570.0,29.82456140350877,43,215,5864,
340.0,27.94117647058824,15,612,4,
1299.0,0.0,41,216,5864,
799.0,6.007509386733417,41,277,5864,3.0
300.0,10.0,47,187,5864,
32460.0,20.0,61,253,132,
1195.0,50.2092050209205,54,254,4,
1499.0,0.0,27,183,5864,
440.0,20.681818181818183,28,589,5864,
1040.0,47.11538461538461,43,505,5864,
2450.0,62.44897959183674,38,207,469,
899.0,0.0,27,198,5864,5.0
2199.0,50.022737608003645,29,195,5864,
899.0,56.729699666295886,59,699,155,
999.0,50.05005005005005,50,230,5864,3.0
43938.0,29.999089626291592,70,271,22,
1599.0,53.15822388993121,34,208,5864,2.8
1999.0,55.02751375687844,35,200,5864,
649.0,53.929121725731896,59,733,155,
325.0,60.0,36,134,155,
1000.0,70.1,38,520,54,
2295.0,0.0,20,181,5864,5.0
999.0,50.05005005005005,24,618,4,
1199.0,58.38198498748957,34,274,79,
399.0,10.025062656641603,38,205,37,
1999.0,90.04502251125562,20,276,1,
371.0,16.711590296495956,69,718,14,
1299.0,40.03079291762894,29,189,5864,
599.0,50.08347245409015,30,1176,5,
400.0,4.75,21,171,299,
398.0,24.623115577889447,32,179,5864,
1200.0,50.083333333333336,18,418,3,
950.0,19.157894736842103,31,2196,141,
1399.0,20.08577555396712,37,208,5864,
2999.0,80.02667555851951,65,884,2,2.0
450.0,11.333333333333332,43,215,1,
400.0,16.5,39,186,5864,
899.0,22.246941045606228,19,189,1,
1224.0,50.0,35,200,5864,
1298.0,60.015408320493066,24,182,4,
665.0,40.0,20,783,9,
350.0,2.857142857142857,32,179,5864,
1299.0,34.565050038491144,16,304,1,
595.0,0.0,29,1334,1,
4930.0,61.54158215010141,38,1646,83,
1699.0,70.62978222483814,38,205,288,
599.0,83.47245409015025,31,192,30,
699.0,28.61230329041488,20,160,5864,
600.0,20.833333333333336,32,195,26,
900.0,66.77777777777779,51,231,46,
500.0,25.0,25,842,1,
899.0,44.493882091212456,24,184,5864,3.8
899.0,22.246941045606228,37,2283,1,
999.0,0.0,39,247,5864,
699.0,14.30615164520744,29,254,1,
895.0,30.16759776536313,24,179,4,4.0
1999.0,55.02751375687844,43,143,5864,
3999.0,69.14228557139285,41,235,2,
1245.0,0.0,14,490,1,
5999.0,46.67444574095683,31,199,5864,
890.0,0.0,17,157,5864,
299.0,69.89966555183946,45,184,5864,
999.0,58.05805805805806,17,157,5864,
375.0,29.86666666666667,54,340,5864,5.0
600.0,36.66666666666666,14,161,5864,
15783.0,44.7506811125895,20,315,25,
1200.0,58.41666666666666,40,216,22,
1050.0,33.33333333333333,29,187,1,
1099.0,63.69426751592356,54,702,5864,
1200.0,62.583333333333336,55,661,10,
2999.0,43.34778259419807,30,190,10,
1000.0,50.1,21,171,11,
850.0,58.82352941176471,56,241,25,
2195.0,45.01138952164009,48,267,5864,
6999.0,75.72510358622661,60,448,12,
695.0,13.81294964028777,56,241,5864,
48557.0,29.637333443169883,36,203,26,
9999.0,0.0,36,125,53,
1199.0,16.680567139282733,84,1799,10,
3246.0,50.73937153419593,37,206,2,
5999.0,28.33805634272379,16,1106,3,
999.0,75.07507507507508,48,174,1,
799.0,50.06257822277848,42,213,314,4.5
1090.0,54.220183486238525,19,207,5864,
2199.0,72.76034561164165,44,641,250,
699.0,0.0,44,256,5864,
1200.0,62.583333333333336,55,663,10,
2399.0,66.44435181325552,36,963,3,
999.0,24.924924924924923,36,370,1,
4262.0,15.016424213984044,79,240,3,
4999.0,0.0,55,616,8,
2000.0,10.0,84,2438,1,5.0
249.0,35.7429718875502,47,187,5864,5.0
15940.0,75.0,55,902,3,
1100.0,0.0,21,147,41,4.0
999.0,60.06006006006006,16,238,2,
799.0,33.79224030037547,64,152,1,
799.0,68.8360450563204,24,159,5864,
3299.0,10.003031221582296,35,124,53,
2999.0,60.02000666888962,23,185,5864,
699.0,14.30615164520744,74,1694,3,
1200.0,58.41666666666666,36,201,6,
348.0,32.4712643678161,34,678,1,
1099.0,40.03639672429482,38,910,5864,
1050.0,50.0,57,864,12,
21056.0,27.32712765957447,48,227,211,
1999.0,55.02751375687844,22,890,2,
750.0,0.0,46,331,5864,4.7
3350.0,34.98507462686567,83,1068,1,
999.0,60.06006006006006,20,710,3,
199.0,0.0,35,176,4,
1560.0,39.16666666666666,56,144,2,
999.0,45.04504504504504,17,499,5864,
599.0,33.3889816360601,42,213,38,
290.0,0.0,76,1823,5864,
499.0,30.060120240480963,39,226,5864,
299.0,33.44481605351171,30,560,13,
4596.0,50.0870322019147,58,545,14,
38520.0,30.140186915887853,50,231,211,
749.0,46.728971962616825,31,1355,5,
1799.0,11.11728738187882,26,189,5864,4.0
1099.0,54.5950864422202,34,198,288,
3425.0,43.79562043795621,59,247,20,
33659.0,20.814640957841885,41,382,99,
699.0,40.05722460658083,38,203,5864,
500.0,30.2,27,183,8,
21153.0,20.0018909847303,56,243,132,
750.0,0.0,53,324,5864,4.2
1748.0,60.01144164759725,24,164,5864,
2149.0,59.28338762214984,29,117,23,
599.0,66.7779632721202,46,1108,9,
599.0,66.7779632721202,33,831,5,
1599.0,50.03126954346466,32,192,5864,
999.0,50.05005005005005,38,383,9,
2450.0,62.44897959183674,41,213,469,
1299.0,0.0,45,163,5864,5.0
4999.0,45.98919783956792,16,143,1,
466.0,0.0,72,273,1,
170.0,6.470588235294119,36,201,299,
1199.0,58.38198498748957,49,232,5864,
4900.0,67.36734693877551,38,208,469,
299.0,50.16722408026756,32,424,6,
1100.0,59.18181818181818,22,500,8,
499.0,50.1002004008016,46,280,20,
650.0,16.0,65,904,5864,
1198.0,44.99165275459098,36,886,5864,
2199.0,31.832651205093228,61,188,25,
599.0,50.08347245409015,38,207,5,
499.0,50.1002004008016,14,226,3,
600.0,58.833333333333336,40,209,18,
2250.0,35.11111111111111,41,214,41,
4999.0,20.004000800160032,97,326,3,
2599.0,50.01923816852636,25,295,3,
5999.0,57.5095849308218,67,585,6,
5849.0,14.532398700632587,87,1357,3,
799.0,75.71964956195244,40,211,1,5.0
249.0,0.0,36,209,5864,
999.0,50.05005005005005,41,579,5864,
2800.0,67.14285714285714,44,219,469,
899.0,22.246941045606228,78,287,6,5.0
398.0,12.060301507537687,33,180,5864,
999.0,50.05005005005005,24,618,4,
999.0,45.94594594594595,36,2043,2,
899.0,70.07786429365962,40,876,13,
1599.0,53.15822388993121,34,199,5864,5.0
940.0,49.46808510638298,76,281,53,
3425.0,12.408759124087592,20,146,41,
500.0,48.2,28,1103,22,
2999.0,80.02667555851951,27,162,5864,3.0
663.0,69.07993966817496,57,243,6,
999.0,50.05005005005005,45,219,288,
699.0,50.07153075822603,47,708,17,
899.0,50.055617352614014,38,210,5864,4.5
1299.0,61.585835257890686,32,198,1,
2990.0,33.44481605351171,31,2035,1,
799.0,74.96871088861077,37,201,110,
849.0,73.4982332155477,41,351,71,
4900.0,67.36734693877551,49,230,469,
2160.0,75.0,39,506,1,
860.0,65.81395348837209,35,199,16,
2199.0,72.76034561164165,44,641,250,
1999.0,33.36668334167084,61,150,95,
1299.0,53.88760585065435,38,164,34,
1107.0,55.01355013550136,39,1893,5,
102.0,16.666666666666664,48,187,5864,
1399.0,75.05360972122945,48,225,4,
49999.0,17.000340006800137,46,311,1,
1590.0,0.0,24,165,5864,
799.0,50.06257822277848,36,202,314,4.0
26456.0,30.14817054732386,46,223,211,
2299.0,60.89604175728578,18,175,5864,
367.0,65.39509536784742,33,769,110,1.0
699.0,32.904148783977114,47,228,5864,
459.0,0.0,72,565,5864,
14798.0,50.0,33,954,6,
1049.0,61.96377502383223,32,199,288,
1199.0,40.03336113427856,47,231,5864,
2049.0,56.12493899463152,58,1268,1,
2199.0,72.76034561164165,42,639,250,
699.0,40.05722460658083,37,201,5864,
440.0,0.0,28,185,299,
1899.0,71.09004739336493,40,964,5864,4.0
1284.0,8.09968847352025,26,494,9,
409.0,31.784841075794624,28,185,299,
500.0,20.0,25,172,5864,
499.0,55.11022044088176,47,223,46,
1299.0,53.88760585065435,42,220,288,
2999.0,68.3561187062354,38,1112,5864,
440.0,10.227272727272728,27,235,4,
900.0,55.66666666666666,40,209,54,
799.0,50.06257822277848,52,192,5864,
600.0,20.833333333333336,32,195,26,
999.0,0.0,55,280,5864,
750.0,52.13333333333333,19,167,7,
280.0,17.857142857142858,38,446,15,
38587.0,26.407857568611192,47,225,211,
2599.0,30.011542901115813,54,729,3,
1999.0,50.025012506253134,32,195,5864,
999.0,74.97497497497497,45,221,17,
5499.0,0.0,38,127,53,
600.0,33.33333333333333,36,919,7,
38052.0,29.91169977924945,55,241,211,
750.0,0.0,34,202,5864,
345.0,46.3768115942029,40,180,5864,
525.0,33.523809523809526,26,468,5864,
725.0,0.0,39,309,5864,3.5
599.0,8.180300500834726,30,260,2,
599.0,25.041736227045075,46,223,6,
500.0,10.2,41,188,5864,
450.0,50.0,17,738,5,
1340.0,20.0,30,166,5864,4.3
799.0,0.0,33,194,5864,
2999.0,38.31277092364122,31,158,1,5.0
1099.0,63.69426751592356,52,230,79,
899.0,60.06674082313682,43,214,5864,
3999.0,65.01625406351587,34,206,1,
399.0,75.18796992481202,33,717,6,
899.0,33.37041156840934,67,263,5,
1467.0,70.00681663258351,91,311,4,
3998.0,73.11155577788895,18,315,5,
1995.0,15.789473684210526,47,469,1,3.9
1499.0,80.0533689126084,38,406,2,
350.0,28.857142857142858,44,219,1,
999.0,40.04004004004004,33,194,5864,
1080.0,55.00000000000001,26,336,17,
499.0,22.044088176352705,25,248,1,
599.0,33.3889816360601,42,212,5864,5.0
499.0,30.060120240480963,68,1223,2,
999.0,40.44044044044044,15,172,2,
1899.0,42.443391258557135,30,119,6,
1999.0,70.03501750875438,31,119,12,
1560.0,0.0,30,195,5864,
1099.0,45.49590536851683,19,555,14,
1050.0,43.42857142857143,39,1032,141,
190.0,13.157894736842104,56,203,5864,
799.0,50.06257822277848,42,211,288,5.0
599.0,61.93656093489148,48,1269,5,
49443.0,25.30590781303724,55,241,99,
2868.0,21.40864714086472,26,181,19,
699.0,50.07153075822603,26,294,4,
1429.0,20.01399580125962,39,210,83,
1299.0,0.0,23,183,5864,
3500.0,34.31428571428572,63,258,2,
4731.0,26.019868949482134,38,186,1,
2199.0,72.76034561164165,44,641,250,
799.0,77.59699624530664,41,212,30,
1999.0,65.03251625812906,47,641,5864,
499.0,80.56112224448898,40,215,1,
725.0,24.27586206896552,37,231,1,
1599.0,40.21263289555972,19,159,5864,
999.0,50.05005005005005,38,205,314,
399.0,0.0,38,205,5864,
40706.0,29.998034687761017,70,271,22,
699.0,54.93562231759657,50,234,5864,
499.0,0.0,41,244,1,
499.0,76.55310621242485,30,432,1,
2799.0,53.59056806002144,18,175,5864,
2399.0,58.35764902042517,33,827,6,
1999.0,15.70785392696348,58,1031,144,
34433.0,28.397177126593675,53,237,211,
399.0,37.59398496240601,28,921,2,
899.0,66.74082313681868,49,299,2,
849.0,20.141342756183743,43,216,5864,
845.0,5.44378698224852,34,202,5864,
1499.0,33.3555703802535,54,351,5864,
2999.0,73.35778592864288,24,306,5864,
350.0,28.57142857142857,36,257,15,
489.0,55.21472392638037,59,291,20,
1249.0,56.04483586869495,26,302,2,
890.0,55.16853932584269,31,362,5,
1200.0,54.16666666666666,23,599,1,
495.0,20.0,44,217,10,
500.0,48.2,31,1112,22,
995.0,0.0,42,256,5864,
999.0,67.96796796796797,41,210,71,5.0
699.0,0.0,25,319,5864,
600.0,58.5,41,211,155,
4900.0,67.36734693877551,42,216,469,
1800.0,52.83333333333333,34,524,7,5.0
499.0,60.120240480961925,34,1540,13,
84300.0,35.0,27,1069,31,
699.0,71.5307582260372,33,1221,6,
2975.0,50.42016806722689,59,247,20,
1495.0,49.96655518394649,54,931,3,
499.0,50.1002004008016,32,899,36,4.5
499.0,36.87374749498998,41,527,5864,
2999.0,56.68556185395131,31,194,110,
3499.0,71.44898542440697,44,132,10,
2199.0,72.76034561164165,42,639,250,
555.0,64.32432432432432,55,239,14,
2199.0,72.76034561164165,44,641,250,
900.0,63.888888888888886,35,343,3,
1499.0,62.97531687791861,32,193,3,
2800.0,67.14285714285714,37,205,469,
875.0,51.42857142857142,54,332,8,
49999.0,27.286545730914614,65,261,8,
1040.0,47.11538461538461,42,224,2,
2499.0,32.01280512204882,39,210,4,
699.0,42.91845493562232,101,962,3,
799.0,76.34543178973718,41,211,155,
1499.0,82.65510340226818,37,404,6,
1499.0,50.03335557038026,76,404,5,
459.0,56.644880174291934,116,1355,74,
32199.0,26.910773626510142,49,229,211,
1499.0,40.0266844563042,53,774,4,
1999.0,15.70785392696348,52,1775,144,
1299.0,42.34026173979984,34,199,5864,
150.0,16.666666666666664,48,188,5864,
899.0,38.9321468298109,37,773,72,
1699.0,47.08652148322543,54,1311,8,
999.0,55.05505505505506,19,167,25,
1320.0,50.37878787878788,49,229,8,
949.0,68.38777660695469,31,341,12,
659.0,65.25037936267071,23,399,5864,
749.0,60.08010680907877,19,115,2,
350.0,20.0,54,841,3,
299.0,50.16722408026756,73,213,5864,4.0
309.0,59.54692556634305,39,207,54,5.0
1995.0,0.0,17,158,5864,
549.0,0.0,30,838,2,
2199.0,40.92769440654843,54,1072,4,
599.0,72.62103505843072,50,967,74,
1599.0,64.04002501563477,32,200,5864,
499.0,72.14428857715431,45,217,110,
510.0,2.941176470588235,50,231,5,
1499.0,64.04269513008673,79,2298,27,
963.0,55.45171339563863,54,626,10,
1599.0,50.03126954346466,99,329,5864,
500.0,20.0,23,170,5864,
1419.0,49.964763918252295,77,419,5864,
900.0,55.55555555555556,57,809,2,
999.0,68.56856856856857,57,496,1,
599.0,0.0,50,176,1,5.0
680.0,35.44117647058824,36,203,42,
1099.0,0.0,27,186,1,
999.0,0.0,53,235,5864,
900.0,55.66666666666666,40,208,34,
1099.0,0.0,44,220,2,
700.0,28.57142857142857,66,475,10,
108900.0,35.0,34,201,31,
3100.0,79.06451612903226,37,203,12,
730.0,0.0,30,887,2,
4200.0,67.14285714285714,44,220,469,
1049.0,64.2516682554814,41,211,71,
197.0,39.08629441624365,28,394,1,
499.0,64.92985971943888,74,279,5864,
409.0,0.0,73,213,5864,
4900.0,67.36734693877551,49,230,469,
500.0,48.2,34,1121,22,
699.0,28.61230329041488,42,150,5864,
1999.0,60.03001500750376,38,126,7,
1700.0,10.0,28,193,5864,
1499.0,43.36224149432955,52,268,2,
975.0,63.589743589743584,35,199,314,
4900.0,67.36734693877551,42,216,469,
299.0,67.22408026755853,40,210,5864,
850.0,0.0,53,725,26,
999.0,50.05005005005005,20,560,5864,
41706.0,29.2955450055148,44,219,26,
46500.0,45.13978494623656,20,314,25,
795.0,20.0,47,1439,6,
799.0,62.57822277847309,44,216,20,
1299.0,38.49114703618168,39,434,1,
2199.0,72.76034561164165,44,641,250,
4200.0,47.64285714285714,64,258,12,5.0
899.0,0.0,18,714,1,
1999.0,15.70785392696348,58,1026,144,
799.0,50.06257822277848,40,1498,5864,
999.0,60.06006006006006,22,173,5,
499.0,20.04008016032064,19,723,5864,1.0
999.0,39.93993993993994,37,205,12,3.0
799.0,55.06883604505632,44,844,5864,
4900.0,67.36734693877551,44,220,469,
599.0,19.031719532554256,43,220,5864,
2598.0,69.24557351809084,41,213,73,
799.0,43.80475594493116,44,243,1,
349.0,28.653295128939828,49,189,5864,
415.0,20.0,29,511,1,
900.0,44.44444444444444,43,709,51,
230.0,13.478260869565217,37,422,6,
4699.0,50.09576505639498,57,244,5,
1299.0,64.43418013856814,65,261,5864,
799.0,57.32165206508135,59,249,9,
599.0,33.3889816360601,42,213,38,
279.0,53.76344086021505,35,737,27,
600.0,55.00000000000001,33,1667,110,
1107.0,55.01355013550136,39,1897,5,
798.0,28.57142857142857,28,440,1,
1849.0,48.08004326663061,29,117,23,
1799.0,72.26236798221234,51,231,2,4.0
799.0,50.06257822277848,38,206,288,
999.0,50.95095095095095,61,201,5864,
37935.0,30.280743376828784,45,316,211,
899.0,44.493882091212456,83,1434,1,
2690.0,69.182156133829,33,196,5864,
1599.0,68.79299562226392,46,1110,9,
1299.0,69.28406466512702,33,195,20,
727.0,19.944979367262725,39,209,83,
475.0,26.526315789473685,81,1030,3,
999.0,0.0,48,225,5864,
2000.0,50.05,35,199,4,
2985.0,70.01675041876047,21,318,26,
1199.0,25.0208507089241,44,161,5864,
1299.0,61.585835257890686,51,665,110,3.0
2000.0,29.9,29,347,14,
445.0,50.112359550561806,54,319,3,
1499.0,76.71781187458305,45,1091,5,
1499.0,40.0266844563042,27,185,288,
1200.0,33.5,44,1743,4,
2999.0,81.66055351783929,30,2313,1,
2199.0,72.76034561164165,42,639,250,
1499.0,64.04269513008673,77,2282,27,
8990.0,12.124582869855397,34,200,4,5.0
33033.0,20.00121091030182,55,241,132,
1199.0,58.38198498748957,19,188,5864,
399.0,25.062656641604008,42,215,2,
550.0,0.0,41,217,5864,
2495.0,0.0,54,288,5864,
2985.0,70.01675041876047,21,315,26,
945.0,68.35978835978837,42,235,3,
1099.0,63.69426751592356,52,186,79,
649.0,0.0,32,408,19,
1299.0,61.585835257890686,48,225,1,
37100.0,25.0,28,187,13,
799.0,50.06257822277848,36,798,5864,
499.0,70.14028056112225,57,1295,8,
1400.0,28.642857142857142,51,233,59,
3330.0,63.42342342342342,32,815,2,
1000.0,50.1,57,854,12,
599.0,51.75292153589316,44,558,4,
999.0,40.04004004004004,63,151,95,
1099.0,9.463148316651502,34,593,2,
599.0,33.3889816360601,42,213,38,
999.0,50.05005005005005,56,196,5864,
449.0,58.79732739420936,66,206,5864,
1899.0,20.01053185887309,31,192,288,
4199.0,80.01905215527506,63,555,1,
2299.0,0.0,29,187,288,
2200.0,75.9090909090909,26,181,4,
1400.0,70.0,43,207,46,
799.0,68.8360450563204,37,643,5864,
1199.0,0.0,51,232,5864,
999.0,50.05005005005005,24,502,3,
450.0,35.77777777777777,52,302,18,
899.0,68.96551724137932,32,1066,22,
2199.0,72.76034561164165,44,641,250,
1645.0,20.0,49,267,5864,
1176.0,66.66666666666666,39,1290,6,
599.0,62.43739565943238,45,221,5864,5.0
1999.0,15.70785392696348,58,185,144,
2500.0,64.03999999999999,37,155,5864,
1899.0,52.6592943654555,58,1420,1,
1500.0,56.73333333333333,37,292,1,5.0
2350.0,40.46808510638298,42,131,2,
499.0,50.1002004008016,36,201,13,
649.0,0.0,26,181,4,
1199.0,78.39866555462885,42,374,54,
290.0,0.0,41,211,299,
11076.0,15.005417118093176,48,312,5,
2450.0,62.44897959183674,42,215,469,
1999.0,15.70785392696348,44,1017,144,
1475.0,0.0,20,147,41,
950.0,0.0,47,306,5864,5.0
1399.0,40.02859185132237,31,189,5864,3.6
500.0,37.2,24,882,141,
2199.0,54.57025920873125,31,499,3,
400.0,8.75,28,185,299,
1080.0,55.00000000000001,38,346,17,
3150.0,57.14285714285714,42,216,469,
699.0,67.23891273247496,58,245,6,
760.0,56.71052631578948,45,219,5864,5.0
1999.0,70.03501750875438,31,119,12,
990.0,53.63636363636364,49,2183,71,
2049.0,9.760858955588091,26,1319,6,
599.0,8.180300500834726,53,277,5864,
1499.0,73.3822548365577,46,969,2,
459.0,56.644880174291934,109,1327,74,
299.0,33.44481605351171,28,113,1,
1195.0,0.0,66,168,5864,
1999.0,50.025012506253134,40,1242,1,
1940.0,74.27835051546393,26,181,4,
1500.0,53.400000000000006,29,1133,5864,5.0
38625.0,15.000647249190935,43,217,25,
2250.0,33.77777777777778,38,208,41,
549.0,51.00182149362477,46,740,155,
3699.0,40.55150040551501,49,138,4,
2700.0,0.0,27,665,5864,
1799.0,40.02223457476376,23,178,7,
4970.0,0.0,44,170,13,
2499.0,30.012004801920767,21,179,5864,
599.0,70.78464106844741,66,409,2,
990.0,74.84848484848486,25,2265,5,
999.0,70.47047047047047,37,203,18,
13610.0,0.0,81,295,11,
398.0,9.547738693467336,37,184,5864,
42271.0,24.18442904118663,47,225,211,
49178.0,16.999471308308596,99,329,1,
650.0,61.69230769230769,24,591,5864,
730.0,44.93150684931507,30,189,7,
999.0,52.45245245245245,48,230,288,
3150.0,57.14285714285714,39,210,469,
299.0,46.48829431438127,26,183,7,2.0
999.0,80.08008008008008,25,129,110,1.0
49999.0,27.316546330926617,46,165,26,
4900.0,67.36734693877551,38,208,469,
525.0,0.0,55,344,5864,5.0
899.0,0.0,45,1060,7,
600.0,45.0,25,172,5864,
999.0,80.08008008008008,38,370,5864,
395.0,26.58227848101265,42,170,5864,4.1
390.0,10.256410256410255,30,177,5864,
2199.0,77.30786721236926,35,1015,5864,
999.0,60.06006006006006,41,212,5864,
3999.0,57.489372343085776,28,193,5864,
2799.0,57.1632725973562,43,659,12,
4900.0,67.36734693877551,41,214,469,
2999.0,10.00333444481494,53,240,11,
1099.0,72.79344858962693,46,299,7,
1099.0,63.69426751592356,60,255,5864,
599.0,33.3889816360601,49,227,35,
899.0,0.0,50,229,5864,
399.0,37.59398496240601,26,836,1,
598.0,50.0,49,227,5864,
600.0,20.833333333333336,32,214,26,
315.0,1.5873015873015872,15,269,1,
599.0,40.23372287145242,46,1390,5864,
998.0,50.0,27,777,73,
2599.0,80.80030781069642,35,208,5864,
1998.0,62.51251251251251,43,413,5864,
2000.0,67.0,24,125,41,
2800.0,67.14285714285714,40,211,469,
49466.0,29.44648849714956,70,271,99,
1540.0,12.987012987012983,33,278,1,
1040.0,47.11538461538461,36,464,15,
1049.0,52.43088655862727,38,213,5864,
10796.0,50.91700629862912,28,234,288,
990.0,65.75757575757576,30,1292,5,
27438.0,29.623150375391795,48,227,211,
1200.0,54.25,41,211,14,
1200.0,79.16666666666666,30,189,40,
999.0,60.06006006006006,43,215,167,
999.0,20.02002002002002,63,1314,3,
4900.0,67.36734693877551,38,208,469,
4900.0,67.36734693877551,44,220,469,
245.0,12.244897959183673,22,173,33,5.0
1050.0,15.23809523809524,35,201,8,
499.0,40.08016032064128,44,567,2,
399.0,37.59398496240601,44,191,5864,
250.0,20.0,38,358,15,
2900.0,14.827586206896552,26,634,1,
599.0,33.3889816360601,42,213,38,
599.0,49.91652754590985,36,406,314,
2199.0,72.76034561164165,42,639,250,
1040.0,47.11538461538461,33,197,4,
1595.0,40.0,46,221,5864,
2895.0,41.3126079447323,64,191,101,
499.0,78.15631262525051,45,219,20,
38965.0,20.99833183626331,45,221,18,
3500.0,21.428571428571427,36,204,41,
9900.0,10.0,48,228,2,
999.0,0.0,38,296,5864,2.0
13699.0,4.379881743192934,51,276,5864,
949.0,69.54689146469968,31,197,110,
2199.0,72.76034561164165,42,639,250,
1198.0,50.75125208681135,32,349,6,
1999.0,59.979989994997496,35,335,2,
699.0,65.80829756795423,32,193,44,
2999.0,56.68556185395131,60,149,7,
1100.0,63.727272727272734,32,198,2,
1815.0,60.05509641873278,26,801,14,
999.0,40.04004004004004,63,151,95,
895.0,0.0,39,247,5864,
399.0,30.07518796992481,32,305,36,
1790.0,40.0,17,158,5864,2.0
499.0,50.1002004008016,46,221,13,
1350.0,60.0,62,510,5864,
2299.0,60.89604175728578,35,225,3,
4900.0,67.36734693877551,40,212,469,
699.0,64.37768240343348,43,213,110,
799.0,36.2953692115144,36,203,4,
800.0,37.625,39,209,15,5.0
349.0,2.865329512893983,74,279,1,
469.0,42.643923240938165,47,187,5864,
1800.0,69.44444444444444,31,311,100,4.0
1099.0,54.5950864422202,22,258,3,
898.0,0.0,36,461,1,5.0
1599.0,56.91056910569105,38,436,4,
999.0,60.06006006006006,61,297,79,
6599.0,77.28443703591454,33,381,14,
2999.0,71.39046348782928,45,298,1,
749.0,50.734312416555404,32,646,5864,
999.0,27.427427427427425,40,209,5864,
41947.0,19.999046415715068,52,235,132,
46452.0,28.73073279944889,40,421,211,
1046.0,71.41491395793498,44,217,6,
844.0,23.1042654028436,40,429,5,
2500.0,50.03999999999999,26,184,48,
2800.0,67.14285714285714,48,227,469,
799.0,0.0,44,221,5864,
499.0,64.92985971943888,44,219,5864,
5520.0,44.927536231884055,20,316,25,
3295.0,27.31411229135053,12,169,5864,
1200.0,14.583333333333334,28,588,1,
2250.0,6.666666666666667,32,196,314,
4999.0,40.008001600320064,43,634,1,
4200.0,67.14285714285714,36,204,469,
799.0,50.06257822277848,56,196,5864,
6599.0,75.76905591756326,33,381,14,
999.0,50.05005005005005,31,191,72,
1299.0,61.585835257890686,61,181,79,
599.0,8.347245409015025,21,109,9,
799.0,77.59699624530664,41,212,3,
399.0,45.11278195488722,39,207,46,
280.0,28.57142857142857,28,549,4,
575.0,30.434782608695656,39,191,2,
1585.0,72.93375394321767,26,181,41,
510.0,42.15686274509804,20,494,1,
239.0,0.0,47,503,2,
1299.0,30.792917628945343,75,400,5864,
1099.0,58.23475887170154,19,173,5864,
400.0,43.75,35,696,51,
499.0,60.92184368737475,31,193,2,3.0
499.0,50.1002004008016,55,586,6,
699.0,0.0,43,497,7,
1599.0,25.01563477173233,41,698,1,
299.0,6.688963210702341,22,175,2,
1899.0,59.97893628225381,32,194,5864,5.0
999.0,60.06006006006006,22,173,5864,1.0
999.0,0.0,46,310,5864,4.6
999.0,50.05005005005005,46,1010,5864,
499.0,50.1002004008016,89,553,4,
1200.0,70.91666666666666,28,191,5864,
2200.0,62.5,43,215,15,
3995.0,72.5907384230288,44,171,3,
61800.0,0.0,29,191,26,
1400.0,74.42857142857143,47,242,141,
1249.0,64.05124099279423,53,235,6,
1595.0,5.893416927899686,33,195,288,
1220.0,50.81967213114754,30,191,66,
1125.0,0.0,56,371,5864,5.0
699.0,64.2346208869814,39,165,9,
1300.0,73.15384615384616,28,185,9,
570.0,29.82456140350877,43,216,5864,2.5
830.0,68.9156626506024,36,201,16,
1149.0,56.57093124456048,17,172,5864,
999.0,30.03003003003003,17,864,1,
2499.0,64.02561024409763,36,240,5864,
2488.0,30.02411575562701,34,210,5864,
949.0,50.05268703898841,47,223,314,
1499.0,63.37558372248166,51,1394,45,
675.0,5.037037037037037,49,355,5864,
1199.0,50.0417014178482,26,140,27,
3150.0,57.14285714285714,44,220,469,
285.0,0.0,63,257,5864,
360.0,0.0,37,184,5864,
2100.0,61.95238095238095,58,245,13,
1699.0,29.42907592701589,42,332,12,4.3
2500.0,45.32,37,164,17,3.9
1099.0,76.43312101910828,22,188,2,
1672.0,50.0,23,279,1,
150.0,0.0,26,296,3,
2199.0,72.76034561164165,42,639,250,
599.0,51.75292153589316,19,268,1,
2300.0,35.21739130434783,31,194,41,
1999.0,55.02751375687844,52,237,5864,
348.0,21.83908045977012,41,211,5864,
499.0,21.8436873747495,39,213,5864,
1879.0,60.19159127195317,23,921,6,
180.0,33.33333333333333,51,191,5864,
750.0,0.0,44,216,5864,
899.0,24.91657397107897,38,430,2,
1299.0,23.094688221709006,37,1693,3,
722.0,44.59833795013851,26,181,8,
2199.0,72.76034561164165,42,639,250,
999.0,40.04004004004004,63,151,95,
1595.0,37.36677115987461,43,214,5864,
2999.0,66.68889629876625,41,1000,30,
499.0,54.10821643286573,16,108,4,
42734.0,28.403613048158377,47,225,211,
695.0,14.388489208633093,13,174,5864,
350.0,14.571428571428571,37,484,17,
2499.0,60.024009603841534,26,1164,5864,1.0
1999.0,15.70785392696348,44,1012,144,
1299.0,46.18937644341801,26,182,5864,
1280.0,50.0,44,1062,6,
480.0,28.125,27,174,5864,4.7
699.0,28.61230329041488,19,167,5864,
3600.0,0.0,48,555,9,
2999.0,86.02867622540847,35,199,19,
3000.0,16.666666666666664,32,2285,2,
1539.0,67.57634827810266,37,204,314,
1145.0,13.100436681222709,20,255,4,
999.0,67.06706706706707,74,898,36,
999.0,80.08008008008008,59,247,6,
999.0,50.05005005005005,41,411,7,
1099.0,55.050045495905366,42,220,5864,3.0
699.0,42.91845493562232,44,215,5864,
830.0,58.43373493975904,51,231,5864,4.7
1999.0,74.4872436218109,32,282,3,
4999.0,29.68593718743749,37,309,13,
2499.0,44.017607042817126,47,265,1,
1500.0,46.73333333333333,43,217,4,
995.0,0.0,45,332,5864,5.0
1299.0,53.88760585065435,38,164,34,
1200.0,30.0,41,210,288,
2340.0,10.0,52,1488,11,
799.0,0.0,44,218,5864,5.0
299.0,33.44481605351171,28,185,35,
699.0,57.22460658082976,20,171,1,
950.0,10.526315789473683,40,248,5864,
299.0,10.033444816053512,49,189,5864,
1450.0,46.55172413793103,31,244,3,
38340.0,30.0,68,267,22,
2450.0,62.44897959183674,44,219,469,
3999.0,50.01250312578145,61,670,1,
2589.0,61.45229818462728,37,369,3,
699.0,55.07868383404863,47,223,46,
1099.0,0.0,36,125,1,
2999.0,60.02000666888962,27,241,5864,
368.0,0.0,50,231,11,4.5
950.0,0.0,45,302,5864,4.5
300.0,6.666666666666667,29,502,1,
699.0,71.5307582260372,40,211,1,
38719.0,22.683953614504507,49,229,99,
799.0,50.06257822277848,34,1516,314,
4900.0,67.36734693877551,45,222,469,
950.0,0.0,44,215,5864,
38080.0,43.999474789915965,41,215,31,
4999.0,50.01000200040008,72,1392,25,
2450.0,62.44897959183674,40,211,469,
1999.0,50.025012506253134,43,418,6,
2499.0,69.7078831532613,32,194,5864,
280.0,14.285714285714285,27,183,4,
5899.0,10.510255975589084,22,176,66,
2499.0,50.02000800320128,14,166,5864,3.6
1399.0,46.39027877055039,33,1232,6,
1399.0,50.03573981415297,55,181,25,
499.0,60.120240480961925,115,361,1,
2149.0,9.306654257794325,37,1319,6,
695.0,50.07194244604316,31,233,314,5.0
750.0,26.666666666666668,68,477,10,
1699.0,67.09829311359623,38,2158,4,
995.0,10.050251256281408,31,604,17,
299.0,0.0,38,207,5864,
1299.0,60.046189376443415,22,392,5864,
35385.0,27.5568743818002,46,223,211,
16440.0,10.0,23,537,2,
31281.0,28.57325533071193,40,211,211,
2499.0,50.02000800320128,18,172,5864,
56400.0,35.0,37,207,31,
270.0,6.666666666666667,21,171,299,
365.0,9.863013698630136,44,217,29,
2450.0,35.10204081632653,13,140,17,3.9
1945.0,10.025706940874036,31,661,17,
2599.0,68.48787995382838,31,710,3,
999.0,50.05005005005005,42,538,5864,
1990.0,55.27638190954774,34,160,1,
2250.0,35.11111111111111,36,204,41,
1099.0,54.5950864422202,64,263,5864,
4900.0,67.36734693877551,42,216,469,
1699.0,29.42907592701589,29,189,5864,
899.0,20.13348164627364,37,905,5864,
400.0,57.75,41,218,155,
1900.0,10.0,48,1474,11,
999.0,40.04004004004004,29,625,1,
799.0,27.53441802252816,70,271,2,
27523.0,28.57246666424445,40,707,211,
899.0,55.61735261401557,59,697,155,
1999.0,54.97748874437218,35,597,5864,
1299.0,53.88760585065435,38,1891,34,
4200.0,67.14285714285714,39,210,469,
2499.0,60.024009603841534,79,287,2,5.0
649.0,0.0,34,182,5864,
399.0,0.0,18,108,10,
3299.0,48.49954531676266,31,194,110,
36400.0,25.0,36,203,13,
390.0,10.256410256410255,33,180,5864,
899.0,40.04449388209122,41,215,5864,
899.0,44.493882091212456,20,430,8,
749.0,40.053404539385845,33,189,5864,4.0
240.0,0.0,50,151,5864,
2299.0,10.004349717268378,20,168,5864,
395.0,50.63291139240506,22,173,33,
2199.0,72.76034561164165,44,641,250,
1999.0,45.07253626813407,58,704,9,
169.0,10.059171597633137,46,186,5864,
343.0,0.0,39,209,11,5.0
1299.0,57.73672055427252,33,483,1,
800.0,0.0,52,264,1,
1199.0,71.64303586321935,52,178,10,
625.0,40.0,37,201,5864,
1999.0,15.70785392696348,46,173,144,
520.0,0.0,38,139,5864,5.0
1630.0,54.29447852760736,31,299,5864,
2099.0,66.69842782277274,38,216,1,
999.0,55.55555555555556,18,269,1,
1499.0,56.70446964643096,41,898,21,
999.0,60.06006006006006,37,143,5864,4.7
599.0,33.3889816360601,42,213,38,
899.0,55.61735261401557,36,206,288,
1399.0,20.014295925661184,28,186,5864,
1690.0,0.0,20,180,5864,
899.0,45.60622914349277,18,158,5864,
3199.0,52.516411378555794,30,534,1,
3178.0,50.0,66,262,20,
3748.0,39.994663820704375,61,150,7,
501.0,0.0,19,166,5864,
1249.0,60.0480384307446,42,252,5864,
2499.0,60.10404161664666,32,199,5864,3.0
799.0,45.55694618272841,45,1526,6,
3680.0,40.244565217391305,26,367,1,
750.0,40.0,36,203,42,
1400.0,56.00000000000001,42,214,5864,
999.0,70.07007007007007,39,286,5,
725.0,0.0,49,314,2,
759.0,0.0,45,221,3,5.0
740.0,0.0,63,257,2,
775.0,29.161290322580648,25,848,2,
1499.0,66.711140760507,35,336,2,
2199.0,55.47976352887676,41,918,5,
799.0,28.785982478097623,54,1332,2,
2500.0,68.24,101,938,1,
699.0,40.05722460658083,66,623,6,
1499.0,63.37558372248166,51,1394,45,
4200.0,67.14285714285714,42,216,469,
2250.0,27.33333333333333,47,174,5,3.5
695.0,43.16546762589928,22,173,33,5.0
999.0,60.16016016016016,42,984,6,
499.0,10.02004008016032,14,258,1,4.0
1299.0,65.43494996150885,44,416,4,
1000.0,60.1,26,108,9,
999.0,75.07507507507508,62,989,13,
7400.0,25.013513513513512,107,346,33,
1950.0,51.28205128205128,46,701,2,
1500.0,60.06666666666667,46,426,2,
399.0,57.64411027568922,58,1673,4,
478.0,50.0,42,791,3,
999.0,40.04004004004004,63,151,95,
700.0,52.85714285714286,39,219,155,
3095.0,48.33602584814216,52,2562,1,
899.0,38.9321468298109,37,773,72,
799.0,37.546933667083856,62,477,4,
995.0,17.08542713567839,46,1278,1,
1675.0,52.29850746268657,33,195,13,
12900.0,27.82945736434109,55,183,17,5.0
1899.0,50.026329647182735,28,738,5864,
399.0,77.44360902255639,28,710,6,
499.0,60.120240480961925,64,790,5864,
799.0,58.82352941176471,45,220,5864,
1500.0,41.8,77,1727,141,
3150.0,57.14285714285714,41,214,469,
36635.0,27.891360720622355,43,215,99,
279.0,53.76344086021505,36,738,27,
849.0,20.141342756183743,37,1005,5864,
2895.0,41.3126079447323,64,191,101,
510.0,0.0,51,203,5864,
1399.0,44.96068620443174,127,1395,2,
799.0,31.1639549436796,49,1441,11,
1299.0,61.585835257890686,33,197,288,
2199.0,72.76034561164165,42,639,250,
1899.0,0.0,34,477,46,
8646.0,44.48299791811242,66,193,9,5.0
1598.0,65.26908635794743,26,190,5864,
37375.0,15.00200668896321,43,217,25,
699.0,65.80829756795423,32,193,44,
2599.0,73.18199307425934,32,192,5864,
2098.0,0.0,48,239,5864,
530.0,6.60377358490566,28,185,299,
895.0,25.69832402234637,14,156,5864,
1745.0,71.40401146131805,31,323,288,5.0
1199.0,58.38198498748957,49,228,5864,5.0
799.0,50.06257822277848,51,544,2,
999.0,48.048048048048045,41,586,1,5.0
899.0,0.0,45,771,5864,
899.0,0.0,45,219,5864,
999.0,20.02002002002002,39,209,59,
1599.0,65.66604127579737,43,217,5864,
699.0,71.5307582260372,42,213,4,
295.0,0.0,60,251,5864,
1795.0,5.571030640668524,39,212,288,
2400.0,81.66666666666667,54,386,5864,
595.0,0.0,38,348,5864,4.3
2499.0,74.0296118447379,26,181,1,5.0
499.0,88.17635270541082,45,219,3,
799.0,55.06883604505632,47,223,46,
34878.0,27.48150696714261,47,258,211,
34905.0,28.57183784558086,37,205,211,
1499.0,64.04269513008673,79,2297,27,
499.0,50.1002004008016,46,221,13,
695.0,0.0,34,325,1,
8999.0,44.54939437715302,77,1285,2,
1099.0,72.79344858962693,51,1025,5864,
1399.0,33.59542530378842,36,162,10,4.2
999.0,60.06006006006006,36,231,1,
399.0,18.546365914786968,44,570,5864,
999.0,60.06006006006006,57,243,11,
1799.0,83.54641467481935,29,616,2,
1299.0,53.88760585065435,38,1891,34,
999.0,70.07007007007007,22,616,5864,
35258.0,24.312212831130523,49,227,99,
2245.0,40.089086859688194,46,220,5864,5.0
1499.0,63.37558372248166,51,1394,45,
999.0,35.03503503503504,50,1055,10,
319.0,34.48275862068966,40,209,299,
595.0,29.915966386554626,25,179,2,
1999.0,75.03751875937968,23,187,5864,
23615.0,29.8581410120686,47,225,211,
799.0,25.03128911138924,44,217,5864,
47845.0,20.99905946284878,45,221,18,
849.0,60.07067137809188,41,218,5864,
599.0,26.71118530884808,52,233,299,
2499.0,33.33333333333333,56,874,3,
500.0,35.0,31,189,3,
1299.0,7.698229407236336,54,237,5864,
650.0,0.0,55,181,5864,
1999.0,64.98249124562281,43,143,5864,
1499.0,63.37558372248166,51,1394,45,
1749.0,73.18467695826186,59,254,155,
1100.0,19.090909090909093,39,209,1,
518.0,0.0,30,447,12,
1799.0,40.18899388549194,19,160,5864,
1000.0,50.1,24,184,5864,
1297.0,72.3207401696222,30,189,41,4.2
599.0,25.041736227045075,19,159,5864,
599.0,33.3889816360601,42,213,38,
1499.0,46.6977985323549,32,193,5864,
345.0,14.492753623188406,37,463,5864,
7250.0,3.462068965517241,34,200,1,
999.0,30.03003003003003,45,287,1,
2999.0,0.0,42,169,1,
1999.0,15.70785392696348,44,1012,144,
200.0,15.5,18,165,12,
2999.0,66.68889629876625,41,1001,30,
999.0,70.07007007007007,45,374,5,
1080.0,50.92592592592593,30,191,66,
2800.0,67.14285714285714,39,209,469,
1999.0,70.03501750875438,48,950,5864,
875.0,57.14285714285714,100,2602,15,
1099.0,54.5950864422202,36,206,5864,3.0
24624.0,0.0,61,253,99,
4900.0,67.36734693877551,45,222,469,
4200.0,55.73809523809524,14,141,14,4.2
1200.0,66.75,39,215,288,3.5
1695.0,0.0,34,1043,7,
6210.0,0.0,25,749,5864,
650.0,0.0,33,226,1,
1199.0,62.55212677231026,38,206,167,
999.0,73.07307307307308,48,870,5,
998.0,50.0,27,777,73,
999.0,66.06606606606607,112,1565,5,
1399.0,50.03573981415297,33,195,13,
2600.0,61.57692307692307,56,249,5864,
8199.0,0.0,22,149,8,3.9
200.0,20.5,19,167,12,
1399.0,71.4796283059328,48,624,5864,
400.0,57.75,41,211,54,
399.0,67.66917293233082,50,662,2,
899.0,50.055617352614014,33,194,5864,
36400.0,25.0,44,219,13,
378.0,0.0,34,197,13,4.2
1449.0,0.0,44,222,5864,
5520.0,44.927536231884055,20,312,25,
1599.0,50.03126954346466,22,502,5864,
349.0,20.05730659025788,75,279,299,
1784.0,82.11883408071749,23,176,5864,
13859.0,40.673930298001295,48,428,211,
1999.0,30.01500750375188,51,234,59,
380.0,39.47368421052632,52,192,5864,
1900.0,0.0,19,146,7,
6000.0,79.80000000000001,40,641,9,
450.0,42.22222222222222,41,577,5864,
3150.0,57.14285714285714,39,210,469,
2699.0,40.01482030381623,50,231,5864,
900.0,70.0,34,1749,1,3.3
999.0,65.06506506506507,85,297,110,
1859.0,55.40613232920926,36,207,5864,5.0
399.0,0.0,22,520,2,
656.0,18.59756097560976,37,376,3,
1999.0,50.025012506253134,31,1142,3,
999.0,55.05505505505506,36,201,5864,
324.0,38.58024691358025,30,562,13,
2499.0,0.0,56,292,3,
699.0,50.07153075822603,26,294,4,
24922.0,25.37115801300056,48,1517,2,
1495.0,14.983277591973245,33,196,5864,4.0
389.0,0.0,53,200,5864,
1699.0,47.08652148322543,54,1311,8,
2099.0,71.46260123868508,36,450,4,
1400.0,74.42857142857143,44,239,141,
1999.0,15.70785392696348,44,1012,144,
13750.0,10.327272727272726,19,197,1,
499.0,20.04008016032064,24,722,6,
1250.0,32.0,27,189,5864,5.0
794.0,50.0,19,1060,17,
1199.0,30.025020850708923,27,184,5864,
799.0,43.80475594493116,29,117,18,
2399.0,50.02084201750729,61,498,11,
1499.0,46.6977985323549,42,1105,5,
999.0,52.95295295295295,42,219,288,
800.0,50.125,41,210,314,
2150.0,60.0,35,200,5864,
199.0,25.125628140703515,62,253,35,
2499.0,50.02000800320128,19,175,5864,
649.0,61.63328197226502,51,360,46,
26208.0,20.00152625152625,53,237,132,
1495.0,26.421404682274247,19,629,6,
699.0,50.07153075822603,43,215,314,
99.0,2.0202020202020203,52,191,5864,
3583.0,45.24141780630757,45,263,1,
1399.0,50.03573981415297,18,100,27,
300.0,0.0,31,151,1,
999.0,35.03503503503504,50,1054,10,
1099.0,54.68607825295724,30,144,72,
949.0,69.54689146469968,31,341,100,
315.0,0.0,41,211,13,
999.0,50.05005005005005,14,313,2,
600.0,16.666666666666664,36,264,15,
1699.0,59.97645673925839,31,192,5864,
1199.0,58.38198498748957,19,184,5864,
1299.0,23.094688221709006,21,161,5864,
470.0,11.914893617021278,22,498,299,
2055.0,0.0,23,399,5864,
349.0,20.05730659025788,32,690,36,
599.0,39.89983305509182,51,191,5864,
1700.0,50.0,44,318,5864,
5000.0,58.96,32,168,5864,
750.0,0.0,46,318,5864,3.6
2499.0,50.02000800320128,18,173,5864,
1400.0,28.642857142857142,51,233,59,
699.0,42.91845493562232,46,221,40,
5023.0,15.010949631694206,36,186,1,
999.0,0.0,34,220,6,
698.0,50.0,20,1098,17,
4900.0,67.36734693877551,43,218,469,
1649.0,39.41782898726501,19,620,2,
1999.0,25.012506253126567,50,607,59,
1295.0,57.52895752895753,41,219,5864,
1749.0,37.04974271012007,37,802,23,
3840.0,0.0,56,163,1,
4900.0,67.36734693877551,37,206,469,
850.0,61.76470588235294,22,400,21,
680.0,48.52941176470589,69,267,53,
4099.0,20.00487923883874,34,170,5864,
2895.0,30.915371329879104,46,603,101,
1025.0,40.0,61,253,5864,
45835.0,26.143776589942185,60,249,99,
1199.0,65.8882402001668,86,301,100,
1699.0,40.02354326074161,52,188,5864,
2800.0,67.14285714285714,44,219,469,
999.0,62.46246246246246,31,287,7,
1156.0,50.17301038062284,36,638,5864,
2300.0,56.56521739130434,74,837,1,
1049.0,63.870352716873214,31,341,100,
799.0,74.96871088861077,41,211,22,
1499.0,6.671114076050701,14,387,1,
850.0,70.70588235294117,24,177,40,
230.0,0.0,30,189,7,
5140.0,0.0,87,743,11,
660.0,34.84848484848485,28,185,34,
399.0,37.59398496240601,51,231,35,
6217.0,59.99678301431559,19,747,2,
1699.0,0.0,18,175,5864,5.0
599.0,33.3889816360601,42,213,38,
2000.0,69.05,35,711,12,
4900.0,67.36734693877551,46,224,469,
2895.0,79.30915371329878,28,163,2,
800.0,57.62500000000001,31,350,1,
399.0,0.0,29,322,14,
33678.0,25.7438090147871,44,217,99,
1199.0,58.38198498748957,19,195,5864,
4500.0,33.33333333333333,40,167,26,
749.0,31.90921228304406,29,117,23,
4200.0,67.14285714285714,39,210,469,
399.0,17.543859649122805,29,187,26,
999.0,40.04004004004004,46,484,2,
499.0,50.1002004008016,46,280,20,
2250.0,46.66666666666666,18,145,3,
600.0,16.0,84,299,5864,
129.0,0.0,46,186,5864,
800.0,8.125,36,171,5864,
1199.0,75.0625521267723,35,201,5864,5.0
1200.0,42.583333333333336,58,586,5864,
600.0,30.166666666666668,31,332,1,
599.0,16.69449081803005,42,213,5864,5.0
949.0,54.7945205479452,29,186,100,
490.0,42.85714285714285,27,115,2,5.0
495.0,16.969696969696972,79,289,5864,
3999.0,70.1175293823456,59,148,4,
2999.0,33.344448149383126,66,186,5864,
999.0,55.05505505505506,17,171,5864,
2699.0,59.50351982215636,17,141,26,
700.0,28.714285714285715,71,329,1,
49999.0,12.098241964839298,29,189,4,5.0
5000.0,82.02000000000001,56,1255,4,
900.0,50.0,45,471,15,
900.0,16.666666666666664,52,439,5864,
199.0,39.69849246231156,37,479,1,
3775.0,0.0,52,572,9,
499.0,20.04008016032064,48,225,40,
1499.0,56.70446964643096,59,1125,17,
998.0,55.01002004008016,39,208,85,
530.0,43.58490566037736,58,205,5864,4.5
43667.0,28.369249089701604,53,394,99,
450.0,50.0,17,744,5,
2895.0,30.915371329879104,46,603,101,
695.0,61.87050359712231,22,173,33,
399.0,20.050125313283207,34,122,4,
949.0,63.224446786090624,46,221,155,
2575.0,61.28155339805825,34,198,5864,
520.0,19.230769230769237,28,185,299,
899.0,72.30255839822024,55,241,1,
1728.0,73.4375,36,201,41,
33625.0,15.00074349442379,40,211,25,
399.0,0.0,41,211,35,
13495.0,51.10040755835495,28,207,288,
599.0,45.07512520868113,38,816,20,
1548.0,12.919896640826872,37,206,3,
650.0,53.84615384615385,45,185,5864,
370.0,0.0,36,964,1,
799.0,43.92991239048811,76,1128,16,
2600.0,50.03846153846154,46,464,3,
102.0,16.666666666666664,48,187,5864,
399.0,52.63157894736842,24,1087,1,
595.0,21.008403361344534,44,219,1,
499.0,30.060120240480963,39,229,5864,
950.0,57.99999999999999,30,648,1,
459.0,56.644880174291934,105,1315,74,
1050.0,47.61904761904761,90,309,15,
21153.0,20.0018909847303,55,241,132,
2090.0,30.0,38,206,5864,
1200.0,50.083333333333336,50,229,13,
550.0,23.63636363636364,77,1063,33,
1399.0,21.44388849177984,48,225,5864,
1150.0,0.0,17,127,1,
499.0,0.0,19,167,25,
950.0,63.26315789473684,34,203,1,
899.0,20.13348164627364,42,214,5864,
234.0,0.0,38,205,10,
510.0,37.25490196078432,28,185,299,
1495.0,20.066889632107024,23,112,3,3.5
1599.0,25.01563477173233,26,882,2,
1200.0,34.333333333333336,93,566,1,2.0
1600.0,50.625,30,191,66,
441.0,0.0,65,259,13,
299.0,33.44481605351171,28,185,35,
1025.0,0.0,38,310,5864,5.0
799.0,62.57822277847309,43,215,46,
1999.0,85.54277138569284,58,1525,7,
4900.0,67.36734693877551,43,218,469,
301.0,0.0,19,181,5864,
499.0,60.120240480961925,43,769,5864,
4900.0,67.36734693877551,44,220,469,
1040.0,47.11538461538461,35,659,51,
599.0,50.08347245409015,41,210,5864,
2400.0,0.0,58,248,5864,
1999.0,29.26463231615808,55,182,26,4.3
999.0,50.05005005005005,33,194,72,
400.0,26.25,27,315,2,
599.0,66.7779632721202,43,789,3,
599.0,19.86644407345576,42,215,3,
999.0,40.04004004004004,29,189,21,
350.0,14.285714285714285,51,231,5,
1866.0,73.2583065380493,28,185,9,
360.0,2.7777777777777777,30,177,5864,
1999.0,60.03001500750376,39,208,5864,
1999.0,15.70785392696348,46,475,144,
399.0,50.125313283208015,24,178,5864,
999.0,75.07507507507508,56,967,13,
1299.0,76.98229407236336,40,1212,2,
9999.0,55.00550055005501,55,1547,2,
49999.0,23.424468489369787,41,213,211,
1599.0,73.17073170731707,59,741,71,
277.0,0.0,50,231,11,5.0
1099.0,45.4049135577798,44,219,5864,
599.0,58.59766277128548,43,824,1,
599.0,16.69449081803005,24,188,5864,3.2
990.0,0.0,28,163,5864,
600.0,29.0,74,581,141,
2199.0,72.76034561164165,42,639,250,
1730.0,10.0,48,1408,11,
1999.0,60.03001500750376,59,295,5864,3.7
375.0,25.333333333333336,54,194,5864,
999.0,40.04004004004004,35,197,5864,
500.0,10.0,48,188,5864,
1299.0,30.023094688221708,45,218,5864,
1599.0,62.53908692933084,32,549,14,
2499.0,68.90756302521008,33,194,5864,3.4
1099.0,30.02729754322111,48,246,5864,
2367.0,80.01689902830587,37,203,3,2.7
850.0,23.52941176470588,73,648,3,
699.0,40.2002861230329,46,1384,5864,
399.0,60.15037593984962,39,1270,21,
749.0,61.148197596795725,46,224,5864,
1800.0,51.61111111111111,28,187,5864,
650.0,54.0,29,189,5864,
799.0,62.57822277847309,44,724,5,
898.0,50.0,14,788,1,
1299.0,25.096227867590454,30,190,5864,
799.0,43.80475594493116,33,165,29,
995.0,59.798994974874375,42,221,5864,
1199.0,65.05421184320267,21,176,110,3.8
999.0,70.07007007007007,23,175,19,2.8
2199.0,72.76034561164165,42,639,250,
1418.0,22.496473906911145,44,220,5864,
349.0,0.0,21,700,3,
599.0,66.7779632721202,24,918,2,
280.0,46.42857142857143,28,194,5864,
1199.0,58.38198498748957,43,223,167,
249.0,20.080321285140563,41,211,40,
3299.0,48.49954531676266,22,732,1,
499.0,20.04008016032064,62,253,4,
2630.0,0.0,23,176,5864,
499.0,50.1002004008016,24,177,79,
449.0,50.11135857461024,40,646,14,
850.0,53.05882352941177,49,227,54,5.0
1199.0,58.38198498748957,19,182,5864,
1799.0,0.0,48,1448,8,
3657.0,53.54115395132622,70,4494,2,
499.0,40.08016032064128,43,455,7,
598.0,41.63879598662207,28,935,6,
799.0,50.06257822277848,45,221,5864,
650.0,54.0,30,816,5864,
600.0,58.333333333333336,27,543,5864,
1796.0,73.32962138084632,24,414,14,
999.0,50.05005005005005,51,231,8,
600.0,72.5,25,179,5,
3599.0,44.45679355376493,52,302,5864,
440.0,10.227272727272728,27,326,4,
2965.0,0.0,51,440,3,
1378.0,71.04499274310595,30,189,5,3.0
599.0,50.08347245409015,23,685,8,
300.0,43.333333333333336,26,114,1,
800.0,41.25,43,610,1,
45696.0,28.57142857142857,39,209,211,
13999.0,42.86020430030717,50,1668,1,
990.0,0.0,62,163,5864,
499.0,0.0,14,719,2,
1500.0,50.06666666666667,60,293,2,
4200.0,67.14285714285714,44,220,469,
749.0,46.728971962616825,45,220,5864,
1150.0,15.217391304347828,22,148,41,
250.0,0.0,23,170,5864,
216.0,16.666666666666664,69,714,14,
600.0,33.33333333333333,52,983,7,
458.0,56.55021834061136,29,815,5864,
3999.0,57.51437859464866,63,190,37,
2199.0,50.022737608003645,35,253,3,
529.0,41.58790170132325,47,266,9,
2190.0,65.06849315068493,33,173,5864,
3499.0,49.55701629036868,17,176,5864,
1599.0,53.15822388993121,99,1138,1,
399.0,37.59398496240601,62,255,2,
4499.0,90.02000444543232,26,181,10,
999.0,0.0,25,535,15,
740.0,13.513513513513514,30,189,1,
999.0,50.05005005005005,36,201,5864,
999.0,40.04004004004004,39,535,5864,
499.0,60.120240480961925,14,185,1,
350.0,45.14285714285714,52,235,2,
990.0,9.191919191919192,31,166,5864,1.0
1040.0,47.11538461538461,36,1118,72,
590.0,33.89830508474576,43,204,8,
40097.0,25.425842332344068,47,225,211,
600.0,55.00000000000001,35,206,20,
999.0,40.04004004004004,46,233,5864,
2199.0,72.76034561164165,44,641,250,
1040.0,50.96153846153846,30,191,66,
599.0,50.08347245409015,52,235,1,
529.0,0.0,25,335,1,
1499.0,66.711140760507,34,748,314,
999.0,40.04004004004004,29,189,21,
599.0,41.56928213689483,33,195,8,
399.0,25.062656641604008,30,189,26,4.7
990.0,52.92929292929293,35,1578,11,
350.0,42.85714285714285,35,693,51,
1199.0,58.38198498748957,19,173,5864,
499.0,0.0,25,179,2,
459.0,56.644880174291934,114,1351,74,
899.0,20.02224694104561,31,198,5864,
1120.0,50.89285714285714,30,1789,66,
1499.0,53.36891260840561,21,161,5864,
1899.0,42.1274354923644,31,194,5864,
1000.0,30.1,29,194,5864,
2199.0,77.30786721236926,35,204,5864,
949.0,68.38777660695469,29,186,100,
999.0,60.06006006006006,24,177,1,
999.0,67.06706706706707,40,538,5864,3.0
4900.0,67.36734693877551,40,212,469,
299.0,16.722408026755854,58,427,5,
849.0,62.89752650176679,29,339,100,
600.0,73.5,56,144,1,
1299.0,53.88760585065435,62,150,2,
2100.0,77.85714285714286,37,203,288,
799.0,37.546933667083856,43,219,314,
519.0,38.53564547206166,57,511,299,
1299.0,60.046189376443415,31,192,288,
1871.0,73.86424371993586,26,181,41,
349.0,28.653295128939828,59,1118,2,
3999.0,0.0,22,176,110,
1299.0,53.88760585065435,40,210,288,
899.0,0.0,57,158,5864,
1199.0,0.0,36,211,5864,
1937.0,50.02581311306143,55,239,6,
899.0,52.72525027808677,53,235,54,
43321.0,19.99953833014012,59,408,132,
699.0,35.7653791130186,71,1588,3,
1298.0,50.0,35,201,4,
3075.0,50.016260162601625,59,247,20,
326.0,40.1840490797546,40,180,5864,
1695.0,17.699115044247787,39,128,2,
425.0,0.0,81,4201,5864,5.0
999.0,0.0,46,468,5864,
699.0,65.80829756795423,32,193,44,
1999.0,0.0,33,845,288,
899.0,55.61735261401557,42,254,14,
999.0,62.46246246246246,22,173,5,
490.0,16.93877551020408,68,267,5864,
399.0,25.062656641604008,34,535,1,
2049.0,40.019521717911175,20,182,5864,
395.0,16.455696202531644,38,581,5864,
1958.0,27.27272727272727,45,222,83,
795.0,0.0,44,260,5864,
1995.0,74.98746867167921,32,195,314,
1700.0,23.588235294117645,28,188,110,
1200.0,50.083333333333336,12,1286,5864,
600.0,0.0,38,247,5864,
1080.0,55.00000000000001,26,344,17,
4900.0,67.36734693877551,42,216,469,
2295.0,29.978213507625277,30,189,5864,
3999.0,60.01500375093774,50,1422,1,
530.0,18.867924528301888,28,185,299,
1999.0,33.36668334167084,61,150,95,
999.0,55.05505505505506,36,990,167,
950.0,21.052631578947366,37,1385,3,
1429.0,20.01399580125962,39,210,83,
249.0,20.080321285140563,52,274,5,
1199.0,60.80066722268557,26,174,7,
1599.0,0.0,20,179,5864,
1499.0,80.0533689126084,31,425,2,
3499.0,80.02286367533581,35,1069,5864,
1999.0,60.03001500750376,44,1325,7,
108000.0,35.0,36,634,31,
1049.0,63.870352716873214,31,341,110,
3999.0,57.51437859464866,76,528,1,
400.0,24.25,30,300,1,
1999.0,50.025012506253134,26,189,5864,
2788.0,30.02152080344333,30,202,5864,
1499.0,63.37558372248166,51,1394,45,
349.0,49.28366762177651,43,215,299,
850.0,47.05882352941176,72,273,53,
499.0,52.104208416833664,41,249,5864,
1299.0,42.34026173979984,34,199,5864,
37758.0,20.00105937814503,55,404,132,
350.0,14.285714285714285,55,239,8,
599.0,80.13355592654425,49,1126,13,
1040.0,47.11538461538461,38,204,288,
1049.0,63.870352716873214,31,341,85,
4900.0,67.36734693877551,45,222,469,
2000.0,25.05,25,182,1,
2599.0,74.99038091573682,48,801,3,
649.0,61.63328197226502,51,231,46,
1499.0,50.03335557038026,27,184,5864,
1664.0,70.01201923076923,38,276,5864,
1999.0,15.70785392696348,44,1017,144,
849.0,17.6678445229682,36,176,5864,2.8
699.0,0.0,53,894,2,
920.0,2.1739130434782608,22,535,299,
499.0,35.07014028056113,38,147,3,4.6
1699.0,52.97233666862861,33,1225,5864,
399.0,25.062656641604008,34,215,5864,3.2
570.0,16.666666666666664,19,166,5864,3.0
2000.0,67.0,24,177,41,
1700.0,67.64705882352942,40,211,30,
3150.0,57.14285714285714,38,208,469,
1299.0,30.792917628945343,54,438,2,
999.0,30.03003003003003,43,440,3,
2495.0,63.967935871743485,49,228,5864,
590.0,23.728813559322035,36,576,72,
1199.0,54.21184320266889,28,330,2,
925.0,4.972972972972973,21,212,5864,2.0
499.0,0.0,20,169,3,
999.0,35.03503503503504,50,138,10,
1147.0,65.38796861377506,47,272,1,
899.0,33.37041156840934,34,306,3,
500.0,48.2,29,1106,22,
390.0,27.94871794871795,46,193,5864,
399.0,25.062656641604008,37,695,18,
699.0,57.22460658082976,41,211,18,
2999.0,50.01667222407469,44,525,17,
2900.0,13.79310344827586,50,228,5864,
800.0,50.125,57,865,12,
1000.0,70.1,25,507,30,5.0
899.0,50.055617352614014,38,390,9,
999.0,50.05005005005005,37,655,3,
1599.0,49.96873045653533,19,175,5864,
499.0,64.92985971943888,38,207,5864,
1299.0,25.01924557351809,30,194,5864,
899.0,72.30255839822024,39,1074,3,
1299.0,29.946112394149345,35,201,5864,
8599.0,24.42144435399465,31,1129,9,
1200.0,50.0,42,213,5864,
8999.0,42.22691410156684,19,146,7,5.0
1599.0,50.03126954346466,50,229,5864,
1999.0,60.03001500750376,61,647,5864,
995.0,0.0,48,343,5864,4.7
39641.0,26.83585176963245,48,227,211,
399.0,30.07518796992481,35,200,5864,
33965.0,30.304725452671867,48,227,211,
799.0,0.0,46,774,5864,
999.0,50.05005005005005,16,563,3,
1149.0,30.461270670147957,42,214,5864,
840.0,10.0,31,183,5864,
699.0,50.07153075822603,26,319,6,
1399.0,71.4796283059328,54,662,5864,
999.0,75.07507507507508,21,183,1,5.0
1495.0,26.421404682274247,19,544,6,
620.0,43.54838709677419,56,243,7,
899.0,54.94994438264739,48,224,5864,
998.0,55.01002004008016,54,1001,1,
999.0,70.07007007007007,15,380,2,
3699.0,59.47553392808867,44,220,469,
1199.0,58.38198498748957,39,169,100,
499.0,64.92985971943888,42,1453,5864,
6500.0,19.230769230769237,26,184,1,5.0
1520.0,28.35526315789474,34,156,5864,4.1
1899.0,63.191153238546605,15,602,2,
1299.0,23.094688221709006,39,209,28,
36700.0,0.0,29,191,26,
2450.0,62.44897959183674,37,205,469,
2299.0,23.92344497607656,54,240,83,
900.0,13.555555555555555,74,1096,141,
1499.0,53.36891260840561,51,177,27,
399.0,61.15288220551378,49,227,22,
120.0,0.0,38,241,2,
1099.0,20.01819836214741,21,161,5864,
1999.0,60.03001500750376,25,191,5864,
23819.0,20.000839665813004,62,255,132,
599.0,33.3889816360601,42,213,38,
2650.0,0.0,14,166,5864,
1499.0,10.00667111407605,10,768,5,
699.0,78.6838340486409,58,245,12,
999.0,57.45745745745746,39,275,1,
2099.0,0.0,16,171,5864,5.0
3150.0,57.14285714285714,40,212,469,
48225.0,20.99948159668222,45,221,18,
145.0,3.4482758620689653,53,205,5864,1.0
500.0,10.0,48,195,5864,
869.0,19.56271576524741,78,1356,299,
2100.0,77.85714285714286,39,531,288,
1400.0,50.0,42,214,5864,
1599.0,40.08755472170106,33,194,5864,
290.0,0.0,75,281,5864,
499.0,0.0,44,221,5864,
2338.0,43.32763045337896,32,778,3,
2199.0,72.76034561164165,44,641,250,
1599.0,68.79299562226392,46,735,3,
449.0,11.1358574610245,60,927,18,
2699.0,50.01852537977028,26,190,5864,
2999.0,63.121040346782266,56,461,5,
2799.0,35.72704537334763,63,189,10,4.0
1500.0,41.8,71,273,141,
3488.0,50.0,23,189,5864,
999.0,57.45745745745746,38,204,5864,5.0
649.0,55.46995377503852,46,220,71,
1200.0,79.16666666666666,31,191,40,5.0
20663.0,69.99951604316895,44,326,7,
499.0,0.0,22,145,5,
2500.0,50.0,52,179,15,
999.0,40.04004004004004,87,733,5,
4999.0,0.0,36,125,53,
599.0,33.3889816360601,36,201,5864,
1599.0,6.316447779862414,32,193,19,
597.0,25.125628140703515,69,460,4,
399.0,0.0,25,165,5864,
599.0,40.23372287145242,46,1390,5864,
999.0,50.05005005005005,10,650,5,
2298.0,0.0,46,228,5864,
2299.0,56.54632448890822,67,1986,1,
1499.0,80.0533689126084,40,215,1,
2599.0,25.00961908426318,15,151,5864,
1645.0,40.0,55,435,5864,
899.0,61.179087875417125,51,231,46,
453.0,42.82560706401766,42,332,1,1.5
499.0,10.02004008016032,53,193,5864,
1999.0,55.02751375687844,70,1598,37,
4900.0,67.36734693877551,38,208,469,
475.0,53.68421052631579,22,391,21,
1995.0,54.93734335839599,28,185,5864,
998.0,50.0,27,777,73,
1799.0,46.69260700389105,44,258,1,5.0
398.0,0.0,33,180,5864,
2099.0,20.009528346831825,33,623,288,
749.0,53.40453938584779,46,228,167,
490.0,28.57142857142857,38,432,15,
899.0,66.74082313681868,40,209,72,4.5
1300.0,0.0,32,196,15,
529.0,41.58790170132325,47,266,9,
1150.0,55.21739130434783,50,269,4,3.0
990.0,53.63636363636364,49,227,54,
599.0,72.62103505843072,52,239,74,
650.0,0.0,20,146,1,
4900.0,67.36734693877551,39,210,469,
450.0,55.77777777777778,28,187,18,
1510.0,25.03311258278146,47,226,4,
1499.0,60.04002668445631,45,219,13,
3200.0,32.5,42,1106,41,
450.0,14.000000000000002,48,186,5864,
49999.0,32.960659213184265,40,427,211,
1400.0,25.0,71,936,33,
599.0,45.07512520868113,32,193,34,
3999.0,40.01000250062516,41,214,1,
2699.0,61.096702482400886,43,1034,1,
999.0,49.94994994994995,22,116,5864,
1199.0,50.0417014178482,40,214,288,
1958.0,27.27272727272727,39,210,83,
399.0,30.07518796992481,32,1403,36,
130.0,23.846153846153847,35,181,5864,5.0
4900.0,67.36734693877551,43,218,469,
1199.0,25.0208507089241,41,628,2,
1460.0,32.87671232876712,23,163,5864,
499.0,20.04008016032064,23,777,6,
499.0,60.120240480961925,47,773,5864,
1120.0,62.85714285714285,39,207,16,
380.0,15.789473684210526,19,166,5864,
1700.0,59.11764705882353,33,168,5864,
650.0,54.0,30,816,5864,
2499.0,20.00800320128051,11,162,5864,
41151.0,28.29335860610921,51,233,211,
2700.0,74.07407407407408,63,373,5864,
899.0,66.74082313681868,57,846,2,
2399.0,0.0,34,187,167,
398.0,3.266331658291457,29,1302,5864,
1998.0,65.01501501501501,35,201,73,
4900.0,67.36734693877551,43,218,469,
300.0,22.33333333333333,64,259,1,
999.0,45.04504504504504,9,149,2,
1000.0,80.10000000000001,18,165,40,
11410.0,0.0,31,103,1,
2999.0,0.0,82,455,6,
1999.0,50.025012506253134,18,174,5864,
1299.0,77.13625866050808,33,195,288,
599.0,16.69449081803005,67,458,25,
15900.0,0.0,34,201,26,
999.0,67.06706706706707,58,308,36,
399.0,37.59398496240601,20,169,7,
1499.0,49.96664442961974,86,303,1,
689.0,0.0,25,281,3,5.0
1349.0,49.29577464788733,30,201,5864,
1500.0,0.0,53,426,1,
2299.0,0.0,29,605,288,
849.0,55.35924617196702,59,247,155,
2199.0,72.76034561164165,44,641,250,
650.0,54.0,30,817,5864,
999.0,67.06706706706707,63,854,36,
750.0,0.0,40,211,18,1.3
3999.0,12.503125781445362,70,196,5864,
699.0,21.745350500715308,86,1243,8,
500.0,25.0,26,181,7,
850.0,61.76470588235294,22,400,21,
600.0,74.66666666666667,24,177,41,
599.0,30.05008347245409,42,217,5864,5.0
1499.0,40.0266844563042,27,183,288,
1080.0,76.94444444444444,22,242,16,
499.0,70.14028056112225,45,219,20,
2700.0,75.18518518518519,32,736,5,
999.0,40.04004004004004,29,189,21,
599.0,10.01669449081803,22,140,5,
999.0,45.04504504504504,40,208,5864,
2199.0,72.76034561164165,44,641,250,
250.0,4.4,44,219,8,3.0
950.0,58.10526315789474,41,188,5864,3.0
770.0,0.0,35,1130,2,
4500.0,70.02222222222223,30,190,2,
3999.0,70.1175293823456,59,148,4,
1299.0,38.49114703618168,33,840,5,
8036.0,15.007466401194623,48,192,1,
651.0,0.0,19,173,5864,
206.0,25.24271844660194,45,168,5,
5500.0,27.92727272727273,40,715,21,
1655.0,61.027190332326285,31,219,1,
1500.0,55.400000000000006,41,230,14,
7999.0,68.75859482435305,39,313,1,
349.0,10.028653295128938,33,194,5864,
999.0,60.06006006006006,32,614,85,
1499.0,50.03335557038026,47,135,7,
35000.0,27.51142857142857,59,249,99,
1000.0,80.10000000000001,18,165,40,
799.0,50.06257822277848,19,484,2,
899.0,49.94438264738598,51,641,5864,
450.0,15.555555555555555,18,165,18,5.0
2199.0,72.76034561164165,42,639,250,
750.0,21.333333333333336,40,213,288,
999.0,45.04504504504504,48,227,4,
699.0,0.0,51,231,5864,4.0
1299.0,42.34026173979984,34,199,5864,
2199.0,27.285129604365626,42,237,5864,
810.0,38.39506172839506,24,177,4,
1399.0,50.03573981415297,47,223,5864,
3000.0,48.36666666666667,26,603,48,
1000.0,50.1,34,525,7,
15999.0,23.020188761797613,27,155,1,3.0
2788.0,30.02152080344333,30,202,5864,
899.0,44.493882091212456,31,191,288,
369.0,0.0,35,548,1,
499.0,50.901803607214426,46,210,5864,
34086.0,19.999413248841165,50,397,132,
550.0,0.0,44,297,5864,
2800.0,67.14285714285714,39,209,469,
899.0,50.055617352614014,39,205,5864,
500.0,35.0,31,189,3,
650.0,54.0,29,189,5864,
1649.0,72.77137659187386,59,741,100,
1595.0,37.36677115987461,52,248,5864,
779.0,56.35430038510911,33,200,48,
349.0,28.653295128939828,57,289,5864,2.7
999.0,60.06006006006006,37,207,5864,2.0
2736.0,0.0,50,232,11,5.0
399.0,20.050125313283207,21,557,5864,
1049.0,63.870352716873214,31,341,100,
805.0,9.440993788819876,86,301,29,
650.0,54.0,40,208,71,1.0
700.0,57.285714285714285,38,205,167,
499.0,50.1002004008016,42,151,1,5.0
32086.0,19.99937667518544,54,239,132,
3579.0,39.89941324392288,44,1049,3,
500.0,30.0,39,209,59,
890.0,0.0,45,221,3,
11668.0,0.0,30,3057,3,
2499.0,44.017607042817126,33,3340,7,
999.0,60.06006006006006,32,193,34,
3790.0,5.013192612137203,81,1559,3,
1954.0,0.0,34,225,3,
2199.0,72.76034561164165,42,639,250,
600.0,16.666666666666664,36,298,15,
1999.0,15.70785392696348,58,1026,144,
799.0,50.06257822277848,32,174,34,
40136.0,29.203209089097072,44,219,26,
360.0,11.11111111111111,45,325,1,
380.0,0.0,68,270,5864,
499.0,50.1002004008016,55,241,3,
499.0,60.120240480961925,36,1550,13,
3999.0,82.52063015753939,35,212,5864,
230.0,21.73913043478261,19,167,12,
1008.0,35.019841269841265,38,354,5864,
399.0,0.0,37,216,10,
1299.0,44.88067744418784,36,201,5864,
2200.0,0.0,18,513,2,
2199.0,72.76034561164165,42,639,250,
1199.0,54.21184320266889,43,1741,2,
38066.0,29.070561656071035,44,219,26,
499.0,50.1002004008016,48,227,14,
1299.0,51.578137028483454,35,586,2,
699.0,69.8140200286123,81,1356,74,
3599.0,63.90664073353709,61,928,1,
2875.0,52.17391304347826,59,247,20,
799.0,40.05006257822278,38,204,5864,5.0
699.0,0.0,46,768,5864,3.0
599.0,30.05008347245409,50,539,4,
1445.0,30.034602076124568,29,188,5864,
949.0,68.38777660695469,31,341,110,
320.0,31.25,48,413,5,
899.0,55.06117908787542,41,210,29,5.0
799.0,50.06257822277848,54,550,5864,
755.0,33.90728476821192,23,355,5864,
1299.0,76.98229407236336,33,209,17,
13200.0,40.0,53,1852,2,
490.0,8.979591836734693,41,361,299,1.0
4900.0,67.36734693877551,43,218,469,
1999.0,0.0,52,495,2,
1600.0,50.0,29,187,15,
1049.0,61.96377502383223,32,204,288,
6875.0,3.2,71,274,9,
1500.0,46.73333333333333,37,205,2,
115.0,0.0,49,259,5,
799.0,50.06257822277848,58,554,5864,
1099.0,31.756141947224748,21,130,3,
399.0,32.581453634085214,29,111,1,
179.0,44.6927374301676,44,183,5864,
1999.0,60.03001500750376,53,911,5,
999.0,50.05005005005005,22,238,8,
599.0,45.07512520868113,26,804,20,
1899.0,5.26592943654555,23,711,1,
599.0,41.736227045075125,28,420,17,
4900.0,67.36734693877551,40,212,469,
2100.0,28.57142857142857,44,533,8,
1199.0,84.23686405337781,44,398,71,
999.0,34.93493493493494,81,293,4,
999.0,60.06006006006006,51,231,46,
1380.0,0.0,43,216,5864,
699.0,60.08583690987125,41,217,5864,
649.0,64.71494607087827,38,205,54,
3699.0,14.977020816436877,49,711,4,
2000.0,55.00000000000001,34,815,1,
999.0,67.06706706706707,59,838,36,
496.0,48.99193548387097,21,171,4,
1999.0,33.36668334167084,61,150,95,
4200.0,67.14285714285714,45,222,469,
1599.0,56.28517823639775,42,289,14,
2895.0,30.915371329879104,46,603,101,
850.0,53.05882352941177,36,201,155,
14798.0,50.0,33,1043,6,
999.0,40.04004004004004,63,151,95,
1099.0,54.5950864422202,27,188,5864,
277.0,10.108303249097473,34,174,5864,3.5
28494.0,20.00070190215484,62,413,132,
2599.0,73.14351673720661,53,1151,3,
31337.0,19.998723553626704,56,243,132,
1099.0,54.5950864422202,22,262,3,
289.0,44.982698961937714,61,251,299,
2950.0,55.96610169491525,56,183,13,
1999.0,70.03501750875438,42,414,7,
4195.0,57.09177592371872,52,1010,1,
1399.0,50.03573981415297,52,178,25,
3499.0,54.301228922549306,17,667,4,
4999.0,0.0,53,614,8,
2295.0,25.96949891067538,28,192,5864,
1299.0,42.34026173979984,34,199,5864,
39500.0,44.86075949367089,20,314,25,
899.0,33.37041156840934,46,225,5864,
799.0,62.57822277847309,44,724,22,
3200.0,43.75,46,1203,5,
1999.0,70.03501750875438,42,486,288,
460.0,17.391304347826086,28,185,299,
1999.0,15.70785392696348,44,1017,144,
1999.0,15.70785392696348,46,712,144,
950.0,0.0,53,235,26,
2250.0,33.77777777777778,37,206,41,
3303.0,36.8755676657584,45,222,83,
4497.0,55.3035356904603,34,203,5864,
3199.0,6.251953735542356,53,238,12,1.0
2975.0,40.0,75,282,5864,
599.0,61.769616026711184,48,227,5,
499.0,64.92985971943888,39,209,5864,
2699.0,37.05075954057058,44,1906,1,
1140.0,57.10526315789474,49,229,85,5.0
2199.0,72.76034561164165,42,639,250,
299.0,0.0,50,603,1,
450.0,48.888888888888886,28,185,34,
500.0,20.200000000000003,36,1770,1,4.8
699.0,65.80829756795423,32,193,44,
1299.0,61.585835257890686,56,260,79,
1499.0,70.04669779853235,24,164,5864,
2199.0,36.38017280582083,42,247,2,
1299.0,61.585835257890686,41,176,5864,5.0
899.0,66.74082313681868,26,181,4,
499.0,21.8436873747495,39,217,5864,
599.0,16.69449081803005,22,171,5864,
1299.0,42.34026173979984,34,199,5864,
499.0,82.16432865731463,45,218,34,
1145.0,65.1528384279476,28,385,2,
999.0,82.08208208208208,40,866,7,
1799.0,33.35186214563646,69,390,5864,
3999.0,0.0,32,936,6,
3800.0,10.0,61,252,1,
6000.0,38.766666666666666,41,214,8,
300.0,50.0,41,354,2,
1099.0,40.03639672429482,33,196,314,
1299.0,74.98075442648191,33,195,20,
499.0,20.04008016032064,19,777,5864,
250.0,82.0,24,157,1,
2499.0,80.03201280512204,30,189,10,
750.0,21.333333333333336,69,269,8,
360.0,13.88888888888889,72,219,5864,4.5
1400.0,42.92857142857143,28,187,5864,
999.0,64.96496496496496,28,185,2,
1449.0,63.49206349206349,20,160,5864,5.0
999.0,74.97497497497497,41,213,17,
1249.0,60.0480384307446,42,252,5864,
399.0,37.59398496240601,39,179,5864,
699.0,65.80829756795423,32,193,44,
480.0,65.625,25,179,5,
1700.0,50.94117647058823,26,231,10,
1399.0,35.81129378127233,47,647,2,
1535.0,28.40390879478828,40,208,5864,
799.0,67.70963704630788,36,203,5864,
3199.0,40.012503907471086,22,552,5864,
350.0,14.571428571428571,43,500,17,
3500.0,83.25714285714285,53,237,5864,
299.0,16.722408026755854,49,229,4,
2896.0,57.18232044198896,60,693,10,
399.0,32.581453634085214,19,921,5,
899.0,46.71857619577308,37,125,6,
2257.0,0.0,23,1020,1,
599.0,50.08347245409015,40,2579,2,
998.0,0.0,46,308,5864,4.2
499.0,60.120240480961925,70,953,7,
810.0,32.71604938271605,34,713,4,
2450.0,62.44897959183674,39,209,469,
2500.0,51.88,39,981,141,
669.0,28.550074738415542,65,259,299,
499.0,72.14428857715431,45,219,167,
699.0,40.05722460658083,52,647,6,
1799.0,64.03557531962201,42,277,7,
799.0,62.70337922403005,54,1554,6,
699.0,71.5307582260372,63,151,1,
2895.0,41.3126079447323,64,191,101,
4375.0,0.0,40,1688,2,
1499.0,30.020013342228157,52,258,5864,
799.0,0.0,59,251,5864,
149.0,0.0,47,187,5864,
540.0,35.18518518518518,30,241,51,
1505.0,53.55481727574751,46,770,5864,
799.0,43.92991239048811,80,1144,16,
399.0,37.34335839598997,28,185,34,
370.0,0.0,36,212,5864,
399.0,0.0,29,322,14,
1450.0,64.82758620689654,32,193,3,
3150.0,57.14285714285714,41,214,469,
1000.0,20.0,52,234,5864,
399.0,25.062656641604008,28,185,26,
2186.0,73.01006404391582,47,223,41,
1299.0,53.88760585065435,38,164,34,
2500.0,60.040000000000006,72,273,15,
999.0,60.06006006006006,33,194,5864,
99.0,10.1010101010101,40,179,5864,
1699.0,0.0,24,378,2,
1499.0,73.3822548365577,58,303,8,
550.0,4.545454545454546,55,735,2,
1400.0,56.00000000000001,42,213,5864,
895.0,75.97765363128491,22,173,33,3.0
950.0,52.63157894736842,76,2502,15,
4900.0,67.36734693877551,44,220,469,
1199.0,87.57297748123436,40,209,100,
2899.0,41.393583994480856,16,172,5864,
1200.0,16.75,39,578,59,
2699.0,4.964801778436458,35,212,5864,
620.0,27.580645161290324,40,922,2,
799.0,75.09386733416771,31,192,30,
1750.0,42.91428571428572,23,597,5864,4.0
3229.0,59.98761226385878,59,1727,5,
1799.0,68.92718176764869,47,223,13,
49999.0,28.602572051441022,38,395,211,
930.0,27.204301075268816,74,279,4,
499.0,60.120240480961925,42,215,5864,
2394.0,67.08437761069341,24,832,5864,
1925.0,4.987012987012987,51,665,5864,
699.0,57.22460658082976,21,298,2,
999.0,50.05005005005005,24,618,4,
25929.0,20.000771337112884,53,400,132,
399.0,10.025062656641603,49,189,5864,
1999.0,70.03501750875438,36,256,6,
1999.0,57.5287643821911,33,772,6,
799.0,43.80475594493116,31,190,288,4.0
899.0,61.179087875417125,23,193,167,
199.0,50.25125628140703,30,359,21,
1599.0,68.79299562226392,56,875,2,
1499.0,70.04669779853235,25,169,3,
598.0,33.27759197324415,26,183,73,
600.0,62.5,27,184,5864,
1299.0,57.73672055427252,42,257,5864,
41259.0,20.0004847427228,55,404,132,
280.0,57.14285714285714,36,202,30,
1839.0,33.87710712343665,39,2105,83,
1299.0,53.81062355658198,30,148,3,
499.0,64.92985971943888,54,1465,5864,
2199.0,72.76034561164165,42,639,250,
5800.0,75.87931034482759,39,817,14,
1040.0,47.11538461538461,38,1250,314,
579.0,29.360967184801385,33,195,299,
690.0,0.0,37,204,5864,
1999.0,60.03001500750376,40,128,7,
699.0,57.22460658082976,39,129,5864,5.0
960.0,0.0,53,725,26,
2999.0,66.68889629876625,30,189,10,
275.0,27.63636363636364,54,278,5864,3.8
3000.0,10.333333333333334,33,609,1,
310.0,12.903225806451612,28,185,299,
999.0,64.96496496496496,33,195,314,
1200.0,50.0,29,187,15,
458.0,56.55021834061136,29,189,5864,
1099.0,52.77525022747953,38,780,12,
38999.0,20.0005128336624,57,408,132,
999.0,85.08508508508508,40,209,167,
749.0,50.06675567423231,40,216,314,
1599.0,34.39649781113196,49,516,27,
1000.0,80.10000000000001,24,177,2,
900.0,28.444444444444443,39,1112,141,
398.0,28.643216080402013,33,180,5864,3.5
999.0,34.93493493493494,30,1014,4,
13400.0,35.0,46,224,31,
1199.0,75.0625521267723,35,201,5864,
9000.0,14.844444444444443,35,693,21,
1245.0,59.91967871485944,20,1006,6,
999.0,0.0,42,301,3,
399.0,20.050125313283207,21,689,5864,
2499.0,60.024009603841534,63,339,3,
390.0,6.41025641025641,40,444,299,
4900.0,67.36734693877551,39,210,469,
5500.0,38.2,38,208,8,
599.0,70.11686143572621,25,267,1,
1899.0,0.0,36,206,314,
830.0,48.795180722891565,69,267,53,
5518.0,5.0018122508155125,114,1691,3,
2199.0,72.76034561164165,44,641,250,
1599.0,0.0,40,210,314,
1399.0,50.03573981415297,26,181,5864,
799.0,0.0,42,480,22,
699.0,49.92846924177397,38,208,5864,
2149.0,0.0,35,124,53,
1099.0,40.03639672429482,47,230,5864,
1491.0,73.23943661971832,36,201,41,4.2
27900.0,0.0,29,191,26,
990.0,65.75757575757576,33,253,5,
1299.0,30.023094688221708,53,1139,288,
599.0,33.3889816360601,32,414,5864,
999.0,85.08508508508508,40,207,110,
499.0,44.08817635270541,69,348,7,
789.0,62.23067173637516,29,406,1,
1899.0,50.026329647182735,28,738,5864,
899.0,44.493882091212456,44,221,5864,
570.0,29.82456140350877,43,214,5864,
1099.0,63.69426751592356,52,332,79,
1050.0,55.333333333333336,37,317,1,
699.0,31.47353361945637,33,210,5864,
3897.0,53.83628432127278,82,296,27,
750.0,0.0,21,212,5864,
900.0,22.33333333333333,55,241,1,
999.0,50.05005005005005,41,164,14,
4900.0,67.36734693877551,46,224,469,
299.0,53.84615384615385,26,127,5864,4.6
35720.0,28.89417693169093,44,163,26,
1200.0,79.16666666666666,30,189,40,
4930.0,61.54158215010141,38,208,83,
1399.0,30.021443888491778,45,227,5864,
1799.0,50.0277932184547,33,197,5864,
499.0,51.10220440881763,59,697,11,
1347.0,66.66666666666666,32,538,12,
599.0,50.08347245409015,49,936,7,
1200.0,33.416666666666664,36,205,5864,
649.0,61.63328197226502,26,180,100,
2895.0,41.3126079447323,64,385,101,
1299.0,0.0,88,1683,8,
499.0,8.817635270541082,51,256,1,
1299.0,53.88760585065435,44,872,20,
999.0,20.12012012012012,43,216,5864,
459.0,56.644880174291934,109,1327,74,
999.0,50.05005005005005,46,226,314,
1299.0,20.09237875288684,37,1187,5864,
399.0,0.0,52,237,5864,
2399.0,58.35764902042517,33,827,6,
224.0,0.0,21,680,1,
799.0,37.546933667083856,31,140,4,
2699.0,51.87106335679882,67,194,25,
1550.0,48.45161290322581,36,202,5864,
650.0,54.0,30,816,5864,
1699.0,70.68864037669216,92,712,17,
490.0,42.85714285714285,27,115,2,5.0
23124.0,10.99723231274866,50,231,99,
210.0,55.23809523809524,41,662,54,
1099.0,75.43221110100092,23,113,7,
1799.0,72.26236798221234,21,161,5864,
189.0,5.291005291005291,18,167,1,2.0
598.0,50.0,56,569,3,
799.0,71.8397997496871,41,351,71,
799.0,54.943679599499376,36,206,314,
2999.0,50.01667222407469,33,370,1,
1499.0,33.3555703802535,20,274,3,
2499.0,16.00640256102441,59,254,11,
799.0,38.67334167709637,38,207,3,3.7
799.0,10.012515644555696,21,835,5864,
179.0,44.6927374301676,45,184,5864,
999.0,50.05005005005005,41,164,14,
699.0,21.745350500715308,86,1245,8,
700.0,67.85714285714286,44,217,10,
2999.0,73.35778592864288,51,760,1,
1000.0,25.1,60,251,33,
4199.0,0.0,37,126,53,
499.0,64.92985971943888,44,1455,5864,
1199.0,62.55212677231026,28,168,5864,2.7
1154.0,56.75909878682842,35,198,314,
1500.0,40.06666666666667,48,227,59,
499.0,60.120240480961925,26,183,5864,
1500.0,66.73333333333333,49,1015,314,
2500.0,50.0,32,1362,15,
1749.0,37.04974271012007,37,801,23,
1449.0,44.858523119392686,20,173,5864,
575.0,34.78260869565217,28,606,51,
899.0,44.493882091212456,18,158,5864,
2009.0,14.982578397212542,36,667,1,
2949.0,69.98982706002035,27,394,6,
499.0,66.13226452905812,45,218,34,
299.0,0.0,38,205,5864,
1400.0,74.42857142857143,40,235,141,
699.0,57.22460658082976,83,297,5864,5.0
850.0,23.52941176470588,24,500,9,
1999.0,80.040020010005,43,215,5864,
899.0,0.0,29,185,5864,
1499.0,46.6977985323549,33,195,5864,
3500.0,41.68571428571429,45,172,4,
999.0,50.05005005005005,29,813,28,
350.0,42.85714285714285,35,689,51,
1299.0,42.34026173979984,34,208,5864,
685.0,1.45985401459854,32,161,5864,3.0
599.0,0.0,54,237,5864,
1699.0,40.20011771630371,19,160,5864,
2395.0,20.0,47,611,5864,
2499.0,28.01120448179272,79,2397,5,
2199.0,77.30786721236926,35,209,5864,
899.0,34.03781979977753,49,679,5864,
1399.0,20.08577555396712,42,220,5864,
499.0,32.06412825651302,47,187,5864,
995.0,0.0,47,318,5864,
1699.0,64.74396703943496,33,727,288,
2190.0,55.02283105022832,33,173,5864,
687.0,21.83406113537118,77,784,8,
712.0,29.91573033707865,27,353,11,
599.0,33.3889816360601,42,213,38,
800.0,68.75,27,475,26,
26200.0,23.7175572519084,48,227,211,
1299.0,53.88760585065435,36,201,4,
2199.0,72.76034561164165,44,641,250,
1347.0,70.00742390497402,27,720,10,
999.0,70.07007007007007,49,227,5,
1899.0,70.03686150605581,19,159,5864,
4930.0,61.54158215010141,38,1646,83,
650.0,54.0,29,815,5864,
995.0,59.798994974874375,42,219,5864,
799.0,50.06257822277848,36,201,5864,
425.0,20.0,61,253,1,
26848.0,29.849523241954707,51,233,211,
1200.0,66.75,26,182,167,
1199.0,58.38198498748957,19,182,5864,
2149.0,57.23592368543508,29,117,23,
380.0,16.05263157894737,41,188,5864,
1200.0,50.083333333333336,18,947,3,
1895.0,0.0,36,203,288,
2500.0,58.08,84,1916,141,
1199.0,66.72226855713093,19,189,5864,
799.0,50.06257822277848,48,544,5864,
900.0,0.0,44,215,5864,
599.0,33.3889816360601,27,226,2,
1100.0,27.27272727272727,45,259,5864,
1599.0,25.01563477173233,30,246,1,
80.0,0.0,21,172,10,1.0
325.0,0.0,25,179,10,
43469.0,28.57208585428696,39,209,211,
1075.0,10.232558139534884,47,343,5864,4.3
850.0,53.05882352941177,34,361,5,
1100.0,50.090909090909086,69,267,5,
1299.0,46.18937644341801,25,184,5864,
1360.0,30.0,25,180,5864,
1899.0,70.7740916271722,25,191,2,
908.0,50.0,30,1638,19,
37123.0,29.429194838779196,40,211,211,
2990.0,33.44481605351171,22,148,2,3.0
1549.0,0.0,34,198,5864,
999.0,67.06706706706707,66,866,36,
3490.0,24.068767908309454,31,1202,1,5.0
900.0,0.0,49,227,26,
699.0,42.91845493562232,24,440,24,
500.0,37.2,24,870,141,
1699.0,70.62978222483814,40,209,288,
1499.0,63.37558372248166,56,520,5864,
1999.0,58.02901450725363,39,207,5864,
1670.0,15.02994011976048,29,197,5864,
530.0,3.7735849056603774,22,533,299,
379.0,10.29023746701847,32,179,5864,
1325.0,15.0188679245283,38,621,1,
2399.0,58.35764902042517,33,827,6,
1199.0,58.38198498748957,43,833,155,
999.0,40.04004004004004,29,189,21,
36753.0,27.823579027562378,49,229,211,
1999.0,70.03501750875438,25,179,3,
1499.0,30.020013342228157,45,224,5864,
2398.0,50.0,26,966,6,
1799.0,43.357420789327406,34,203,5864,
699.0,50.07153075822603,39,205,5864,
999.0,40.04004004004004,29,189,21,
399.0,23.55889724310777,36,124,9,
49999.0,32.476649532990656,40,421,211,
949.0,0.0,37,202,5864,
399.0,37.59398496240601,28,185,35,
599.0,58.43071786310517,46,223,8,
500.0,40.0,32,195,26,
5398.0,51.85253797702853,28,203,288,
350.0,43.142857142857146,61,253,3,
899.0,57.17463848720801,31,191,6,
799.0,50.06257822277848,40,208,288,
3150.0,57.14285714285714,39,210,469,
599.0,83.47245409015025,31,192,85,
1499.0,80.0533689126084,61,251,6,
6000.0,79.80000000000001,40,633,9,
2199.0,72.76034561164165,42,639,250,
749.0,40.053404539385845,35,287,314,
1290.0,45.81395348837209,56,243,3,
2250.0,33.77777777777778,38,208,41,
1699.0,70.62978222483814,38,206,288,
745.0,9.395973154362416,63,255,29,
1300.0,54.61538461538461,32,469,2,
2895.0,41.3126079447323,64,191,101,
499.0,54.90981963927856,52,406,17,
549.0,0.0,49,493,22,
780.0,61.66666666666667,42,1852,110,
1250.0,18.4,36,204,42,
4497.0,60.21792305981766,34,203,5864,
1130.0,64.60176991150442,24,177,7,
2199.0,72.76034561164165,42,639,250,
1050.0,43.42857142857143,39,1002,141,
4900.0,67.36734693877551,40,212,469,
1722.0,73.63530778164925,34,197,4,
1000.0,60.1,34,209,167,
31484.0,30.72036590013975,49,229,211,
1797.0,66.66666666666666,24,166,5,
4725.0,47.11111111111111,37,206,1,5.0
3499.0,38.83966847670763,47,174,17,4.4
599.0,0.0,38,205,5864,
2199.0,72.76034561164165,44,641,250,
799.0,43.80475594493116,38,164,20,
599.0,8.347245409015025,45,171,5864,
799.0,50.06257822277848,67,168,5864,
1399.0,50.03573981415297,26,140,27,
999.0,74.97497497497497,37,205,17,
1699.0,40.20011771630371,19,160,5864,
459.0,56.644880174291934,101,1299,74,
799.0,56.32040050062578,24,328,5864,
1999.0,33.36668334167084,61,150,95,
1599.0,90.6816760475297,40,210,167,
598.0,33.27759197324415,26,183,73,
700.0,57.285714285714285,137,263,4,
44297.0,24.50730297762828,50,391,99,
850.0,53.05882352941177,36,199,110,5.0
1599.0,40.02501563477173,53,189,5864,
899.0,55.61735261401557,52,186,79,
950.0,0.0,47,332,5864,3.4
999.0,45.04504504504504,54,709,7,
495.0,19.19191919191919,38,185,5864,
419.0,28.639618138424822,58,851,2,
999.0,30.03003003003003,113,1888,5,
3100.0,39.03225806451613,26,1289,9,
490.0,16.93877551020408,25,181,5864,
39520.0,30.0,70,271,22,
3800.0,23.684210526315788,34,200,1,
699.0,52.93276108726752,32,193,34,
398.0,7.035175879396985,35,182,5864,
1999.0,50.025012506253134,31,206,5864,1.0
2895.0,41.3126079447323,64,191,101,
375.0,5.333333333333334,79,226,5864,
2049.0,60.02928257686676,35,567,5864,
999.0,52.95295295295295,41,217,288,
499.0,28.0561122244489,43,215,5864,
999.0,50.05005005005005,44,170,1,5.0
1820.0,0.0,15,481,5864,5.0
799.0,56.32040050062578,38,212,314,
360.0,10.0,42,189,5864,5.0
1399.0,78.77055039313795,35,205,288,
1799.0,77.82101167315176,87,1153,1,
499.0,66.13226452905812,121,459,1,
450.0,22.22222222222222,26,181,2,
1299.0,0.0,17,583,1,
650.0,15.384615384615383,53,175,1,
1799.0,50.0277932184547,44,217,5864,
3000.0,48.36666666666667,26,184,48,
2499.0,48.019207683073226,75,783,1,
899.0,55.61735261401557,43,629,100,
599.0,75.12520868113522,38,266,1,
295.0,0.0,66,263,5864,
1999.0,50.025012506253134,32,180,5864,3.5
1999.0,85.54277138569284,41,211,4,
1475.0,25.08474576271186,68,1049,33,
360.0,9.166666666666666,36,183,5864,
349.0,2.5787965616045847,48,188,5864,
4900.0,67.36734693877551,40,212,469,
730.0,4.2465753424657535,25,337,5864,
755.0,0.0,41,253,5864,
1080.0,50.92592592592593,30,191,66,
2000.0,70.05,56,241,14,
399.0,59.89974937343359,43,521,155,
899.0,20.13348164627364,43,219,5864,
599.0,50.08347245409015,34,202,5864,
349.0,28.653295128939828,48,535,1,
1195.0,20.0,41,211,5864,
2199.0,54.57025920873125,18,171,5864,
749.0,40.18691588785047,40,1594,5864,
1200.0,79.16666666666666,29,187,40,
2895.0,41.3126079447323,64,385,101,
239.0,16.736401673640167,48,845,5864,
1099.0,54.5950864422202,36,546,5864,5.0
3000.0,50.03333333333333,55,608,3,
2500.0,16.400000000000002,33,198,41,
249.0,0.0,48,411,5864,
800.0,50.125,40,210,314,
599.0,50.08347245409015,24,177,79,
699.0,42.91845493562232,24,438,24,
1000.0,80.10000000000001,18,165,40,
699.0,29.184549356223176,80,1911,2,
2499.0,68.02721088435374,41,996,30,
1000.0,50.1,37,125,1,
36125.0,15.000692041522491,40,211,25,
999.0,40.04004004004004,26,180,288,
499.0,30.060120240480963,21,161,5864,
1299.0,9.930715935334874,36,650,4,
299.0,53.84615384615385,61,253,20,
3000.0,42.73333333333333,12,139,28,4.0
1494.0,27.77777777777778,43,216,1,
500.0,0.0,19,123,4,
1795.0,5.571030640668524,44,259,5864,
1299.0,11.547344110854503,44,220,1,
699.0,81.54506437768241,49,175,1,1.0
499.0,52.104208416833664,37,203,13,
2730.0,60.47619047619048,15,142,14,4.2
958.0,70.04175365344467,33,389,1,
449.0,49.88864142538976,39,802,17,
320.0,21.25,23,519,5864,
38615.0,28.672795545772367,49,229,211,
598.0,16.555183946488295,18,165,2,
1199.0,84.23686405337781,45,220,167,
2899.0,48.29251466022767,26,560,5864,
10000.0,30.0,28,3043,1,
1250.0,24.96,30,195,5864,
699.0,74.2489270386266,43,215,155,
499.0,60.120240480961925,42,215,5864,
415.0,15.903614457831324,25,179,8,
469.0,36.24733475479744,65,461,299,
875.0,51.42857142857142,44,218,5864,
750.0,60.13333333333334,34,320,85,
395.0,0.0,42,417,3,
2199.0,72.76034561164165,44,641,250,
1280.0,61.01562499999999,69,253,5864,
599.0,33.3889816360601,53,235,40,
129.0,15.503875968992247,49,189,5864,
3488.0,50.0,30,203,5864,
1899.0,52.6592943654555,37,204,314,
1099.0,65.51410373066425,37,205,314,
599.0,55.09181969949917,44,865,6,
650.0,69.53846153846153,54,237,14,
1180.0,46.61016949152542,17,165,2,
999.0,40.04004004004004,50,231,59,
3500.0,21.428571428571427,36,204,41,
649.0,75.50077041602465,37,202,71,
1499.0,40.0266844563042,31,850,6,
575.0,0.0,18,165,2,
3199.0,20.006251953735543,21,591,5864,
500.0,50.0,40,456,15,
714.0,0.0,22,577,299,
699.0,42.91845493562232,28,315,1,
999.0,57.45745745745746,36,144,3,
950.0,0.0,52,314,5864,
2499.0,20.00800320128051,28,200,5864,
37000.0,35.0,32,877,31,
900.0,44.44444444444444,51,236,288,
1199.0,58.38198498748957,39,321,8,
1040.0,47.11538461538461,34,197,3,
699.0,35.7653791130186,62,188,3,
899.0,61.179087875417125,33,201,5864,4.0
3399.0,48.54368932038835,59,186,26,4.1
899.0,33.37041156840934,37,1240,3,
1499.0,66.711140760507,39,208,5864,
586.0,0.0,17,165,6,
1599.0,68.79299562226392,37,210,29,
190.0,0.0,65,261,1,
499.0,30.060120240480963,20,177,5864,
712.0,29.91573033707865,27,353,11,
40915.0,25.269461077844312,58,247,211,
598.0,33.27759197324415,26,183,73,2.0
1199.0,58.38198498748957,47,299,5864,
999.0,10.01001001001001,63,445,25,
2999.0,68.3561187062354,34,334,3,
999.0,75.17517517517518,20,169,2,
2199.0,72.76034561164165,42,639,250,
207.0,16.425120772946862,62,705,14,
1149.0,53.08964316797214,33,195,5864,
398.0,2.010050251256281,23,170,5864,
1399.0,28.591851322373124,13,163,5864,
1299.0,69.28406466512702,33,623,20,5.0
2250.0,33.77777777777778,34,200,41,
3500.0,2.8857142857142857,14,141,28,3.6
899.0,15.016685205784205,26,728,5864,
2398.0,60.00834028356964,20,1188,1,
1999.0,15.70785392696348,58,1026,144,
849.0,73.02709069493521,31,198,100,
1099.0,72.79344858962693,56,243,5864,
629.0,36.56597774244833,67,1999,74,
1099.0,40.03639672429482,48,234,5864,
2895.0,41.3126079447323,64,191,101,
4900.0,67.36734693877551,39,210,469,
549.0,47.35883424408014,31,467,5864,
489.0,55.21472392638037,59,247,167,
890.0,38.20224719101123,37,306,2,
1000.0,60.1,24,177,40,
1749.0,60.2058319039451,41,995,5864,
2500.0,78.0,48,174,2,
2295.0,30.501089324618736,29,198,5864,
2973.0,75.00840901446351,51,231,6,
750.0,0.0,53,357,5864,
4497.0,60.21792305981766,34,198,5864,
399.0,52.38095238095239,24,179,1,
399.0,49.87468671679198,41,515,5864,1.0
599.0,62.43739565943238,50,1461,5864,
3999.0,15.003750937734434,55,164,11,
499.0,0.0,45,219,21,
1299.0,61.585835257890686,34,404,7,
37050.0,30.256410256410252,47,225,211,
1399.0,35.7398141529664,28,185,5,
1600.0,31.3125,40,167,27,
299.0,15.384615384615383,28,185,3,
3800.0,50.026315789473685,49,271,3,
399.0,0.0,25,251,2,
1299.0,50.03849114703618,33,197,4,
180.0,8.333333333333332,51,198,5864,
1500.0,56.99999999999999,31,166,5864,
799.0,56.32040050062578,22,173,4,
4900.0,67.36734693877551,43,218,469,
42696.0,40.47685965898445,58,389,13,
899.0,35.03893214682981,42,213,5864,
299.0,29.76588628762542,33,884,2,
1399.0,50.03573981415297,47,763,5864,1.0
998.0,40.08016032064128,24,786,1,5.0
2498.0,56.16493194555644,41,130,5,
599.0,16.69449081803005,52,475,5,
1595.0,74.98432601880877,43,300,1,
2500.0,46.0,33,165,6,
799.0,50.06257822277848,40,215,288,
2099.0,47.6417341591234,41,668,1,
499.0,64.92985971943888,54,239,5864,
22519.0,30.729606110395668,49,229,211,
499.0,40.08016032064128,19,376,1,
750.0,62.66666666666667,50,229,25,
850.0,61.76470588235294,22,400,21,
1040.0,47.11538461538461,19,921,5,
390.0,51.53846153846153,33,1333,100,
2138.0,59.822263797942,42,900,5864,
1800.0,5.0,40,327,1,
1999.0,50.025012506253134,33,201,5864,
599.0,30.05008347245409,44,223,314,
540.0,27.96296296296296,52,199,5864,
1250.0,60.08,33,197,314,
999.0,40.04004004004004,35,199,5864,
599.0,5.008347245409015,47,975,4,
649.0,79.81510015408321,41,351,155,
339.0,53.09734513274337,51,753,27,
1999.0,15.70785392696348,44,1011,144,
4900.0,67.36734693877551,41,214,469,
725.0,27.58620689655172,21,147,41,3.7
1566.0,50.0,58,247,5864,
799.0,0.0,44,217,5864,
2300.0,15.0,19,738,1,
1550.0,66.12903225806451,40,246,5864,
749.0,13.351134846461948,22,162,5864,
2749.0,60.02182611858857,25,741,5864,
699.0,50.07153075822603,52,1389,11,
1599.0,56.28517823639775,54,592,2,
3845.0,59.06371911573473,41,214,23,
1999.0,0.0,41,213,5864,
699.0,35.050071530758224,42,213,5864,5.0
799.0,47.559449311639554,37,211,5864,
1665.0,59.63963963963964,33,772,2,
849.0,0.0,21,212,5864,
598.0,33.27759197324415,26,183,73,
855.0,33.33333333333333,106,1002,3,
899.0,57.8420467185762,46,220,2,
1038.0,0.0,50,232,11,5.0
1199.0,66.72226855713093,18,311,3,
649.0,46.22496147919877,46,225,314,
1599.0,62.10131332082551,54,244,5864,
425.0,42.35294117647059,34,580,1,
744.0,0.0,59,249,3,
1199.0,50.0417014178482,57,1075,3,
499.0,40.08016032064128,28,185,35,
2100.0,76.23809523809524,48,336,5864,
2199.0,72.76034561164165,42,639,250,
1120.0,62.85714285714285,20,169,16,
1399.0,30.021443888491778,46,484,5864,
1599.0,59.41213258286429,33,254,13,
80.0,0.0,30,190,10,
1399.0,40.10007147962831,30,190,5864,
849.0,55.35924617196702,59,254,155,
760.0,60.65789473684211,45,220,5864,
999.0,80.08008008008008,35,337,5864,5.0
4500.0,40.22222222222222,39,210,1,
1100.0,63.727272727272734,39,207,15,
1599.0,65.04065040650406,40,209,13,
2599.0,80.80030781069642,35,208,5864,
899.0,55.61735261401557,36,928,73,
1099.0,20.01819836214741,47,797,5,
999.0,61.16116116116116,9,118,9,
2550.0,66.66666666666666,54,432,5864,
570.0,29.82456140350877,43,216,5864,
1299.0,35.026943802925324,51,884,1,
1199.0,0.0,25,477,15,
399.0,37.59398496240601,31,429,19,1.0
350.0,1.4285714285714286,46,193,5864,5.0
2499.0,50.02000800320128,26,191,5864,
4795.0,62.56517205422315,32,201,5864,
649.0,38.52080123266564,45,223,29,
500.0,20.0,30,439,1,
799.0,12.51564455569462,62,442,25,
999.0,0.0,62,333,5864,1.0
1599.0,30.0187617260788,46,222,5864,
1299.0,40.03079291762894,36,207,288,
1095.0,0.0,67,206,5864,
1295.0,46.100386100386096,43,622,1,5.0
699.0,42.91845493562232,43,615,12,
1000.0,70.1,25,180,22,
2199.0,72.76034561164165,44,641,250,
9000.0,40.0,54,1769,2,
1799.0,44.469149527515285,18,734,5864,
1099.0,68.24385805277525,34,922,1,
1299.0,23.094688221709006,39,209,28,
349.0,28.36676217765043,18,165,30,
498.0,0.0,30,447,12,
1499.0,66.711140760507,21,161,5864,
44500.0,0.0,34,201,26,
1600.0,31.937500000000004,28,188,5864,
250.0,50.0,25,177,5864,1.0
2999.0,50.01667222407469,47,543,17,
1040.0,47.11538461538461,39,205,110,2.5
1500.0,73.4,58,303,8,
1730.0,50.0,44,1063,6,
485.0,17.7319587628866,43,217,1,
799.0,25.03128911138924,27,115,2,
13495.0,51.10040755835495,28,223,288,
995.0,4.522613065326634,32,192,288,
1099.0,45.49590536851683,45,440,1,
1995.0,55.13784461152882,16,142,3,1.0
550.0,45.63636363636363,53,1021,2,
25410.0,29.637937819756,47,225,211,
450.0,10.0,36,201,155,
499.0,54.90981963927856,52,406,17,
1599.0,37.023139462163854,39,786,23,
4900.0,67.36734693877551,43,218,469,
4999.0,76.01520304060813,46,774,1,
499.0,60.120240480961925,42,768,5864,
710.0,0.0,37,211,1,
599.0,50.08347245409015,41,216,5864,
999.0,62.46246246246246,31,287,7,
19873.0,20.00201278116037,61,253,132,
1099.0,54.5950864422202,18,165,18,5.0
1099.0,56.32393084622384,58,247,6,
659.0,12.13960546282246,22,173,299,
11500.0,23.91304347826087,42,216,2,
459.0,56.644880174291934,101,1299,74,
1040.0,47.11538461538461,36,252,314,5.0
4900.0,67.36734693877551,38,208,469,
999.0,70.47047047047047,36,820,2,
499.0,15.03006012024048,52,990,2,
1331.0,36.88955672426747,45,221,83,
1999.0,0.0,25,193,5864,
1299.0,53.88760585065435,38,1891,34,
949.0,69.54689146469968,37,203,167,
2895.0,48.22107081174439,46,603,101,
459.0,50.10893246187364,24,177,79,
799.0,50.187734668335416,31,178,5864,4.5
1299.0,67.59045419553503,54,328,5864,
36320.0,0.0,81,295,11,
4742.0,59.99578237030788,48,811,2,
599.0,72.62103505843072,49,963,74,
999.0,40.04004004004004,37,203,5864,
1799.0,57.809894385769866,28,494,1,
1899.0,47.9199578725645,36,326,2,
1099.0,54.5950864422202,36,207,5864,
999.0,21.22122122122122,38,205,5864,
1499.0,73.3822548365577,66,261,6,
999.0,60.06006006006006,21,161,5864,
699.0,42.91845493562232,15,155,5864,4.0
24277.0,30.003707212588047,50,231,3,
1900.0,68.47368421052632,39,177,1,
2450.0,62.44897959183674,38,207,469,
550.0,30.0,27,183,299,
2999.0,41.68056018672891,11,138,28,5.0
899.0,50.055617352614014,39,535,5864,
1599.0,65.04065040650406,29,1254,5,
1999.0,50.025012506253134,33,195,288,
1599.0,56.28517823639775,63,1575,10,
1500.0,20.0,51,185,15,
1499.0,56.70446964643096,59,1125,17,
529.0,41.58790170132325,47,266,9,
34309.0,28.77087644641348,55,241,211,
1899.0,26.32964718272775,34,533,1,
3150.0,57.14285714285714,39,210,469,
1299.0,46.18937644341801,41,234,1,
1695.0,0.0,29,1095,7,
849.0,20.141342756183743,41,985,5864,
35044.0,29.89955484533729,47,225,211,
4900.0,67.36734693877551,41,214,469,
2700.0,44.48148148148148,56,183,5864,
2097.0,69.00333810205055,65,1291,4,
1599.0,34.39649781113196,49,514,27,
1699.0,23.543260741612716,43,170,3,5.0
645.0,2.3255813953488373,26,183,1,
525.0,25.71428571428571,29,187,34,
4499.0,60.01333629695488,26,134,5864,1.0
1899.0,0.0,25,190,5864,
1700.0,54.17647058823529,64,259,2,
1195.0,58.57740585774059,52,235,5864,4.0
799.0,37.546933667083856,39,188,2,
1499.0,33.3555703802535,62,255,13,
3099.0,30.00968054211036,59,463,4,
1295.0,65.01930501930502,33,977,314,
34562.0,19.99884265956831,54,405,132,
2170.0,54.377880184331794,32,440,5864,
1050.0,33.42857142857143,22,175,14,3.0
599.0,16.69449081803005,16,162,5864,
1700.0,41.23529411764706,28,187,2,
1797.0,66.66666666666666,24,166,5,
1699.0,47.08652148322543,35,471,1,
999.0,74.97497497497497,22,173,2,
699.0,30.042918454935624,43,320,7,
699.0,40.05722460658083,50,352,10,
1400.0,57.21428571428572,21,161,5864,
999.0,60.06006006006006,34,195,72,
999.0,85.08508508508508,40,208,100,1.0
1299.0,56.04311008468053,51,215,5864,
599.0,10.01669449081803,22,140,5,
1199.0,0.0,38,206,5864,4.0
370.0,0.0,36,205,5864,
799.0,24.90613266583229,27,197,2,
899.0,0.0,37,732,1,
649.0,50.077041602465336,38,532,288,
1225.0,43.26530612244898,97,1038,4,
4900.0,67.36734693877551,39,210,469,
225.0,24.88888888888889,28,180,5864,
500.0,44.2,22,173,1,
4840.0,40.0,63,904,5864,
1290.0,41.16279069767442,22,1393,3,
180.0,0.0,46,223,5864,
4453.0,28.565012351223896,47,320,1,
1999.0,45.97298649324662,13,140,10,1.0
399.0,65.16290726817043,24,177,79,
1499.0,0.0,43,322,8,
3999.0,25.006251562890725,22,422,14,
399.0,59.89974937343359,42,213,54,
1799.0,40.02223457476376,45,155,5864,
1250.0,60.0,26,730,14,
749.0,65.42056074766354,28,185,5,
6599.0,75.76905591756326,33,381,14,
158.0,5.063291139240507,40,180,5864,
410.0,0.0,28,185,299,
650.0,0.0,51,354,5864,5.0
899.0,61.179087875417125,67,407,3,
1000.0,60.1,40,222,167,
12940.0,31.993817619783616,69,197,17,3.6
2000.0,30.0,46,1204,5,
1899.0,45.02369668246445,39,299,7,5.0
1999.0,33.36668334167084,61,150,95,
899.0,58.954393770856505,40,207,110,5.0
1299.0,39.95381062355658,48,263,5864,
698.0,50.0,38,629,3,
1349.0,40.7709414381023,24,543,9,
1499.0,30.020013342228157,24,177,5864,
1199.0,37.53127606338615,26,188,5864,
38992.0,17.277903159622486,61,402,99,
499.0,20.04008016032064,24,722,6,
799.0,49.93742177722152,37,203,314,
999.0,60.06006006006006,19,407,3,
650.0,57.692307692307686,57,286,5864,5.0
598.0,50.0,49,231,5864,1.0
2599.0,9.23432089265102,32,194,1,
1999.0,52.52626313156578,35,200,5864,
600.0,50.16666666666667,43,223,2,
1499.0,63.37558372248166,51,1394,45,
699.0,65.80829756795423,32,193,44,
999.0,65.06506506506507,33,195,20,
380.0,5.263157894736842,59,199,5864,
699.0,5.722460658082976,29,338,1,
1299.0,0.0,34,571,46,
2895.0,41.3126079447323,64,191,101,
499.0,48.09619238476954,49,175,11,
999.0,40.04004004004004,44,641,250,
499.0,30.060120240480963,36,407,4,
1999.0,50.025012506253134,26,320,2,
480.0,31.25,48,225,2,
749.0,74.76635514018692,31,191,155,
4499.0,93.57635030006668,22,173,19,
499.0,50.1002004008016,47,282,20,
1940.0,0.0,85,741,1,
1099.0,36.39672429481347,40,629,3,
649.0,61.63328197226502,51,231,46,
1999.0,15.70785392696348,46,478,144,
296.0,9.12162162162162,48,772,5864,
999.0,30.03003003003003,91,1971,5,
1550.0,51.2258064516129,29,713,5864,
2595.0,46.16570327552986,21,1739,5864,
1599.0,62.53908692933084,49,471,1,
1000.0,65.10000000000001,26,183,85,
999.0,50.05005005005005,29,828,28,
356.0,0.0,29,1476,3,
1199.0,40.03336113427856,22,560,5864,
2138.0,59.822263797942,42,214,5864,
1439.0,54.89923558026407,43,709,8,
1399.0,60.75768406004288,17,1929,5864,
1000.0,40.1,62,255,1,
1999.0,32.51625812906453,19,241,1,
800.0,56.25,25,187,5864,
1120.0,28.57142857142857,19,154,5864,
2499.0,80.03201280512204,35,1015,5864,
699.0,40.05722460658083,40,211,3,
499.0,62.925851703406806,73,213,5864,
399.0,18.546365914786968,23,249,2,
1400.0,0.0,37,206,2,5.0
550.0,45.45454545454545,35,696,51,
999.0,40.04004004004004,48,232,5864,
358.0,0.0,31,1147,7,1.0
1999.0,60.03001500750376,55,645,1,
4200.0,67.14285714285714,38,208,469,
1999.0,15.70785392696348,44,1012,144,
2499.0,64.02561024409763,23,768,1,
3499.0,78.59388396684767,35,215,5864,
699.0,35.7653791130186,58,1576,3,
1299.0,42.34026173979984,34,199,5864,
11500.0,28.695652173913043,42,170,22,3.9
1999.0,0.0,15,170,5864,
2500.0,32.0,44,533,8,
350.0,0.0,19,169,2,
545.0,12.844036697247708,52,804,5864,
510.0,8.03921568627451,68,868,3,
699.0,42.91845493562232,22,173,34,
1485.0,52.053872053872055,55,681,12,
2400.0,81.66666666666667,49,371,5864,
4900.0,67.36734693877551,47,226,469,
1599.0,6.316447779862414,32,193,19,
599.0,10.01669449081803,63,570,2,
430.0,1.162790697674419,44,222,48,
1699.0,60.03531489111242,32,195,5864,
1563.0,71.33717210492642,38,205,7,
360.0,14.166666666666666,40,187,5864,
495.0,25.05050505050505,22,173,33,
2698.0,0.0,45,230,5864,
950.0,42.10526315789473,38,210,5864,
699.0,0.0,45,336,5864,
998.0,55.01002004008016,39,208,85,
3999.0,12.503125781445362,27,194,5864,
1199.0,80.40033361134279,44,398,71,
799.0,62.57822277847309,64,257,9,
490.0,16.93877551020408,64,259,5864,
3465.0,61.529581529581534,39,210,83,
370.0,13.783783783783784,29,176,5864,
2199.0,72.76034561164165,44,641,250,
169.0,0.0,44,950,10,
999.0,50.05005005005005,35,200,72,
1260.0,28.57142857142857,45,221,1,
800.0,53.87499999999999,37,215,1,4.2
4198.0,76.20295378751787,41,213,73,
1399.0,7.147962830593281,25,707,1,
1299.0,30.023094688221708,48,642,5864,
750.0,48.66666666666667,27,183,6,
999.0,30.03003003003003,39,206,5864,
279.0,17.921146953405017,49,227,40,
4200.0,67.14285714285714,41,214,469,
899.0,50.055617352614014,35,199,5864,
2325.0,66.66666666666666,63,393,5864,
799.0,0.0,44,218,5864,
695.0,0.0,44,260,5864,
4900.0,67.36734693877551,42,216,469,
4242.0,0.0,68,1089,1,
399.0,50.125313283208015,70,210,5864,
2500.0,40.04,33,717,1,
999.0,0.0,43,607,1,
2499.0,54.02160864345738,18,177,5864,3.5
449.0,54.12026726057907,101,697,4,
1499.0,40.0266844563042,50,508,3,
4900.0,67.36734693877551,43,218,469,
712.0,29.91573033707865,27,353,11,
1348.0,72.62611275964392,36,201,41,4.1
459.0,56.644880174291934,104,1313,74,
1188.0,66.66666666666666,39,1340,6,
499.0,54.10821643286573,23,180,5864,
999.0,67.06706706706707,72,890,36,
395.0,21.518987341772156,30,189,30,
2598.0,69.24557351809084,41,213,73,
955.0,0.0,45,265,5864,
2999.0,76.69223074358119,50,229,1,
379.0,21.108179419525065,19,167,30,
299.0,55.18394648829431,37,333,2,
4200.0,9.523809523809524,33,210,9,
46125.0,15.000542005420051,49,229,25,
3500.0,51.28571428571429,11,138,28,4.0
999.0,50.05005005005005,37,203,72,
820.0,31.341463414634145,73,566,141,
1865.0,55.01340482573727,25,180,5864,
2760.0,70.0,58,245,9,
399.0,60.15037593984962,39,1274,21,
10416.0,15.005760368663596,71,293,1,
1599.0,59.41213258286429,28,185,5864,4.0
499.0,30.060120240480963,36,1051,4,
1999.0,15.70785392696348,44,1011,144,
599.0,0.0,60,247,5864,
1299.0,67.28252501924558,37,375,2,
499.0,20.04008016032064,25,3449,2,
38592.0,30.55555555555556,64,219,13,
1500.0,46.73333333333333,39,220,5864,
1990.0,0.0,23,399,5864,
2499.0,28.01120448179272,100,2418,5,
570.0,29.82456140350877,43,214,5864,
2599.0,61.56213928434013,72,515,3,
1749.0,11.435105774728417,40,1398,6,
1990.0,0.0,44,222,314,
1095.0,45.662100456621005,64,709,5864,
4900.0,67.36734693877551,40,212,469,
900.0,44.44444444444444,35,624,51,
799.0,25.03128911138924,40,211,2,
1299.0,23.094688221709006,39,209,28,
1500.0,73.4,32,201,5864,
1299.0,50.03849114703618,48,237,5864,
255.0,29.80392156862745,25,179,1,
599.0,5.008347245409015,54,244,5864,
499.0,20.04008016032064,26,474,2,
391.0,0.0,16,136,2,4.0
399.0,58.1453634085213,25,179,1,
450.0,42.22222222222222,28,790,167,
398.0,9.547738693467336,32,179,5864,
559.0,54.91949910554562,41,216,314,
2250.0,70.88888888888889,40,265,1,
899.0,55.61735261401557,43,629,110,
987.0,69.70618034447821,20,169,19,2.0
1999.0,50.025012506253134,60,652,5864,
2999.0,36.31210403467823,53,180,26,3.6
499.0,86.17234468937876,45,219,155,
2199.0,72.76034561164165,44,641,250,
999.0,30.03003003003003,48,235,5864,
1699.0,47.08652148322543,34,520,5864,
1999.0,33.36668334167084,61,150,95,
2500.0,28.4,48,175,5,4.0
2000.0,50.0,84,298,4,
799.0,68.8360450563204,24,438,5864,
899.0,60.06674082313682,38,704,5864,
2299.0,30.44802087864289,41,234,5864,
1299.0,76.98229407236336,51,396,5864,
985.0,24.9746192893401,62,255,2,
1399.0,50.03573981415297,33,196,5864,
500.0,20.0,28,185,299,
1199.0,58.38198498748957,19,173,5864,
999.0,60.06006006006006,40,209,5864,
499.0,37.87575150300601,15,162,5864,
399.0,22.305764411027567,55,406,9,
2895.0,48.22107081174439,40,167,101,
379.0,34.300791556728235,28,185,299,
999.0,60.06006006006006,43,529,54,
6599.0,21.200181845734203,65,452,1,
598.0,33.27759197324415,14,161,5864,4.5
3276.0,15.018315018315018,49,372,1,
399.0,0.0,32,322,22,
1899.0,50.026329647182735,28,185,5864,
979.0,56.58835546475996,44,216,5864,
525.0,2.857142857142857,51,198,5864,
599.0,53.42237061769616,59,248,85,
379.0,0.0,23,175,18,
1599.0,62.53908692933084,77,285,5,
31533.0,20.001268512352137,52,235,132,
895.0,49.83240223463687,51,177,3,4.4
350.0,50.0,17,736,5,
1050.0,43.42857142857143,39,1031,141,
2895.0,41.3126079447323,64,379,101,
1299.0,23.094688221709006,21,773,5864,
2499.0,20.00800320128051,33,1167,1,
850.0,50.0,75,279,53,
180.0,8.333333333333332,48,195,5864,
1399.0,28.591851322373124,25,2234,1,
845.0,50.29585798816568,43,153,5864,
2400.0,12.5,47,333,5864,
1999.0,0.0,43,224,5864,
999.0,50.05005005005005,24,177,79,
699.0,55.07868383404863,47,223,46,
36911.0,30.25385386470158,58,247,211,
499.0,12.825651302605207,17,277,1,
459.0,56.644880174291934,99,1292,74,
1450.0,31.103448275862068,38,288,1,
1299.0,76.98229407236336,41,1477,4,
666.0,55.1051051051051,49,229,5864,
750.0,8.133333333333333,75,587,141,
325.0,9.230769230769232,42,510,1,
1099.0,50.04549590536852,47,135,2,1.0
2199.0,72.76034561164165,42,639,250,
295.0,0.0,22,148,5,
489.0,49.897750511247445,28,185,299,
3499.0,57.15918833952558,56,183,9,
4200.0,67.14285714285714,39,210,469,
2895.0,41.3126079447323,64,191,101,
899.0,63.40378197997776,40,208,5864,1.0
1599.0,25.01563477173233,40,217,5864,
3999.0,78.76969242310578,66,304,5864,5.0
499.0,48.897795591182366,46,446,1,
41673.0,20.000959854102177,52,235,132,
599.0,19.031719532554256,39,207,5864,
31934.0,20.00062629172669,51,233,132,
1399.0,50.03573981415297,48,2078,25,
650.0,54.0,29,816,5864,
5040.0,0.0,29,94,4,
150.0,0.0,35,319,3,
1980.0,64.6969696969697,65,184,5864,
999.0,50.05005005005005,38,206,5864,5.0
899.0,49.94438264738598,33,195,314,
1995.0,59.94987468671679,24,177,5864,
299.0,10.033444816053512,44,184,5864,
34168.0,25.371692811987824,48,1518,2,
7810.0,4.99359795134443,29,1019,9,5.0
999.0,52.45245245245245,60,1304,5,
699.0,42.91845493562232,43,612,12,
815.0,49.938650306748464,44,217,5864,
4850.0,53.608247422680414,45,220,12,4.2
398.0,2.512562814070352,37,184,5864,4.0
499.0,40.08016032064128,27,183,8,
1995.0,59.94987468671679,24,178,5864,
1699.0,40.02354326074161,38,250,288,
749.0,18.69158878504673,51,231,299,
22520.0,29.04529307282416,53,237,3,
1799.0,6.114508060033352,82,1954,10,
46671.0,19.99957146836365,56,243,132,
1999.0,45.02251125562781,22,589,16,
1699.0,60.03531489111242,30,190,5864,5.0
999.0,60.06006006006006,35,199,5864,2.2
999.0,40.04004004004004,39,634,6,
399.0,25.062656641604008,15,518,4,
1890.0,52.010582010582006,55,683,12,
2199.0,57.52614824920418,41,431,1,
2999.0,56.68556185395131,14,590,1,
4398.0,54.5475216007276,15,376,14,
250.0,12.0,29,252,1,
1499.0,40.0266844563042,57,838,2,
1899.0,57.92522380200106,30,188,5864,
1990.0,25.879396984924625,52,141,1,4.7
1099.0,30.02729754322111,42,218,5864,
102.0,16.666666666666664,48,903,5864,
12500.0,54.856,70,3310,5,
1099.0,54.5950864422202,38,296,5864,4.0
12147.0,15.00782086111797,44,199,1,
799.0,81.35168961201502,40,209,54,
999.0,50.05005005005005,29,830,28,
999.0,0.0,41,277,5864,
599.0,8.347245409015025,21,109,9,
1350.0,0.0,50,274,5864,
3120.0,0.0,62,185,1,
699.0,50.07153075822603,43,222,5864,
899.0,72.30255839822024,36,199,110,
2800.0,23.214285714285715,47,224,1,5.0
2199.0,72.76034561164165,44,641,250,
2950.0,55.96610169491525,56,183,13,4.0
499.0,70.14028056112225,45,219,155,
799.0,74.96871088861077,91,490,5864,5.0
9500.0,0.0,29,190,1,
999.0,30.03003003003003,35,503,2,
1560.0,0.0,30,190,5864,
599.0,58.43071786310517,53,162,3,
995.0,0.0,47,309,5864,
1570.0,30.0,40,515,3,
120.0,0.0,25,165,12,
35876.0,24.910803880031217,61,253,99,
1199.0,70.89241034195163,35,965,5864,
1060.0,34.90566037735849,22,173,299,
599.0,50.08347245409015,62,606,1,
699.0,74.39198855507868,25,404,1,
4900.0,67.36734693877551,40,212,469,
1499.0,64.04269513008673,77,2281,27,
699.0,40.05722460658083,38,205,5864,
799.0,68.8360450563204,26,272,79,
2895.0,41.3126079447323,64,191,101,
2375.0,50.02105263157895,22,1226,5864,
1633.0,0.0,68,1018,2,
699.0,42.91845493562232,21,185,5864,5.0
280.0,57.14285714285714,36,201,20,
399.0,50.125313283208015,40,256,1,
1599.0,53.15822388993121,52,235,5864,
1700.0,47.11764705882353,28,496,9,
3499.0,17.91940554444127,31,157,2,5.0
1299.0,42.34026173979984,34,199,5864,
649.0,55.46995377503852,59,729,85,
1749.0,37.04974271012007,39,814,23,
599.0,35.89315525876461,49,1182,5,
899.0,33.37041156840934,21,1170,7,
2949.0,55.95116988809766,70,216,10,
1299.0,61.585835257890686,35,201,85,
500.0,20.0,25,172,5864,
335.0,0.0,43,817,20,
1198.0,44.99165275459098,36,209,5864,
999.0,40.04004004004004,39,535,5864,
540.0,53.888888888888886,35,199,167,
1599.0,56.28517823639775,42,289,14,
999.0,0.0,45,301,5864,
499.0,64.92985971943888,46,223,5864,
2895.0,48.22107081174439,46,355,101,
999.0,50.05005005005005,50,229,5864,
1099.0,59.14467697907189,60,257,5864,
1999.0,70.03501750875438,37,472,1,
1299.0,49.96150885296382,49,189,5864,
1400.0,74.42857142857143,45,240,141,
1829.0,75.12301804264625,39,207,299,
1299.0,69.28406466512702,33,195,20,
3000.0,72.53333333333333,20,155,5864,
1530.0,71.43790849673202,37,239,1,2.4
1099.0,0.0,63,192,5864,5.0
2100.0,50.0,34,573,15,
1598.0,56.25782227784731,50,570,5864,
2199.0,72.76034561164165,42,639,250,
1499.0,56.70446964643096,41,966,21,
999.0,20.42042042042042,42,652,5864,
600.0,66.83333333333333,57,472,5,
1347.0,66.66666666666666,32,525,12,
999.0,70.07007007007007,25,179,4,
825.0,24.24242424242424,27,642,4,
150.0,16.666666666666664,48,188,5864,
5999.0,78.36306051008502,49,1563,17,
3299.0,0.0,55,157,5864,
2199.0,72.76034561164165,42,639,250,
3299.0,33.34343740527432,64,153,2,
1699.0,55.9152442613302,35,199,5864,
1799.0,0.0,34,144,8,
1135.0,40.0,44,206,5864,
459.0,56.644880174291934,101,1299,74,
1499.0,63.37558372248166,51,1394,45,
995.0,49.84924623115578,40,214,314,
999.0,67.06706706706707,72,890,36,
999.0,65.06506506506507,30,191,2,
1585.0,72.93375394321767,36,201,41,4.0
1999.0,33.36668334167084,61,150,95,
799.0,31.289111389236545,44,217,5864,
2199.0,72.76034561164165,44,641,250,
2000.0,42.55,26,184,48,
999.0,30.03003003003003,39,209,28,
500.0,28.6,24,866,141,
1499.0,35.090060040026685,64,152,7,
6500.0,25.01538461538462,89,310,33,
390.0,10.256410256410255,30,177,5864,
2399.0,0.0,34,200,5,
2160.0,35.18518518518518,22,148,41,
650.0,54.0,29,815,5864,
539.0,50.09276437847866,49,751,27,
949.0,65.64805057955742,41,211,155,
3999.0,50.01250312578145,51,633,14,
5195.0,34.55245428296439,47,749,2,
4900.0,67.36734693877551,48,228,469,
349.0,51.57593123209169,41,511,8,
360.0,11.11111111111111,27,174,5864,
3499.0,74.30694484138326,35,220,5864,
1198.0,75.04173622704508,66,261,4,3.0
33453.0,24.40139897767016,69,269,99,
1399.0,43.03073624017155,24,172,5,
799.0,25.03128911138924,28,1903,2,
869.0,77.10011507479861,9,161,5864,
3950.0,30.37974683544304,40,550,1,
1099.0,45.49590536851683,19,559,14,
399.0,23.55889724310777,36,124,9,
399.0,20.050125313283207,32,307,36,4.0
1450.0,58.689655172413794,51,231,13,
2599.0,46.017699115044245,29,188,5864,
799.0,75.09386733416771,31,190,100,
2199.0,72.76034561164165,42,639,250,
1695.0,47.07964601769912,32,988,23,
1099.0,68.24385805277525,36,208,314,4.0
539.0,20.037105751391465,63,255,299,
35333.0,30.00028302153794,56,401,132,
499.0,64.12825651302605,49,971,2,
3130.0,60.09584664536741,72,246,1,4.6
999.0,40.04004004004004,45,658,6,
999.0,50.05005005005005,50,646,5864,
649.0,0.0,29,221,5,
6000.0,25.016666666666666,32,199,5864,5.0
1299.0,23.094688221709006,39,209,28,
600.0,50.0,65,1001,1,
1447.0,68.97028334485141,92,512,1,
2250.0,33.77777777777778,34,200,41,
1400.0,71.5,26,183,12,
2498.0,39.9919935948759,62,151,7,
999.0,20.12012012012012,41,1613,5864,
599.0,0.0,38,205,5864,
360.0,6.388888888888888,33,180,5864,3.4
2800.0,67.14285714285714,39,209,469,
1199.0,75.0625521267723,39,1104,9,
850.0,29.52941176470588,47,349,1,
999.0,85.08508508508508,40,152,110,
1545.0,55.33980582524271,33,173,5864,
495.0,20.2020202020202,23,565,5864,
1600.0,56.56250000000001,30,165,5864,
2499.0,20.16806722689076,38,164,10,3.2
649.0,73.03543913713405,31,191,1,
1048.0,50.0,26,134,27,
999.0,54.95495495495496,39,209,3,
9990.0,3.903903903903904,27,186,2,
2190.0,45.662100456621005,58,1232,2,
21387.0,35.06335624444756,49,442,13,
1500.0,7.333333333333333,17,143,2,5.0
1360.0,65.07352941176471,59,195,53,
398.0,44.9748743718593,43,703,5864,
595.0,20.0,55,327,5864,2.0
950.0,36.84210526315789,26,183,3,
500.0,60.0,32,558,5,
34081.0,29.391743200023477,49,229,211,
2300.0,78.30434782608697,39,209,5,
1399.0,21.44388849177984,40,1357,7,
1800.0,61.16666666666667,42,772,1,
1520.0,67.82894736842105,76,796,9,
799.0,40.05006257822278,34,197,314,5.0
999.0,69.96996996996997,28,200,1,
799.0,47.30913642052565,34,197,314,
40840.0,30.56317335945152,41,211,99,
1999.0,70.03501750875438,31,119,12,
2900.0,47.06896551724138,28,241,10,
24999.0,28.00112004480179,30,2786,3,
499.0,10.02004008016032,20,581,2,
1599.0,6.316447779862414,32,193,19,
699.0,0.0,42,211,5864,
899.0,20.13348164627364,41,211,5864,
725.0,0.0,21,147,41,1.0
2850.0,57.19298245614035,34,160,7,5.0
1899.0,63.191153238546605,15,601,2,
51400.0,0.0,29,191,26,
39992.0,37.5,57,444,1,
599.0,66.7779632721202,47,156,1,
2599.0,73.14351673720661,51,1112,1,
5400.0,68.5,52,542,141,
1999.0,70.03501750875438,31,119,12,
899.0,50.055617352614014,41,211,314,
1599.0,50.03126954346466,22,162,5864,
1293.0,60.015467904099,35,963,10,
2650.0,50.0,37,978,6,
299.0,0.0,38,205,5864,
799.0,62.57822277847309,44,216,100,
780.0,74.48717948717949,29,187,1,
1630.0,72.45398773006136,44,217,41,
359.0,0.0,73,213,5864,
1699.0,40.02354326074161,38,206,288,
499.0,20.04008016032064,44,217,40,
800.0,75.0,27,183,26,
999.0,52.15215215215216,38,536,5864,2.0
2895.0,41.3126079447323,64,191,101,
2199.0,72.76034561164165,44,641,250,
1499.0,60.24016010673783,36,955,6,
2600.0,32.69230769230769,35,202,41,
1699.0,40.20011771630371,20,161,5864,
1000.0,70.1,25,179,40,
899.0,33.37041156840934,48,804,1,
1550.0,51.2258064516129,29,717,5864,
2199.0,72.76034561164165,42,639,250,
399.0,37.59398496240601,28,185,35,
699.0,57.22460658082976,35,199,155,
499.0,21.8436873747495,39,213,5864,
999.0,30.03003003003003,19,159,5864,1.0
1499.0,78.71914609739827,44,606,7,
1399.0,66.4760543245175,49,253,5864,
599.0,50.75125208681135,43,215,18,
1200.0,70.83333333333334,35,200,72,
420.0,57.38095238095238,41,663,155,
2097.0,66.66666666666666,20,887,4,
1293.0,60.015467904099,35,199,10,
6400.0,14.84375,77,204,17,4.0
2895.0,48.22107081174439,46,173,101,
85.0,0.0,35,445,2,
999.0,40.04004004004004,33,523,5864,
999.0,50.05005005005005,29,829,28,
2599.0,57.67602924201616,48,812,3,
549.0,10.018214936247723,56,241,37,
699.0,0.0,55,280,5864,
4140.0,10.869565217391305,49,296,1,
1799.0,0.0,45,326,8,
750.0,20.133333333333333,83,295,2,
4900.0,67.36734693877551,38,208,469,
1899.0,50.026329647182735,41,2095,5864,
2849.0,52.29905229905229,48,329,10,
1199.0,50.0417014178482,34,200,288,
799.0,37.546933667083856,40,674,3,
649.0,46.22496147919877,46,225,314,2.0
1749.0,60.2058319039451,43,222,5864,
999.0,50.05005005005005,38,205,5864,
575.0,39.130434782608695,17,303,1,
2775.0,40.0,31,1091,9,
458.0,56.55021834061136,29,815,5864,
599.0,24.874791318864776,47,223,26,
450.0,50.0,17,739,5,
1499.0,40.0266844563042,24,551,9,
300.0,0.0,66,263,5864,
599.0,50.08347245409015,18,165,18,4.9
499.0,28.0561122244489,20,909,1,
1000.0,20.5,22,162,5864,
727.0,19.944979367262725,40,211,83,
600.0,0.0,26,351,1,
699.0,42.91845493562232,28,817,1,
899.0,50.055617352614014,32,193,79,
458.0,56.55021834061136,29,815,5864,
999.0,25.025025025025027,16,694,1,
899.0,66.74082313681868,26,181,4,
999.0,63.263263263263255,49,232,5864,
899.0,70.07786429365962,41,880,13,
32157.0,29.576764001617068,35,4390,4,
2499.0,69.7078831532613,32,194,5864,
599.0,46.74457429048415,40,1853,2,
1200.0,79.16666666666666,29,187,40,
2499.0,35.01400560224089,65,931,5864,
469.0,36.24733475479744,69,267,299,
390.0,10.256410256410255,31,178,5864,
1315.0,0.0,28,450,2,
1885.0,60.212201591511935,151,433,2,
900.0,44.44444444444444,35,677,51,
699.0,28.61230329041488,43,215,12,
2310.0,0.0,39,208,5864,
3897.0,53.83628432127278,80,292,27,
2499.0,54.02160864345738,18,177,5864,
46772.0,28.80783374668605,50,431,211,
299.0,0.0,38,205,5864,
1429.0,20.01399580125962,39,210,83,
495.0,45.45454545454545,60,186,6,5.0
1299.0,53.88760585065435,26,514,5864,4.0
1500.0,40.0,34,199,1,
908.0,50.0,46,1718,19,
999.0,70.07007007007007,22,616,5864,
499.0,63.92785571142284,28,430,1,
469.0,31.76972281449893,69,267,299,
390.0,10.256410256410255,31,178,5864,
1599.0,56.28517823639775,59,249,10,
319.0,43.573667711598745,48,227,3,
500.0,30.6,24,856,141,
699.0,65.80829756795423,32,193,44,
1499.0,40.0266844563042,19,871,2,
1590.0,50.0,41,211,1,
999.0,60.06006006006006,41,211,11,
249.0,0.0,31,157,1,
900.0,49.44444444444444,25,179,53,
1499.0,53.36891260840561,53,179,27,
1080.0,50.92592592592593,30,191,66,
4900.0,67.36734693877551,45,222,469,
999.0,50.05005005005005,39,521,5864,1.0
740.0,5.540540540540541,74,510,4,
799.0,50.06257822277848,40,208,5864,
349.0,14.326647564469914,60,925,18,
999.0,0.0,50,312,5864,
499.0,44.88977955911824,47,353,5,
500.0,50.0,32,558,5,
6000.0,79.80000000000001,40,1459,9,
3579.0,39.89941324392288,45,1053,3,
500.0,15.0,30,195,5864,
699.0,0.0,55,280,5864,
300.0,67.0,39,206,40,4.3
1090.0,0.0,22,216,5864,
1199.0,0.0,28,474,15,
999.0,50.05005005005005,29,828,28,
1310.0,64.35114503816793,41,218,288,
999.0,50.05005005005005,47,225,3,
32375.0,15.0023166023166,49,229,25,
1099.0,63.69426751592356,28,128,79,
4900.0,67.36734693877551,39,210,469,
499.0,10.02004008016032,53,193,5864,
499.0,50.1002004008016,49,562,6,
749.0,40.18691588785047,40,212,5864,
1249.0,64.05124099279423,49,227,6,
24987.0,44.7712810661544,20,316,25,
360.0,0.0,37,184,5864,
2400.0,50.0,57,225,1,
996.0,80.02008032128514,30,189,9,
999.0,50.05005005005005,24,511,3,
700.0,53.0,34,201,2,
1045.0,50.04784688995216,32,194,5864,
400.0,0.0,37,205,12,3.0
899.0,45.05005561735261,61,250,5864,
849.0,50.05889281507656,38,216,29,
899.0,30.03337041156841,35,203,314,
3999.0,60.09002250562641,36,311,7,
379.0,0.0,33,180,5864,
1295.0,57.52895752895753,41,216,5864,
399.0,37.59398496240601,26,678,1,
1299.0,46.18937644341801,20,430,8,
599.0,41.736227045075125,47,187,5864,
799.0,54.31789737171464,40,219,5864,
1895.0,0.0,22,182,5864,
499.0,20.04008016032064,19,175,5864,
699.0,65.80829756795423,32,193,44,
2199.0,72.76034561164165,44,641,250,
1100.0,63.727272727272734,32,116,34,
999.0,40.04004004004004,63,151,95,
1499.0,33.3555703802535,39,209,28,
799.0,53.81727158948686,19,172,5864,
1740.0,17.24137931034483,78,611,4,
800.0,43.875,20,169,5,
3330.0,39.93993993993994,16,143,7,2.3
1099.0,54.5950864422202,42,203,14,
19848.0,19.25130995566304,32,3224,6,
499.0,40.08016032064128,41,211,10,
150.0,16.666666666666664,48,188,5864,
236.0,11.016949152542372,56,196,5864,
142.0,1.4084507042253522,72,275,9,
699.0,52.93276108726752,32,193,34,
599.0,72.62103505843072,55,987,74,
699.0,35.7653791130186,34,196,314,
1800.0,27.83333333333333,50,232,59,
499.0,58.51703406813628,41,1575,13,
1099.0,40.03639672429482,40,211,14,
2058.0,27.25947521865889,45,222,83,
795.0,50.06289308176101,31,191,72,
599.0,16.69449081803005,22,179,5864,
5199.0,40.39238315060589,39,208,5864,
650.0,0.0,53,725,26,
1399.0,50.03573981415297,47,723,5864,
4900.0,67.36734693877551,38,208,469,
399.0,0.0,38,405,7,
4200.0,67.14285714285714,39,210,469,
1800.0,0.0,33,698,1,
2799.0,30.010718113612008,59,312,4,
1250.0,0.0,46,224,3,
849.0,0.0,27,183,5864,
1499.0,53.36891260840561,47,1469,10,
665.0,44.51127819548872,53,1204,3,
3999.0,55.01375343835959,65,358,1,
2850.0,68.42105263157895,45,219,15,
999.0,67.96796796796797,39,205,110,5.0
1299.0,50.03849114703618,34,140,29,
750.0,48.0,70,196,53,
299.0,0.0,39,156,5864,
1400.0,42.85714285714285,44,218,5864,
499.0,0.0,37,215,10,
999.0,52.95295295295295,27,163,7,
1900.0,68.42105263157895,20,169,1,
999.0,50.05005005005005,51,231,8,
3000.0,52.0,39,596,3,
399.0,63.90977443609023,48,266,5864,
1099.0,39.94540491355778,35,861,314,
499.0,0.0,24,164,5864,2.8
1499.0,50.03335557038026,50,232,29,
1069.0,53.69504209541628,47,223,299,
699.0,65.80829756795423,32,193,44,
2799.0,53.59056806002144,18,175,5864,
3000.0,48.36666666666667,26,184,7,
1599.0,56.28517823639775,35,199,5864,
2599.0,59.59984609465179,44,791,3,
699.0,65.80829756795423,32,193,44,
1399.0,60.75768406004288,23,181,5864,
2599.0,0.0,36,202,5864,
1999.0,19.959979989995,42,209,5864,
15916.0,0.0,51,233,99,
799.0,62.57822277847309,44,724,167,
2050.0,25.60975609756097,35,757,1,
850.0,61.76470588235294,22,391,21,
1350.0,40.81481481481482,71,593,1,
2199.0,9.095043201455209,25,194,5864,
2974.0,19.33422999327505,18,154,5864,
1920.0,24.53125,49,227,5864,
899.0,45.05005561735261,57,243,5864,
600.0,24.166666666666668,47,500,141,
899.0,20.13348164627364,43,219,5864,
12851.0,5.019064664228464,91,524,8,
599.0,58.43071786310517,17,182,1,
750.0,31.333333333333336,36,203,42,
390.0,0.0,54,201,5864,
1699.0,70.62978222483814,34,198,288,
599.0,0.0,33,288,22,
1164.0,66.66666666666666,39,1260,6,
14500.0,54.6,70,3307,5,
2799.0,40.01429081814934,29,1144,5864,4.7
699.0,40.05722460658083,37,203,5864,
310.0,12.903225806451612,43,543,299,
445.0,49.43820224719101,31,771,1,
999.0,68.06806806806807,48,225,167,
990.0,40.0,30,508,1,
999.0,40.04004004004004,29,189,21,
1400.0,44.642857142857146,28,663,2,
379.0,2.3746701846965697,31,178,5864,
999.0,40.04004004004004,42,639,250,
1599.0,50.28142589118198,36,208,5864,
399.0,37.34335839598997,20,169,2,
1600.0,29.375,49,230,2,
1499.0,46.6977985323549,19,178,5864,5.0
949.0,20.12644889357218,39,1419,5864,
1300.0,45.46153846153846,28,187,5864,
999.0,60.46046046046046,38,209,5864,
3499.0,74.30694484138326,35,223,5864,
1499.0,66.711140760507,41,176,5864,3.1
1299.0,50.03849114703618,26,182,5864,
599.0,50.08347245409015,24,177,79,
4290.0,52.21445221445221,48,555,1,
1040.0,30.0,34,169,5864,
499.0,44.88977955911824,23,566,2,3.2
1199.0,40.03336113427856,33,201,5864,
1500.0,75.33333333333333,32,193,5,
4900.0,67.36734693877551,42,216,469,
749.0,56.07476635514018,45,217,5864,
249.0,0.0,19,139,5,4.0
1220.0,50.81967213114754,30,191,66,
880.0,48.86363636363637,52,233,53,
399.0,0.0,27,183,8,
2100.0,71.47619047619047,20,970,12,
699.0,42.91845493562232,24,440,24,
1875.0,0.0,43,492,9,
999.0,50.05005005005005,14,612,2,
1598.0,62.51564455569461,28,187,73,
1049.0,63.870352716873214,31,341,22,
799.0,0.0,26,181,5864,
1350.0,29.703703703703702,33,197,5,4.0
1199.0,33.361134278565466,59,249,1,
638.0,33.38557993730408,31,119,1,4.3
999.0,40.04004004004004,44,641,250,
1398.0,64.30615164520745,20,877,4,
2199.0,72.76034561164165,44,641,250,
399.0,37.59398496240601,31,429,19,5.0
1299.0,0.0,16,310,12,
1899.0,0.0,33,196,288,
599.0,60.76794657762938,38,205,5,
499.0,40.08016032064128,19,347,1,
750.0,60.13333333333334,22,719,2,
280.0,0.0,20,167,5864,
499.0,64.92985971943888,26,183,5864,5.0
370.0,46.21621621621622,16,163,5864,1.0
700.0,50.142857142857146,37,415,288,
6999.0,14.28775539362766,37,968,2,
385.0,0.0,30,1206,2,
199.0,0.0,24,224,7,1.0
18990.0,0.0,35,3283,2,
3000.0,70.03333333333333,53,709,5864,
799.0,62.57822277847309,35,289,3,
499.0,20.04008016032064,24,719,6,
399.0,18.546365914786968,44,218,5864,
399.0,37.34335839598997,28,185,34,3.0
999.0,0.0,27,183,5864,
1399.0,0.0,47,793,5,
789.0,8.871989860583017,76,281,29,
1449.0,50.03450655624568,24,177,5864,
990.0,0.0,42,213,5864,
2100.0,28.61904761904762,32,632,5864,
299.0,0.0,46,763,1,
899.0,0.0,43,222,5864,
24728.0,27.86719508249757,33,197,1,
899.0,50.055617352614014,44,216,314,
899.0,0.0,42,220,5864,
2500.0,55.28,43,170,26,4.2
3999.0,57.51437859464866,53,179,37,
1499.0,82.65510340226818,37,405,6,
650.0,54.0,29,816,5864,
599.0,50.08347245409015,24,106,79,
2500.0,20.04,28,188,71,1.0
1199.0,70.89241034195163,33,195,2,
2799.0,30.010718113612008,25,609,5864,
499.0,0.0,45,299,22,
979.0,60.26557711950971,53,243,85,
12168.0,0.0,30,93,1,
749.0,50.06675567423231,37,203,314,
1699.0,70.62978222483814,36,203,288,
1799.0,0.0,37,425,5864,
999.0,70.07007007007007,43,215,5864,
2895.0,48.22107081174439,28,262,101,
370.0,43.24324324324324,20,167,5864,
1330.0,60.0,44,217,1,
650.0,54.0,29,816,5864,
599.0,58.26377295492488,19,167,25,
800.0,31.375,31,210,14,
179.0,30.16759776536313,47,187,5864,
47936.0,19.99958277703605,56,409,132,
699.0,42.91845493562232,44,216,5864,
449.0,26.7260579064588,47,225,5864,
1595.0,20.940438871473354,52,2516,5864,
4995.0,0.0,14,185,5864,5.0
799.0,49.436795994993744,44,246,314,3.0
2000.0,78.0,24,177,41,
749.0,49.93324432576769,23,175,5,
999.0,0.0,39,247,5864,4.0
999.0,78.07807807807808,50,190,5864,3.5
2600.0,80.38461538461539,36,201,12,
2490.0,16.06425702811245,34,611,2,
799.0,0.0,48,322,5864,
1200.0,25.833333333333336,38,320,1,
35067.0,20.999800382125645,45,221,18,
955.0,0.0,42,981,5864,5.0
1400.0,37.142857142857146,36,250,42,
1999.0,33.36668334167084,61,150,95,
999.0,40.04004004004004,35,199,5864,
2500.0,58.08,74,1906,141,
299.0,25.08361204013378,32,184,5864,
1099.0,63.69426751592356,64,266,5864,
2299.0,60.41757285776425,22,1182,2,
4900.0,67.36734693877551,38,208,469,
600.0,66.83333333333333,57,893,5,
699.0,21.745350500715308,84,1711,8,
1000.0,70.1,25,180,54,
499.0,44.88977955911824,41,211,34,
2920.0,10.0,48,828,11,
1299.0,73.13317936874519,33,715,20,
4200.0,65.5,24,1343,14,
1999.0,33.36668334167084,61,150,95,
500.0,20.0,21,168,5864,
470.0,16.170212765957448,72,224,5864,
1499.0,60.04002668445631,35,198,5864,
666.0,48.048048048048045,36,200,5864,
895.0,49.94413407821229,42,213,288,
1340.0,50.0,32,271,6,
1860.0,50.0,26,190,5864,
849.0,73.4982332155477,29,186,100,
500.0,50.0,32,164,288,3.0
950.0,0.0,42,255,5864,
700.0,52.85714285714286,41,217,100,
560.0,76.78571428571429,27,162,5864,
4900.0,67.36734693877551,38,208,469,
999.0,55.05505505505506,33,737,3,
1200.0,58.41666666666666,36,720,5864,
1800.0,22.22222222222222,39,210,59,
599.0,41.736227045075125,62,369,2,
5950.0,17.647058823529413,35,202,8,
999.0,50.05005005005005,29,282,28,
999.0,60.06006006006006,36,140,3,
1399.0,42.88777698355968,31,785,1,
2309.0,0.0,48,827,3,
1399.0,7.147962830593281,20,950,1,
650.0,54.0,29,815,5864,
460.0,17.391304347826086,28,185,299,
1099.0,63.69426751592356,26,161,5864,
599.0,33.3889816360601,49,375,3,
2799.0,30.010718113612008,35,212,5864,
1299.0,49.96150885296382,27,294,7,
6740.0,5.0,29,1019,9,
499.0,40.08016032064128,20,441,4,3.0
36228.0,28.315115380368777,58,247,211,
499.0,68.13627254509018,43,217,1,
257.0,24.12451361867704,35,182,5864,
2599.0,61.56213928434013,27,999,5864,5.0
3899.0,0.0,44,1096,4,
2199.0,72.76034561164165,42,639,250,
319.0,0.0,64,257,299,
1299.0,61.585835257890686,46,1155,1,
1245.0,10.040160642570282,31,638,17,
299.0,66.88963210702342,28,600,3,
799.0,50.06257822277848,40,214,314,
1599.0,25.01563477173233,49,176,12,4.7
2999.0,50.01667222407469,17,311,5864,
699.0,40.2002861230329,46,221,5864,3.0
1198.0,44.99165275459098,36,208,5864,
41427.0,25.34337509353803,45,221,211,
399.0,29.82456140350877,64,176,1,
4900.0,67.36734693877551,41,214,469,
400.0,38.0,39,216,1,
2394.0,0.0,31,639,5864,
2499.0,70.02801120448179,27,189,5864,
599.0,72.62103505843072,49,963,74,
499.0,50.1002004008016,26,162,2,
2999.0,0.0,35,124,53,
1299.0,57.73672055427252,38,276,13,
529.0,26.46502835538752,64,257,299,
2499.0,0.0,29,187,288,
499.0,60.92184368737475,52,991,3,
619.0,0.0,31,875,7,
995.0,49.84924623115578,38,205,314,
599.0,50.08347245409015,23,678,8,
39725.0,20.0,48,397,132,
2499.0,56.02240896358544,33,385,1,
695.0,0.0,34,204,314,
1350.0,53.77777777777778,25,799,4,
1395.0,0.0,30,190,5864,
1050.0,43.42857142857143,39,1006,141,
2800.0,67.14285714285714,39,209,469,
2199.0,72.76034561164165,42,639,250,
699.0,71.5307582260372,33,795,9,
3999.0,0.0,39,168,2,
1299.0,71.13163972286374,33,195,20,
385.0,22.07792207792208,28,185,30,
390.0,10.256410256410255,37,184,5864,
1099.0,65.51410373066425,64,259,5864,
1099.0,50.04549590536852,48,226,5864,
1399.0,50.03573981415297,33,1164,1,
1799.0,52.9182879377432,20,294,5864,
499.0,50.1002004008016,21,279,1,
2100.0,88.23809523809524,42,213,18,
280.0,11.071428571428571,21,171,12,
1964.0,74.4908350305499,55,239,41,
799.0,52.56570713391739,47,229,5864,
3495.0,25.007153075822604,36,210,5864,
529.0,13.23251417769376,34,197,5864,
999.0,45.04504504504504,54,505,7,
299.0,20.066889632107024,58,427,5,
1200.0,75.08333333333333,37,205,22,
4999.0,0.0,43,169,13,
2999.0,66.68889629876625,41,1000,30,
700.0,50.142857142857146,28,404,2,
360.0,2.7777777777777777,32,179,5864,
459.0,17.429193899782135,64,468,299,
1499.0,13.275517011340892,40,158,6,
1440.0,27.08333333333333,26,237,3,
1250.0,57.99999999999999,38,205,25,
1499.0,60.04002668445631,39,207,288,
2399.0,80.03334722801168,82,332,5864,
2138.0,60.24321796071095,42,212,5864,
2495.0,61.96392785571142,59,1132,17,
2340.0,55.55555555555556,27,186,34,
1299.0,46.18937644341801,66,1102,3,
1799.0,47.24847137298499,30,191,5864,
699.0,42.91845493562232,39,776,3,
10999.0,57.27793435766888,29,596,18,
250.0,20.0,38,438,15,
1299.0,53.88760585065435,38,1913,34,
499.0,61.923847695390776,26,352,2,
1099.0,20.10919017288444,40,211,5864,
699.0,0.0,46,220,5864,
458.0,56.55021834061136,29,815,5864,
1599.0,10.006253908692932,10,797,5,
399.0,70.17543859649122,24,177,79,
399.0,57.64411027568922,24,909,5,
1149.0,13.054830287206268,33,195,8,
399.0,68.92230576441104,58,198,5864,
529.0,44.234404536862,31,669,6,
8285.0,8.581774290887145,43,556,1,
849.0,10.011778563015312,37,203,5864,
950.0,26.31578947368421,66,477,10,
600.0,53.5,54,840,1,
99.0,10.1010101010101,47,186,5864,
1499.0,66.711140760507,59,1737,4,
1499.0,61.64109406270847,50,185,5864,3.6
1499.0,35.090060040026685,58,146,7,
398.0,17.08542713567839,24,171,5864,5.0
2999.0,0.0,58,328,3,
649.0,23.882896764252692,35,825,1,
1199.0,35.029190992493746,46,530,5864,
749.0,50.06675567423231,40,209,314,
539.0,29.49907235621521,37,184,5864,
1590.0,0.0,21,182,5864,
799.0,30.037546933667088,37,201,314,
899.0,50.055617352614014,32,848,5864,5.0
1295.0,9.961389961389962,38,914,1,
499.0,75.55110220440882,41,209,110,
1000.0,50.0,33,361,7,
35628.0,20.001122712473336,56,407,132,
1450.0,55.241379310344826,47,225,9,
660.0,30.454545454545457,28,473,7,
710.0,14.084507042253522,49,807,2,
899.0,50.055617352614014,39,537,5864,
1199.0,63.71976647206005,38,206,54,
560.0,17.857142857142858,28,185,299,
999.0,62.06206206206206,35,414,7,
20458.0,20.00195522533972,53,237,132,
499.0,33.26653306613226,56,1562,1,
1199.0,78.73227689741451,45,219,34,1.0
349.0,42.97994269340974,43,215,299,
999.0,50.05005005005005,34,1530,314,
799.0,50.06257822277848,67,1917,13,
3499.0,56.3018005144327,34,877,4,5.0
1450.0,30.0,48,225,5864,
2000.0,70.6,35,711,12,
999.0,57.45745745745746,25,179,5864,4.5
1399.0,75.05360972122945,49,234,5864,
2895.0,48.22107081174439,33,160,101,
3699.0,30.008110300081103,37,607,5864,
945.0,40.0,39,772,17,
1899.0,36.86150605581886,32,342,4,
599.0,80.13355592654425,26,181,4,
499.0,30.060120240480963,30,700,1,
899.0,50.055617352614014,48,224,314,
899.0,49.94438264738598,37,208,314,
1999.0,33.36668334167084,61,150,95,
1120.0,50.89285714285714,30,191,66,
2089.0,80.03829583532792,42,213,9,
699.0,65.80829756795423,32,193,44,
360.0,13.88888888888889,28,185,299,
285.0,0.0,62,255,5864,
1699.0,38.25779870512066,38,127,6,
2199.0,54.57025920873125,18,171,5864,
999.0,20.02002002002002,29,187,5864,
500.0,48.2,26,1097,22,
3990.0,37.368421052631575,40,167,1,4.6
499.0,60.120240480961925,30,756,5864,
2399.0,45.85243851604835,87,1519,6,
1990.0,50.25125628140703,31,454,5864,
999.0,0.0,52,274,5864,
1449.0,73.15389924085576,59,741,110,
500.0,48.2,28,1103,22,
1495.0,29.96655518394649,52,233,5864,
699.0,40.2002861230329,46,1384,5864,
375.0,6.666666666666667,41,188,5864,
1825.0,0.0,47,340,1,
2895.0,41.3126079447323,64,191,101,
399.0,50.125313283208015,45,669,2,
380.0,0.0,41,188,5864,
996.0,80.02008032128514,30,189,9,
995.0,0.0,54,278,5864,
348.0,21.83908045977012,41,383,5864,
999.0,50.05005005005005,17,736,2,
399.0,57.64411027568922,32,198,6,
1995.0,23.00751879699248,23,1693,5864,3.7
199.0,15.07537688442211,47,225,5864,
699.0,0.0,43,377,5864,
9990.0,0.0,47,226,2,
205.0,20.0,74,279,5,
21125.0,91.9526627218935,80,1104,3,
1299.0,61.585835257890686,29,189,314,
299.0,33.44481605351171,20,169,7,
900.0,62.33333333333333,33,194,100,
599.0,49.91652754590985,33,194,314,5.0
600.0,25.0,38,427,15,
1199.0,41.70141784820684,25,180,5864,
349.0,28.653295128939828,83,478,1,
299.0,0.0,30,118,9,4.0
17460.0,0.0,88,745,11,
900.0,50.0,57,839,12,
1780.0,50.0,43,918,5,
1200.0,75.08333333333333,19,167,25,
4850.0,53.608247422680414,61,1999,12,5.0
399.0,49.87468671679198,47,222,5864,
37806.0,30.11426757657515,40,211,211,
3150.0,57.14285714285714,36,204,469,
31673.0,0.0,75,636,16,
1599.0,12.507817385866163,53,2180,2,
3999.0,57.51437859464866,53,179,37,
499.0,20.04008016032064,30,170,5864,
1499.0,20.0133422281521,39,210,28,
350.0,0.0,16,520,4,
3999.0,55.86396599149788,17,176,5864,
2399.0,31.22134222592747,25,181,3,
999.0,10.01001001001001,47,301,5864,
900.0,55.66666666666666,40,209,167,
34300.0,25.0,28,187,13,
298.0,43.28859060402685,55,207,5864,2.0
4599.0,10.871928680147857,48,227,11,
1425.0,40.0,48,226,5864,
570.0,47.54385964912281,44,191,5864,
850.0,61.76470588235294,22,399,21,
1499.0,56.70446964643096,41,167,21,
2199.0,72.76034561164165,44,641,250,
399.0,0.0,26,181,21,
999.0,67.06706706706707,57,306,36,
10115.0,0.0,22,833,5864,
599.0,38.39732888146912,45,649,2,
2499.0,50.02000800320128,18,173,5864,
999.0,60.06006006006006,14,326,3,
2999.0,51.68389463154385,38,212,5864,2.0
500.0,34.2,43,2293,1,
2199.0,0.0,25,166,5864,
4995.0,60.06006006006006,45,107,5864,
2419.0,0.0,36,125,53,
500.0,24.0,22,119,1,
799.0,43.80475594493116,29,117,18,
899.0,30.03337041156841,44,223,5864,
999.0,35.03503503503504,63,1807,1,
999.0,52.95295295295295,64,870,5864,
299.0,0.0,36,204,5864,
4999.0,94.41888377675537,58,245,19,
999.0,74.97497497497497,45,221,17,
399.0,60.15037593984962,38,1268,21,
800.0,56.375,33,195,5864,
849.0,62.89752650176679,29,339,20,
4998.0,78.01120448179272,41,214,73,
820.0,3.048780487804878,64,529,299,
1000.0,50.1,18,158,5864,
1999.0,0.0,12,162,5864,
999.0,40.04004004004004,29,189,21,
1499.0,50.03335557038026,28,186,5864,
699.0,21.745350500715308,86,1714,8,
599.0,16.69449081803005,42,214,5864,
1099.0,54.5950864422202,42,760,5864,
4900.0,67.36734693877551,40,212,469,
999.0,70.07007007007007,54,1526,5864,
349.0,28.653295128939828,27,183,2,
850.0,61.76470588235294,22,391,21,
699.0,0.0,43,361,5864,3.0
525.0,1.1428571428571428,51,198,5864,
1300.0,23.153846153846157,33,940,15,3.0
834.0,10.191846522781775,20,283,3,
1799.0,0.0,34,200,6,
1499.0,23.882588392261507,34,795,1,
999.0,40.04004004004004,29,189,21,
1699.0,55.9152442613302,54,237,5864,
666.0,55.1051051051051,48,227,5864,
1499.0,33.3555703802535,28,187,5864,
599.0,80.13355592654425,52,1140,13,
949.0,7.797681770284511,40,247,5864,
2799.0,40.01429081814934,29,1104,5864,4.2
599.0,41.56928213689483,34,223,2,
42601.0,24.72242435623577,49,229,211,
1295.0,0.0,49,693,5864,
1200.0,33.416666666666664,36,580,5864,4.2
999.0,50.05005005005005,41,164,14,
31062.0,0.0,48,227,6,
1510.0,60.0,69,267,10,
1099.0,59.50864422202001,51,232,314,
800.0,37.625,29,561,8,
999.0,0.0,39,247,5864,
299.0,0.0,41,211,35,
599.0,50.08347245409015,33,121,2,
1866.0,73.2583065380493,31,191,6,
3599.0,80.57793831619895,35,212,5864,
1799.0,55.58643690939411,29,117,2,
795.0,50.31446540880504,30,170,5864,
1299.0,53.88760585065435,33,953,15,2.3
1800.0,38.94444444444444,33,202,5864,
599.0,62.43739565943238,44,219,5864,5.0
750.0,40.13333333333333,57,243,12,
800.0,50.125,65,927,2,
370.0,43.24324324324324,16,163,5864,
499.0,30.060120240480963,27,183,8,
1299.0,23.094688221709006,39,209,28,
4998.0,78.01120448179272,33,198,73,
599.0,50.08347245409015,29,209,1,
999.0,0.0,56,346,5864,3.2
1599.0,30.0187617260788,45,220,5864,
1049.0,63.870352716873214,37,347,167,
799.0,12.51564455569462,46,231,5864,3.7
1999.0,64.98249124562281,43,143,5864,
1597.0,73.76330619912336,36,201,41,
1999.0,15.70785392696348,46,523,144,
394.0,0.0,55,202,5864,
29999.0,16.66722224074136,43,169,6,
1299.0,53.88760585065435,38,1891,34,
1250.0,32.0,21,147,2,
499.0,50.1002004008016,45,278,20,
880.0,48.86363636363637,69,267,53,
2599.0,46.13312812620238,35,701,1,
199.0,0.0,24,440,5864,
599.0,16.69449081803005,20,167,5864,
599.0,16.69449081803005,22,172,5864,
999.0,25.025025025025027,43,216,5864,
45813.0,20.00087311461812,52,235,132,
999.0,40.04004004004004,39,206,5864,
1797.0,71.06288258208124,43,277,6,
1499.0,63.37558372248166,51,1394,45,
899.0,44.493882091212456,45,310,1,
800.0,58.875,26,179,110,
750.0,0.0,57,336,5864,4.1
1299.0,30.792917628945343,14,167,5864,
11299.0,24.78095406673157,31,194,9,
360.0,1.3888888888888888,24,171,5864,
999.0,40.04004004004004,35,199,5864,
2295.0,47.75599128540305,17,1735,5864,
530.0,0.0,29,462,299,
2299.0,23.92344497607656,59,1233,83,
1500.0,46.66666666666666,62,3262,1,
899.0,20.13348164627364,43,955,5864,
730.0,4.2465753424657535,25,317,5864,
999.0,0.0,29,187,5864,
375.0,54.66666666666666,38,205,155,3.9
1491.0,73.23943661971832,36,628,41,4.2
799.0,68.8360450563204,26,272,79,
666.0,55.1051051051051,44,219,5864,
400.0,57.75,41,211,167,
1299.0,40.03079291762894,38,207,288,
1040.0,47.11538461538461,40,166,5,
855.0,0.0,46,266,5864,
1599.0,43.77736085053158,22,582,2,
1912.0,60.77405857740585,42,908,5864,
2199.0,72.76034561164165,42,639,250,
1040.0,47.11538461538461,29,331,5864,4.0
1000.0,50.1,43,1366,2,
699.0,2.0028612303290414,34,931,3,
1999.0,15.70785392696348,58,1031,144,
599.0,72.62103505843072,54,983,74,
398.0,9.547738693467336,42,189,5864,
1499.0,33.3555703802535,59,1863,2,
1249.0,60.0480384307446,32,690,314,
650.0,54.0,30,191,18,
749.0,62.75033377837116,46,202,54,5.0
2800.0,69.67857142857142,42,222,5864,
795.0,0.0,38,543,8,
49998.0,26.23304932197288,59,249,9,
1499.0,0.0,39,506,4,
1200.0,59.16666666666666,41,745,5864,
3500.0,51.457142857142856,53,242,5864,
1100.0,45.45454545454545,35,653,51,
1499.0,16.67778519012675,98,2057,10,
2000.0,78.75,47,313,2,
420.0,16.666666666666664,28,185,299,
47504.0,20.0004210171775,53,402,132,
500.0,4.2,39,646,5864,
979.0,60.26557711950971,53,1037,110,
499.0,51.10220440881763,86,778,11,
1199.0,51.70975813177648,49,153,5864,
1499.0,40.0266844563042,31,851,6,
650.0,0.0,46,339,5864,4.8
1299.0,38.49114703618168,18,158,5864,
1999.0,0.0,56,523,2,
1349.0,45.07042253521127,37,204,288,
4900.0,67.36734693877551,46,224,469,
2500.0,58.08,77,286,141,
999.0,70.07007007007007,65,259,155,
2985.0,70.01675041876047,21,317,26,
1100.0,80.0,31,191,3,4.0
599.0,43.23873121869783,51,399,5864,
1500.0,63.4,22,120,5864,
359.0,58.495821727019504,36,698,4,
999.0,0.0,39,507,5864,3.0
999.0,40.04004004004004,44,641,250,
1399.0,62.47319513938528,44,682,5864,
999.0,85.08508508508508,40,208,100,
4200.0,67.14285714285714,38,208,469,
999.0,30.03003003003003,42,215,2,
1699.0,28.487345497351384,60,428,5864,
355.0,12.676056338028168,65,212,5864,
999.0,30.03003003003003,59,249,5,
2299.0,0.0,29,187,288,
649.0,61.63328197226502,26,182,85,3.5
1099.0,63.69426751592356,52,186,79,
1100.0,50.0,28,573,3,
495.0,20.0,22,173,33,5.0
2899.0,18.972059330803724,36,440,5864,
7550.0,40.397350993377486,55,175,5864,
1500.0,53.400000000000006,32,1471,1,
1199.0,64.22018348623854,86,301,71,
1475.0,0.0,34,252,314,
699.0,42.91845493562232,44,530,5864,
799.0,37.546933667083856,64,558,5864,
2449.0,61.24948958758677,50,1273,5864,
299.0,33.44481605351171,133,865,2,
999.0,0.0,44,256,5864,
7690.0,0.0,43,423,4,
4499.0,31.651478106245836,29,189,5864,
2200.0,22.772727272727277,39,612,59,
1299.0,53.96458814472671,26,166,5864,
299.0,0.0,38,209,5864,
1499.0,6.671114076050701,37,264,3,
4900.0,67.36734693877551,39,210,469,
1760.0,50.05681818181819,68,265,5,
2100.0,77.38095238095238,77,283,13,
500.0,48.2,41,1142,22,
200.0,0.0,13,160,5864,3.0
1299.0,76.98229407236336,35,193,5,
449.0,44.543429844098,32,120,3,
525.0,0.0,25,545,5864,
4399.0,75.01704932939305,33,378,14,
1510.0,13.973509933774832,21,174,1,
999.0,52.45245245245245,59,252,1,
899.0,55.61735261401557,31,945,5864,
40022.0,19.999000549697666,63,257,132,
799.0,58.69837296620776,38,1540,1,
599.0,50.08347245409015,32,1380,3,
995.0,65.32663316582915,28,185,13,
399.0,25.062656641604008,15,328,2,
1499.0,50.03335557038026,40,721,6,
3990.0,52.38095238095239,95,322,1,
4000.0,33.15,38,1127,141,
1326.0,15.007541478129712,48,298,1,
1899.0,31.595576619273302,48,175,3,4.2
5490.0,59.94535519125683,66,967,3,
649.0,40.21571648690293,45,219,5864,
908.0,50.0,31,1643,19,
699.0,0.0,46,634,5864,4.2
460.0,17.391304347826086,38,437,15,
1999.0,33.36668334167084,61,150,95,
1099.0,40.03639672429482,42,213,5864,
2975.0,50.42016806722689,59,247,20,
699.0,65.80829756795423,32,193,44,
3999.0,55.01375343835959,57,1835,37,
1500.0,37.0,57,657,1,
2500.0,20.04,28,477,9,
1399.0,57.18370264474625,42,638,5864,
1040.0,47.11538461538461,40,266,5,
2199.0,72.76034561164165,44,641,250,
599.0,0.0,21,1171,7,
900.0,59.44444444444444,24,124,41,
499.0,49.8997995991984,19,167,25,
2190.0,55.02283105022832,33,173,5864,
500.0,50.0,32,558,5,
650.0,54.0,30,817,5864,
550.0,0.0,37,330,5864,5.0
1599.0,6.2539086929330825,77,1932,10,
1500.0,51.33333333333333,30,191,66,
999.0,91.4914914914915,38,1189,3,3.7
1290.0,0.0,17,158,5864,
1099.0,40.03639672429482,38,200,5864,
699.0,42.91845493562232,44,452,5864,
1100.0,61.36363636363637,44,223,5864,
1399.0,60.75768406004288,21,161,5864,
1999.0,90.04502251125562,39,373,5864,
2825.0,0.0,32,196,2,
1890.0,40.21164021164021,33,949,5,
700.0,6.428571428571428,45,215,14,5.0
2500.0,44.48,35,741,21,
899.0,0.0,34,174,5864,5.0
799.0,37.546933667083856,73,539,1,
299.0,0.0,63,888,1,
4499.0,68.90420093354078,68,266,46,
490.0,0.0,21,171,299,
599.0,83.47245409015025,31,191,155,1.0
3499.0,78.59388396684767,35,211,5864,
899.0,50.055617352614014,27,183,5864,
3497.0,0.0,47,224,5864,
2199.0,50.022737608003645,22,181,5864,
1200.0,58.41666666666666,38,214,85,
600.0,66.83333333333333,57,893,5,
2000.0,17.5,45,222,5864,
450.0,68.88888888888889,48,225,155,
1999.0,50.025012506253134,26,719,2,
1299.0,77.13625866050808,33,196,288,
1095.0,49.954337899543376,33,205,5864,
1261.0,0.0,50,372,2,
428.0,16.121495327102803,54,201,5864,3.8
469.0,36.24733475479744,49,227,299,
899.0,68.29810901001112,21,705,4,
2500.0,56.00000000000001,32,159,15,
5999.0,40.006667777963,31,801,5864,
2999.0,50.01667222407469,47,543,17,
640.0,33.59375,36,252,42,
475.0,53.68421052631579,22,389,21,
200.0,60.0,32,119,3,
1299.0,40.03079291762894,33,201,5864,
999.0,55.45545545545546,33,194,5864,
1799.0,59.97776542523624,32,192,5864,4.0
2800.0,67.14285714285714,48,227,469,
2098.0,0.0,46,233,5864,
2788.0,30.02152080344333,30,202,5864,
299.0,0.0,45,222,5864,
1624.0,50.30788177339901,92,308,4,
2099.0,35.016674606955696,65,258,5864,
650.0,0.0,29,189,18,
1299.0,15.011547344110854,65,259,5864,
799.0,68.71088861076345,52,178,3,5.0
789.0,72.11660329531053,26,407,3,
499.0,0.0,37,779,5864,
1499.0,59.97331554369579,36,201,5864,
1499.0,64.04269513008673,79,2297,27,
2199.0,72.76034561164165,42,639,250,
1299.0,42.34026173979984,34,199,5864,
998.0,50.0,57,579,12,
350.0,10.0,51,231,37,
7794.0,56.38953040800616,60,252,27,
899.0,54.94994438264739,39,207,5864,
999.0,60.06006006006006,48,889,1,
1099.0,0.0,41,623,5864,
33800.0,25.0,81,293,13,
799.0,74.96871088861077,31,326,30,
2099.0,71.7008099094807,32,282,3,
3911.0,50.01278445410381,50,230,20,
1299.0,25.01924557351809,27,549,1,
4900.0,67.36734693877551,46,224,469,
1699.0,47.08652148322543,44,666,5,
390.0,3.8461538461538463,13,160,5864,
600.0,68.33333333333333,35,372,1,
750.0,0.0,37,297,5864,4.0
599.0,50.08347245409015,38,2529,2,
740.0,7.162162162162162,74,446,4,
799.0,71.8397997496871,39,244,5864,
1999.0,40.0200100050025,63,709,9,
4900.0,67.36734693877551,40,212,469,
845.0,6.035502958579881,21,212,5864,
1000.0,50.1,21,171,11,
1199.0,60.05004170141785,31,192,314,
1929.0,24.98703991705547,37,3205,3,
2000.0,75.25,24,177,41,
795.0,0.0,45,315,5864,
630.0,44.12698412698413,28,185,299,
599.0,80.13355592654425,48,1114,13,
1198.0,44.99165275459098,36,886,5864,
2299.0,37.62505437146586,47,229,5864,
1599.0,72.79549718574108,39,207,5864,
2500.0,30.0,21,262,13,
899.0,85.65072302558399,42,213,4,
1170.0,63.33333333333333,33,194,110,3.7
21365.0,20.0,55,402,132,
2200.0,50.0,30,196,5864,
899.0,44.493882091212456,39,208,314,
1499.0,50.03335557038026,32,197,5864,
629.0,20.82670906200318,21,253,1,
1299.0,69.28406466512702,33,195,20,5.0
25603.0,29.996484786939032,42,1310,8,
650.0,54.0,29,816,5864,
1999.0,70.03501750875438,42,486,288,
3300.0,63.66666666666667,24,1514,14,
1199.0,0.0,32,159,26,3.0
4900.0,67.36734693877551,40,212,469,
825.0,33.45454545454545,57,158,5864,
650.0,30.76923076923077,29,187,299,
399.0,37.59398496240601,31,157,19,
620.0,43.54838709677419,51,233,7,
2000.0,67.05,44,615,1,
1299.0,46.18937644341801,38,211,5864,
2895.0,41.3126079447323,64,191,101,
7995.0,0.0,58,723,8,
539.0,50.09276437847866,52,235,27,
699.0,42.91845493562232,24,441,24,
999.0,50.05005005005005,38,380,9,
2499.0,68.02721088435374,41,996,30,
1490.0,0.0,46,224,5864,
630.0,58.88888888888889,41,211,155,5.0
3300.0,42.45454545454545,61,252,5,
599.0,78.29716193656094,24,183,1,1.0
2299.0,52.196607220530666,37,203,5864,4.3
999.0,60.06006006006006,17,219,1,
4999.0,62.0124024804961,26,214,314,
699.0,40.05722460658083,38,207,5864,
4500.0,54.44444444444444,69,1290,2,
549.0,54.644808743169406,32,193,34,
625.0,56.00000000000001,35,199,314,
725.0,0.0,21,171,3,
1710.0,32.748538011695906,21,148,41,
1299.0,53.88760585065435,38,1891,34,
3599.0,49.98610725201445,24,186,5864,
799.0,40.05006257822278,33,189,5864,4.0
896.0,50.22321428571429,36,202,5864,
2399.0,25.01042100875365,72,1229,13,
666.0,55.1051051051051,46,223,5864,
1200.0,75.08333333333333,37,203,34,
390.0,37.17948717948718,78,848,2,
1200.0,70.91666666666666,28,682,5864,
3500.0,37.2,39,166,14,4.3
1999.0,15.70785392696348,44,1011,144,
17500.0,35.0,46,225,31,
749.0,0.0,42,474,22,
3500.0,45.74285714285714,71,198,28,5.0
6690.0,0.0,37,413,4,
599.0,62.43739565943238,59,249,5864,5.0
1399.0,0.0,16,306,12,
1099.0,54.959053685168335,47,224,5864,
21400.0,0.0,29,191,26,
3999.0,57.51437859464866,53,1291,37,
1199.0,58.38198498748957,19,187,5864,
1599.0,61.28830519074422,26,302,2,
360.0,13.88888888888889,28,185,299,
987.0,69.70618034447821,35,199,19,
3495.0,10.586552217453503,41,338,5864,3.7
1200.0,33.5,40,1723,4,
5300.0,41.50943396226416,32,487,2,
899.0,30.03337041156841,30,195,288,
999.0,70.07007007007007,44,216,5,
2598.0,69.24557351809084,41,213,73,
3200.0,10.9375,39,210,1,
2895.0,41.3126079447323,64,191,101,
700.0,42.85714285714285,27,183,8,
1550.0,0.0,42,620,1,
499.0,0.0,17,163,2,
1399.0,40.02859185132237,35,343,5864,
1100.0,55.45454545454545,31,193,1,
80.0,0.0,40,389,10,
2100.0,50.0,34,573,15,
1340.0,50.0,32,346,6,
320.0,9.375,105,204,2,
495.0,29.49494949494949,26,146,5864,
1599.0,37.5234521575985,34,528,1,
1199.0,58.29858215179316,47,228,5,5.0
35838.0,29.50778503264691,50,231,99,
799.0,77.59699624530664,37,201,110,
1299.0,46.18937644341801,58,371,1,
1399.0,0.0,45,155,8,
299.0,50.16722408026756,46,280,20,
1000.0,60.1,38,308,110,
7699.0,0.0,38,127,53,
33625.0,15.00074349442379,46,223,25,
2495.0,0.0,28,460,8,
2399.0,70.862859524802,30,190,5864,
250.0,0.0,19,166,5864,3.3
42255.0,26.979055733049343,62,255,99,
1400.0,74.42857142857143,46,241,141,
42224.0,30.22688518378174,41,213,211,
955.0,37.27748691099477,61,1499,10,
1599.0,50.03126954346466,37,320,1,
674.0,22.25519287833828,79,680,8,
1595.0,56.42633228840125,22,526,5,
4900.0,67.36734693877551,42,216,469,
2499.0,60.10404161664666,30,190,5864,
1550.0,0.0,55,240,1,3.0
4000.0,60.4,20,172,2,
385.0,41.55844155844156,22,548,5864,
899.0,0.0,48,315,5864,3.0
999.0,65.46546546546547,21,351,2,
299.0,0.0,38,205,5864,
750.0,0.0,37,297,5864,1.7
650.0,54.0,29,189,5864,
899.0,56.729699666295886,59,783,155,
239.0,16.736401673640167,48,511,5864,
3200.0,81.90625,36,201,12,
400.0,0.0,46,186,5864,
599.0,19.031719532554256,39,208,5864,
2199.0,72.76034561164165,42,639,250,
899.0,0.0,48,160,5864,
549.0,29.143897996357016,34,198,5864,4.8
898.0,22.160356347438757,39,209,59,
649.0,50.077041602465336,40,213,314,
2799.0,50.01786352268668,48,1602,10,
950.0,40.0,92,315,5864,
1149.0,13.054830287206268,33,195,8,
1250.0,28.4,34,203,5864,
4999.0,30.006001200240046,48,359,6,
1999.0,15.70785392696348,44,1017,144,
3750.0,53.333333333333336,32,846,51,
800.0,43.75,26,118,1,
9030.0,66.77740863787376,52,179,9,
895.0,10.05586592178771,31,716,17,
350.0,0.0,37,205,12,
1299.0,40.03079291762894,38,248,288,
4000.0,47.525,35,1762,1,4.0
995.0,59.798994974874375,42,219,5864,
1049.0,38.22688274547188,62,150,3,
1200.0,58.41666666666666,66,267,288,4.0
1400.0,71.5,27,183,11,
301.0,0.0,19,168,5864,
1331.0,36.88955672426747,40,211,83,
899.0,55.61735261401557,26,527,1,
1099.0,63.69426751592356,39,193,5864,
799.0,0.0,33,193,5864,
1899.0,24.381253291205898,39,160,5864,4.5
1359.0,26.490066225165563,119,4692,2,
500.0,40.0,21,171,11,
2895.0,48.22107081174439,46,603,101,
249.0,0.0,48,188,5864,
699.0,71.5307582260372,46,409,9,
1399.0,64.33166547533953,48,231,288,
398.0,14.57286432160804,38,185,5864,3.0
1995.0,50.125313283208015,17,103,5864,
4900.0,67.36734693877551,43,218,469,
4200.0,33.357142857142854,35,162,7,
749.0,40.053404539385845,33,189,5864,4.0
999.0,24.924924924924923,44,588,1,
4025.0,37.267080745341616,59,247,20,
1799.0,33.35186214563646,32,2170,2,
295.0,35.932203389830505,39,179,5864,
1099.0,30.02729754322111,21,161,5864,
649.0,75.50077041602465,37,347,71,
600.0,66.83333333333333,43,215,22,
500.0,48.2,42,1145,22,
430.0,59.30232558139535,29,187,167,
798.0,51.253132832080205,56,940,3,
34884.0,30.99988533425066,59,249,9,
349.0,49.8567335243553,25,178,100,
950.0,21.052631578947366,37,1385,3,
2448.0,70.01633986928104,43,215,9,
599.0,58.43071786310517,26,186,10,
1899.0,10.5318588730911,28,155,12,
550.0,80.0,68,177,1,
2199.0,72.76034561164165,44,641,250,
1572.0,0.0,20,172,1,
399.0,37.84461152882205,42,215,2,
2000.0,25.0,39,264,4,
2650.0,11.320754716981131,67,266,3,5.0
399.0,12.781954887218044,20,169,7,
34875.0,15.00215053763441,40,211,25,
41572.0,29.712306360050032,41,213,211,
999.0,30.03003003003003,39,1713,3,
1049.0,63.870352716873214,31,341,85,
1195.0,58.24267782426779,32,193,314,
2537.0,59.9921166732361,34,123,6,
3667.0,9.98091082628852,38,2351,3,
41721.0,27.652740825962947,49,229,211,
2449.0,61.24948958758677,53,237,5864,
2799.0,67.88138620936049,30,195,5864,
2200.0,45.45454545454545,57,184,15,
940.0,49.46808510638298,75,279,53,
650.0,54.0,29,816,5864,
1500.0,51.33333333333333,30,191,66,
999.0,55.05505505505506,38,381,2,
599.0,8.180300500834726,55,281,5864,
2799.0,60.021436227224015,36,308,7,
499.0,0.0,20,593,3,
1599.0,56.28517823639775,38,204,5864,
1999.0,55.227613806903456,39,331,1,
1857.0,33.33333333333333,36,573,8,
980.0,38.87755102040816,51,461,1,5.0
450.0,55.77777777777778,28,185,34,
599.0,33.3889816360601,42,213,38,
2999.0,50.01667222407469,17,158,5864,
799.0,50.06257822277848,34,199,5864,
225.0,57.77777777777777,46,221,155,
1099.0,63.69426751592356,57,191,79,
4900.0,67.36734693877551,39,210,469,
25917.0,29.7989736466412,51,233,211,
799.0,50.06257822277848,16,815,8,
890.0,30.0,17,157,5864,
25730.0,20.0,55,241,132,
1599.0,49.96873045653533,22,180,5864,4.5
499.0,64.92985971943888,44,1455,5864,
598.0,33.27759197324415,26,183,73,
245.0,38.775510204081634,78,287,1,
599.0,66.7779632721202,66,986,4,
599.0,26.71118530884808,26,166,5864,4.0
15700.0,5.095541401273886,56,579,9,
799.0,50.06257822277848,33,207,5864,3.0
950.0,52.63157894736842,19,169,5,
5999.0,32.62210368394732,15,142,9,
1399.0,71.4796283059328,54,243,5864,
625.0,0.0,47,347,5864,1.0
1699.0,50.02942907592701,44,357,5864,3.5
330.0,40.909090909090914,46,186,5864,
38141.0,28.57292677171548,40,211,211,
599.0,66.7779632721202,53,234,5864,
579.0,20.03454231433506,71,271,299,
338.0,11.538461538461538,28,175,5864,
42689.0,9.091335004333668,40,421,211,
2499.0,70.4281712685074,32,193,5864,
2394.0,0.0,31,639,5864,
1800.0,52.83333333333333,41,211,14,
3270.0,40.0,34,988,9,
5000.0,82.02000000000001,56,1316,4,
1750.0,57.14285714285714,30,191,5864,
599.0,53.42237061769616,59,725,34,
1738.0,52.53164556962025,63,752,2,
699.0,40.2002861230329,37,1161,5864,
1399.0,30.021443888491778,46,484,5864,
31968.0,20.00125125125125,58,409,132,
1000.0,37.5,24,179,5864,
999.0,50.05005005005005,35,274,6,
1499.0,66.711140760507,17,157,5864,4.5
849.0,10.011778563015312,37,202,5864,
899.0,50.055617352614014,59,247,288,5.0
399.0,32.581453634085214,39,179,5864,
899.0,56.0622914349277,24,177,54,
5799.0,50.00862217623728,28,186,5864,
1050.0,43.42857142857143,39,1035,141,
340.0,29.411764705882355,54,201,5864,
1200.0,66.75,32,200,20,4.0
3999.0,50.01250312578145,28,1774,5864,
1699.0,0.0,28,195,5864,
900.0,61.11111111111112,23,223,3,
849.0,55.35924617196702,59,254,155,
800.0,31.375,57,908,3,
699.0,40.05722460658083,37,203,5864,
899.0,70.07786429365962,40,876,13,
798.0,56.89223057644111,25,187,5864,
329.0,60.18237082066869,37,177,5864,
699.0,14.30615164520744,61,439,25,
3499.0,41.468991140325805,40,165,5864,
999.0,70.07007007007007,22,616,5864,
490.0,40.81632653061224,66,876,1,
899.0,55.61735261401557,44,228,5864,
810.0,44.44444444444444,67,625,10,
1250.0,59.52,55,1670,141,
749.0,53.40453938584779,42,213,155,
999.0,65.16516516516516,25,1603,1,
899.0,52.72525027808677,53,675,100,
449.0,44.543429844098,32,120,3,3.0
500.0,60.2,33,196,5864,
2499.0,48.019207683073226,35,2575,3,
999.0,40.04004004004004,86,730,5,
299.0,24.74916387959866,36,1001,2,
710.0,0.0,53,235,5864,
999.0,40.04004004004004,46,1220,1,
1399.0,64.33166547533953,58,1066,6,
2500.0,30.0,21,263,13,
390.0,5.128205128205128,51,198,5864,
999.0,34.43443443443444,55,181,10,
1999.0,60.03001500750376,33,378,3,
999.0,30.03003003003003,51,233,59,
799.0,68.8360450563204,28,168,1,
1999.0,40.47023511755878,45,222,14,
4900.0,67.36734693877551,42,216,469,
499.0,30.060120240480963,40,766,5864,
498.0,0.0,27,490,12,
1350.0,25.185185185185183,36,163,4,5.0
1999.0,33.36668334167084,61,150,95,
2999.0,66.68889629876625,41,1001,30,
576.0,56.770833333333336,35,793,48,
1799.0,61.14508060033352,47,559,1,
9094.0,25.005498130635583,28,2692,2,
599.0,38.39732888146912,52,672,4,
560.0,0.0,46,223,5864,
459.0,50.10893246187364,24,177,79,
385.0,9.090909090909092,40,187,5864,
3299.0,43.95271294331616,51,178,1,
799.0,50.06257822277848,42,220,314,
500.0,20.0,27,174,5864,5.0
950.0,0.0,44,216,5864,
1999.0,35.01750875437719,40,1458,7,
1699.0,58.85815185403178,25,434,3,
2199.0,72.76034561164165,44,641,250,
1299.0,30.023094688221708,47,235,5864,
699.0,37.05293276108726,56,2143,6,3.5
1499.0,64.04269513008673,77,2282,27,
2699.0,51.87106335679882,63,858,3,
799.0,40.05006257822278,33,189,5864,4.0
795.0,0.0,49,271,5864,
999.0,40.04004004004004,53,809,5,
600.0,66.83333333333333,42,213,6,
500.0,44.4,73,1317,141,
1899.0,0.0,24,185,5864,
999.0,60.16016016016016,42,983,6,
2010.0,12.437810945273633,28,187,1,
700.0,42.85714285714285,47,500,141,
5999.0,0.0,53,607,8,
3280.0,60.670731707317074,31,194,1,
499.0,60.120240480961925,39,765,5864,
855.0,0.0,42,256,5864,
1500.0,46.73333333333333,40,128,3,
4500.0,25.066666666666663,35,184,21,
2495.0,0.0,48,431,5864,
1049.0,61.96377502383223,32,520,288,
1299.0,54.195535026943794,47,182,5864,
1620.0,33.33333333333333,36,564,8,
599.0,61.769616026711184,14,818,3,5.0
699.0,60.65808297567954,33,197,5864,5.0
698.0,50.0,49,231,5864,
2999.0,76.19206402134044,41,238,2,
449.0,0.0,53,333,1,
2700.0,63.55555555555556,32,376,141,
1150.0,50.0,33,197,8,
4060.0,0.0,80,292,11,
490.0,38.9795918367347,18,802,5,5.0
500.0,56.00000000000001,47,486,141,
340.0,29.411764705882355,53,200,5864,
1200.0,66.75,34,199,12,
1899.0,50.026329647182735,41,2096,5864,
1999.0,82.54127063531766,33,529,1,
999.0,63.96396396396396,52,320,1,
36440.0,21.46542261251372,58,399,99,
375.0,20.266666666666666,29,472,2,
499.0,0.0,38,1089,4,
379.0,2.3746701846965697,38,185,5864,
1299.0,53.88760585065435,38,1913,34,
699.0,58.6552217453505,61,1235,5,
1299.0,45.03464203233256,37,208,288,
995.0,53.266331658291456,38,205,314,
47464.0,20.00042137198719,52,235,132,
249.0,12.048192771084338,53,193,5864,
599.0,72.62103505843072,57,995,74,
109.0,30.275229357798167,45,184,5864,
2800.0,67.14285714285714,39,209,469,
35079.0,21.998916730807604,51,233,99,
3150.0,80.0,47,211,14,
799.0,50.06257822277848,52,819,2,
699.0,65.80829756795423,32,193,44,
999.0,60.06006006006006,36,218,5864,
599.0,42.40400667779633,50,176,4,
399.0,19.799498746867165,31,838,2,
1999.0,33.36668334167084,61,150,95,
1095.0,30.04566210045662,32,195,5864,
4199.0,25.005953798523457,31,158,5864,
1999.0,15.70785392696348,44,1012,144,
1049.0,52.43088655862727,38,213,5864,
1799.0,50.0277932184547,20,189,1,
299.0,0.0,36,202,5864,
1199.0,25.0208507089241,22,180,5864,5.0
1199.0,62.55212677231026,39,208,5864,
999.0,50.05005005005005,44,224,5864,
695.0,0.0,51,319,5864,
1499.0,66.711140760507,21,161,5864,
1800.0,52.77777777777778,33,374,1,
695.0,0.0,44,260,5864,
7200.0,51.41666666666666,83,576,141,
999.0,0.0,21,171,3,
2199.0,72.76034561164165,42,639,250,
1099.0,70.06369426751591,89,773,3,
48069.0,29.998543760011646,70,241,22,
1099.0,50.04549590536852,47,232,5864,
1500.0,58.66666666666666,29,334,2,
1200.0,12.083333333333334,47,200,5864,
360.0,54.16666666666666,25,179,5,
3500.0,29.28571428571429,45,174,6,4.3
13400.0,0.0,79,291,11,
2995.0,26.57762938230384,39,166,1,
599.0,0.0,41,1466,3,
2250.0,33.77777777777778,34,200,41,
1299.0,20.09237875288684,40,211,5864,
549.0,59.92714025500911,41,435,5864,
35.0,0.0,29,245,1,
1050.0,43.42857142857143,39,1036,141,
30576.0,28.42425431711146,44,219,26,
2288.0,30.026223776223777,33,208,5864,
499.0,33.86773547094188,33,290,1,
799.0,73.71714643304131,37,202,34,
1500.0,13.4,28,188,9,
600.0,72.5,25,179,5,
1950.0,0.0,38,214,5864,4.1
999.0,50.05005005005005,39,205,5864,
699.0,21.31616595135909,102,2143,2,
45254.0,20.000441949882884,57,245,132,
1198.0,44.99165275459098,36,207,5864,
360.0,0.0,40,187,5864,
799.0,52.56570713391739,37,979,5,
499.0,0.0,19,159,5864,
699.0,71.38769670958513,45,1270,2,
21734.0,0.0,55,616,16,
3199.0,31.22850890903408,51,178,26,4.1
3190.0,70.0626959247649,33,289,5864,
499.0,30.060120240480963,36,762,5864,
10999.0,26.35694154014001,14,141,9,
331.0,0.0,52,233,3,
10796.0,50.91700629862912,28,209,288,
2800.0,58.92857142857143,48,175,4,
2399.0,0.0,26,153,8,4.0
1999.0,55.02751375687844,22,1113,2,
599.0,10.01669449081803,63,600,2,
2250.0,70.0,26,181,5864,
3200.0,55.28125000000001,41,1873,1,
39428.0,28.7815765445876,45,221,211,
649.0,65.48536209553158,20,169,6,
7638.0,44.749934537837134,20,316,25,
1999.0,15.70785392696348,58,1025,144,
999.0,60.06006006006006,50,234,5864,
23409.0,20.00085437224999,55,241,132,
699.0,50.07153075822603,20,169,5,
1099.0,56.86988171064604,51,617,1,
1495.0,60.20066889632108,28,326,4,
999.0,30.03003003003003,38,204,5864,
500.0,20.200000000000003,22,169,5864,1.0
999.0,67.06706706706707,60,842,36,
799.0,43.80475594493116,29,117,18,
2199.0,38.60845839017736,59,148,2,
199.0,15.07537688442211,34,199,5864,
2100.0,35.714285714285715,43,218,41,5.0
2895.0,41.3126079447323,64,385,101,
999.0,52.45245245245245,48,230,288,
4200.0,67.14285714285714,39,210,469,
599.0,25.041736227045075,43,215,7,
1899.0,20.01053185887309,36,202,288,
3988.0,50.0,36,213,5864,
2163.0,69.99537679149329,64,257,3,
1000.0,60.1,26,183,85,
600.0,24.166666666666668,47,504,141,
599.0,0.0,41,334,5864,4.4
799.0,50.06257822277848,42,211,5864,3.0
899.0,50.055617352614014,38,464,9,
2199.0,72.76034561164165,42,639,250,
899.0,62.62513904338154,28,668,4,
1590.0,60.0,13,346,3,
299.0,0.0,38,206,5864,
34447.0,19.99883879583128,48,397,132,
850.0,53.05882352941177,23,175,11,
399.0,0.0,29,322,14,
999.0,50.05005005005005,56,240,314,
2145.0,41.16550116550117,29,1042,10,
1399.0,41.02930664760544,35,2229,17,
199.0,15.07537688442211,47,225,5864,
1299.0,37.72132409545805,32,447,4,
899.0,55.61735261401557,20,160,5864,
1198.0,44.99165275459098,36,214,5864,
750.0,48.0,42,487,1,
999.0,76.17617617617618,14,259,1,
600.0,0.0,31,1092,141,
720.0,47.91666666666667,26,114,5,1.0
599.0,33.3889816360601,42,213,38,
899.0,50.055617352614014,35,199,1,5.0
1199.0,54.21184320266889,28,327,2,
1199.0,16.680567139282733,48,227,5,
1799.0,50.0277932184547,35,200,5864,
41102.0,29.015619677874557,39,209,211,
1299.0,34.565050038491144,45,222,5864,
399.0,57.64411027568922,47,1629,4,
599.0,58.43071786310517,24,210,79,
999.0,34.93493493493494,65,261,4,
999.0,39.93993993993994,46,219,5864,
1499.0,46.03068712474983,22,1031,2,5.0
8514.0,14.998825463941742,29,190,5864,
380.0,24.210526315789476,36,203,42,
2499.0,0.0,58,277,7,
749.0,60.08010680907877,51,380,46,
23400.0,35.0,27,187,31,
1299.0,69.28406466512702,25,179,1,
1700.0,26.47058823529412,12,139,5,1.0
1399.0,50.03573981415297,66,2126,25,
1100.0,63.727272727272734,39,207,15,
2199.0,72.76034561164165,44,641,250,
250.0,8.0,19,167,12,
780.0,0.0,71,558,1,
999.0,60.06006006006006,39,629,72,
899.0,44.71635150166852,35,200,288,
999.0,10.01001001001001,48,144,5,
299.0,33.44481605351171,48,225,5,
1999.0,67.58379189594798,67,558,4,
998.0,50.0,23,175,19,
749.0,33.37783711615487,50,228,5864,2.0
1599.0,62.53908692933084,38,379,4,
240.0,8.75,28,185,299,
15999.0,63.18519907494219,60,2976,2,
2599.0,74.06694882647173,42,596,5864,3.0
380.0,26.31578947368421,41,188,5864,
780.0,16.794871794871792,41,213,1,5.0
1799.0,55.58643690939411,93,1960,2,
999.0,50.05005005005005,19,263,3,
409.0,47.67726161369193,28,185,299,
499.0,26.052104208416832,75,279,299,
1560.0,0.0,30,194,5864,
1750.0,0.0,55,311,1,
695.0,57.55395683453237,52,222,2,
398.0,2.512562814070352,26,173,5864,5.0
1499.0,61.64109406270847,53,869,5,
2999.0,50.01667222407469,17,158,5864,
1005.0,35.02487562189055,50,231,5,
4420.0,43.914027149321264,47,174,17,3.7
37300.0,25.0,64,259,13,
3130.0,49.20127795527157,20,182,5864,
469.0,31.76972281449893,56,241,299,
1730.0,74.04624277456648,36,201,41,
449.0,13.140311804008908,41,181,5864,5.0
2999.0,66.68889629876625,41,1002,30,
800.0,65.75,29,464,2,
600.0,16.0,64,259,5864,
260.0,0.0,37,1151,7,
1079.0,53.75347544022243,38,213,5864,
4900.0,67.36734693877551,40,212,469,
400.0,15.0,26,183,13,
550.0,0.0,29,189,18,
695.0,20.863309352517987,26,114,5,
1050.0,43.42857142857143,39,1012,141,
439.0,40.09111617312072,66,261,299,
989.0,41.6582406471183,25,179,2,
1099.0,45.49590536851683,23,285,4,
1499.0,66.711140760507,46,902,2,
899.0,45.05005561735261,43,557,5864,
599.0,33.3889816360601,42,213,38,
600.0,0.0,35,199,5864,2.7
799.0,37.546933667083856,21,185,5864,5.0
365.0,0.0,39,206,20,
1899.0,57.92522380200106,26,195,5864,5.0
1599.0,68.79299562226392,27,183,12,
4200.0,67.14285714285714,38,208,469,
1662.0,69.97593261131168,41,1079,8,
1000.0,50.1,39,521,5864,4.0
899.0,56.729699666295886,59,253,155,
1299.0,70.74672825250192,18,165,18,5.0
1199.0,59.96663886572144,37,202,5864,
45903.0,28.518833191730387,53,237,99,
3000.0,81.69999999999999,37,203,12,
1999.0,33.36668334167084,61,150,95,
599.0,62.43739565943238,47,1458,5864,
1245.0,40.0,41,308,6,
2750.0,69.0909090909091,33,195,15,
820.0,49.39024390243903,68,265,53,
1099.0,27.2975432211101,46,221,5864,
850.0,61.76470588235294,22,391,21,
1999.0,15.70785392696348,46,629,144,
1499.0,40.0266844563042,27,185,288,
618.0,44.98381877022653,28,346,11,
999.0,0.0,47,317,5864,
2499.0,70.02801120448179,38,276,5864,
2000.0,20.0,39,210,59,
499.0,40.08016032064128,54,237,40,
450.0,28.88888888888889,30,298,1,
1299.0,53.88760585065435,39,174,5864,
899.0,40.04449388209122,52,587,6,
3999.0,57.239309827456864,50,177,2,2.2
599.0,25.041736227045075,43,215,7,
560.0,10.0,51,233,3,
3050.0,67.24590163934427,30,190,5864,
499.0,40.480961923847694,41,129,1,
799.0,42.5531914893617,38,207,14,
850.0,53.05882352941177,49,227,3,5.0
1318.0,54.55235204855842,24,1008,14,
1025.0,55.1219512195122,18,167,5,
12500.0,54.856,71,3316,5,
1199.0,60.05004170141785,35,419,7,
599.0,33.3889816360601,43,216,85,
400.0,40.0,30,718,1,
2145.0,55.011655011655016,20,171,5,
1649.0,70.04244996967859,39,1015,1,
7000.0,39.285714285714285,51,178,17,5.0
999.0,54.95495495495496,36,206,314,
2500.0,20.08,88,308,5864,
1145.0,12.751091703056767,33,200,5864,3.5
1800.0,72.27777777777777,39,215,167,
2399.0,25.01042100875365,61,188,2,
999.0,75.07507507507508,69,2897,13,
1100.0,63.727272727272734,39,425,15,
995.0,50.050251256281406,40,209,1,
3499.0,42.84081166047442,15,142,26,
1000.0,72.5,33,195,26,
865.0,0.0,38,232,2,
599.0,16.69449081803005,36,426,5864,3.0
2500.0,0.0,60,1042,1,
900.0,55.66666666666666,19,297,3,3.2
4900.0,67.36734693877551,39,210,469,
45131.0,28.572378187941773,39,209,211,
236.0,6.779661016949152,34,839,1,
999.0,39.93993993993994,46,220,5864,
1299.0,78.52193995381063,30,914,5864,
1999.0,33.36668334167084,61,150,95,
30461.0,29.999015134105907,42,1311,8,
1999.0,15.70785392696348,44,1011,144,
800.0,50.0,28,185,3,
1250.0,20.08,36,499,15,
1460.0,72.67123287671234,103,1688,2,
998.0,0.0,26,181,5864,5.0
1599.0,56.53533458411507,53,839,1,
649.0,61.63328197226502,51,231,46,
570.0,29.82456140350877,43,214,5864,4.0
500.0,5.0,29,187,3,
4299.0,23.354268434519657,97,1250,3,
252.0,15.07936507936508,85,301,9,
1895.0,10.554089709762533,17,177,5864,
599.0,16.69449081803005,22,200,5864,
999.0,50.05005005005005,36,200,5864,
1999.0,33.36668334167084,61,150,95,
1800.0,61.16666666666667,68,265,15,
26614.0,30.99872247689186,59,720,9,
2895.0,48.22107081174439,40,167,101,
1299.0,23.094688221709006,39,209,28,
800.0,56.375,34,195,110,
1299.0,30.023094688221708,47,223,5864,
1999.0,15.70785392696348,58,1031,144,
1250.0,20.0,36,146,1,
635.0,48.81889763779528,23,111,3,
49999.0,24.188483769675397,50,431,211,
1658.0,50.0,30,189,4,
7999.0,70.00875109388673,32,830,2,
1685.0,0.0,28,320,5864,
1599.0,40.21263289555972,20,160,5864,
1625.0,20.0,79,1100,3,
399.0,25.062656641604008,49,189,5864,
2799.0,64.30868167202573,29,1223,5864,
1899.0,37.01948393891522,37,833,23,
660.0,7.575757575757576,53,485,5864,
40895.0,28.62208093899009,52,235,211,
950.0,50.526315789473685,25,181,4,
2499.0,60.10404161664666,30,190,5864,
650.0,60.0,38,205,26,
48600.0,35.0,37,207,31,5.0
2499.0,50.06002400960384,57,249,5864,
2500.0,30.0,21,161,13,
999.0,67.06706706706707,64,858,36,
249.0,44.17670682730924,46,186,5864,
27434.0,20.000729022380987,51,233,132,
1065.0,20.187793427230048,44,604,2,
499.0,40.08016032064128,62,381,1,
470.0,11.914893617021278,21,171,299,
4099.0,63.43010490363503,37,447,1,
995.0,0.0,41,253,5864,4.0
1999.0,50.025012506253134,33,427,5864,
570.0,29.82456140350877,43,215,5864,2.0
1799.0,0.0,44,1083,2,
999.0,60.06006006006006,19,395,3,
2399.0,50.02084201750729,57,482,11,
590.0,40.0,30,189,7,
619.0,0.0,31,898,7,
599.0,33.3889816360601,36,202,5864,5.0
22525.0,3.218645948945616,58,249,9,
2799.0,64.30868167202573,49,287,8,
13900.0,0.0,29,191,26,
320.0,10.0,44,217,37,
799.0,58.32290362953693,43,220,48,5.0
1000.0,61.5,27,183,6,
5300.0,57.54716981132076,54,1992,12,
433.0,7.159353348729793,51,198,5864,
4900.0,67.36734693877551,40,212,469,
799.0,43.67959949937422,24,177,4,
540.0,8.333333333333332,40,209,299,
915.0,0.0,41,253,5864,
1099.0,0.0,46,296,7,
2099.0,0.0,46,270,4,
999.0,54.55455455455456,59,247,299,
35700.0,35.0,38,209,31,
699.0,50.07153075822603,26,286,4,
699.0,50.07153075822603,38,551,2,
1200.0,62.583333333333336,55,661,10,
908.0,50.0,47,1723,19,
999.0,65.06506506506507,22,189,5864,
4900.0,67.36734693877551,39,210,469,
999.0,50.05005005005005,17,157,5864,
1599.0,73.79612257661037,42,1023,13,
499.0,45.89178356713427,27,300,1,
1499.0,60.04002668445631,32,310,6,4.0
1049.0,61.868446139180165,41,212,155,
2800.0,67.14285714285714,42,215,469,
4200.0,67.14285714285714,44,220,469,
1499.0,50.03335557038026,28,187,5864,
1070.0,65.51401869158879,20,169,16,
999.0,60.06006006006006,45,220,5864,
749.0,33.37783711615487,50,228,5864,2.0
999.0,55.05505505505506,47,223,46,
1550.0,51.2258064516129,29,715,5864,
599.0,41.736227045075125,45,836,5,
999.0,0.0,26,180,5864,
599.0,0.0,45,220,5864,3.0
1300.0,16.153846153846153,39,210,59,
899.0,20.13348164627364,42,217,5864,
999.0,70.27027027027027,35,197,288,
1999.0,15.70785392696348,58,1031,144,
799.0,71.8397997496871,41,351,167,
899.0,0.0,52,233,5864,
1738.0,52.53164556962025,57,727,2,
1040.0,47.11538461538461,49,229,2,
1799.0,50.0277932184547,14,168,5864,
499.0,50.1002004008016,33,194,5864,4.0
599.0,39.06510851419032,15,162,5864,
1099.0,65.05914467697907,21,179,54,3.7
4900.0,67.36734693877551,43,218,469,
2310.0,37.83549783549783,21,174,7,
499.0,42.08416833667334,41,216,5864,
2199.0,72.76034561164165,42,639,250,
299.0,50.16722408026756,46,280,20,
999.0,67.06706706706707,63,854,36,
760.0,60.65789473684211,45,218,5864,5.0
899.0,60.06674082313682,46,221,5864,
799.0,28.66082603254068,58,1021,3,
499.0,30.060120240480963,47,187,5864,
665.0,17.293233082706767,31,193,11,
850.0,0.0,67,245,5864,
799.0,52.065081351689614,32,953,1,
1499.0,64.04269513008673,77,2294,27,
40267.0,32.39377157473862,39,420,211,
735.0,0.0,28,116,1,
880.0,48.86363636363637,52,148,53,
1100.0,47.27272727272727,54,482,15,
1999.0,50.025012506253134,36,793,1,
599.0,8.180300500834726,55,281,5864,
44247.0,16.667796686781024,36,359,211,
3148.0,39.99364675984752,75,164,7,
1999.0,55.02751375687844,36,524,5864,
8999.0,0.0,36,125,53,
1299.0,23.094688221709006,21,161,5864,
1599.0,66.29143214509068,48,226,167,5.0
699.0,50.35765379113018,35,199,5864,
1300.0,19.230769230769237,30,199,5864,3.2
570.0,38.77192982456141,44,331,5864,
1200.0,45.83333333333333,35,646,51,
999.0,40.04004004004004,42,639,250,
4900.0,67.36734693877551,45,222,469,
41939.0,25.41548439400081,47,225,211,
780.0,50.0,81,291,53,
1590.0,18.867924528301888,36,312,2,
2799.0,0.0,53,255,2,
999.0,60.06006006006006,36,242,155,
1949.0,10.261672652642382,33,198,6,
4200.0,67.14285714285714,37,206,469,
1199.0,84.23686405337781,51,231,71,
999.0,50.05005005005005,35,197,72,
498.0,30.923694779116467,14,161,5864,
1198.0,54.17362270450752,31,166,5864,4.9
1799.0,50.0277932184547,29,182,5864,
1499.0,60.04002668445631,54,1094,1,
4500.0,38.55555555555556,13,140,1,
799.0,12.51564455569462,55,441,25,
230.0,0.0,28,185,299,
999.0,74.97497497497497,39,209,17,
1349.0,55.59673832468495,51,231,5864,
279.0,0.0,32,322,36,4.5
899.0,30.03337041156841,44,166,5864,
1099.0,71.8835304822566,87,304,4,
1000.0,70.0,25,179,3,
378.0,0.0,20,167,5864,
1700.0,73.58823529411764,29,195,22,
698.0,50.0,49,233,5864,
399.0,37.59398496240601,28,185,35,
350.0,14.571428571428571,23,175,34,
1049.0,63.870352716873214,31,341,110,
2599.0,24.971142747210465,47,506,17,
2295.0,0.0,26,184,1,4.5
5749.0,29.396416768133587,45,240,5864,5.0
392.0,5.357142857142857,20,284,3,
49421.0,25.99097549624653,61,253,99,
599.0,58.43071786310517,39,1622,2,
225.0,0.0,36,660,2,
2799.0,57.1632725973562,43,666,12,
199.0,44.72361809045226,49,189,5864,
49519.0,20.00040388537733,50,231,132,
499.0,60.120240480961925,44,770,5864,
31869.0,24.99921553861119,39,209,5,
2499.0,70.02801120448179,27,189,5864,
450.0,0.0,28,876,3,
1750.0,65.77142857142857,28,168,5864,
599.0,8.347245409015025,21,109,9,
499.0,50.1002004008016,31,429,19,
35062.0,19.99885916376704,57,245,132,
1299.0,23.094688221709006,28,126,5864,
2499.0,20.00800320128051,29,156,12,
1099.0,45.49590536851683,150,1127,3,
37870.0,29.052020068655928,44,219,26,
2199.0,72.76034561164165,42,639,250,
252.0,0.0,41,211,13,
3390.0,5.899705014749262,25,182,1,
2895.0,30.915371329879104,46,603,101,
1399.0,50.03573981415297,18,100,27,
499.0,50.1002004008016,89,553,4,
1990.0,0.0,17,158,5864,
3599.0,50.01389274798556,41,592,3,
1299.0,53.88760585065435,42,852,20,
1999.0,70.03501750875438,69,700,8,
999.0,67.06706706706707,62,850,36,
370.0,46.21621621621622,20,167,5864,
2499.0,46.01840736294518,47,173,5,2.5
899.0,35.03893214682981,42,213,5864,
666.0,55.1051051051051,49,229,5864,
2499.0,82.0328131252501,35,1015,5864,
1000.0,61.8,24,124,41,
699.0,35.7653791130186,47,225,7,
1995.0,59.94987468671679,26,182,5864,2.0
1300.0,50.76923076923077,30,191,66,
2199.0,72.76034561164165,42,639,250,
399.0,5.263157894736842,61,251,13,
1299.0,61.585835257890686,56,260,79,
1925.0,50.18181818181818,26,477,4,
380.0,13.684210526315791,28,175,5864,
360.0,3.333333333333333,43,190,5864,
1600.0,75.0625,63,1337,11,5.0
699.0,49.92846924177397,63,255,299,
1049.0,30.028598665395617,57,254,5864,
849.0,11.778563015312132,19,159,5864,
999.0,43.94394394394394,20,178,5864,
2499.0,44.017607042817126,115,2282,7,
2499.0,72.10884353741497,30,189,5864,
1599.0,40.21263289555972,19,159,5864,
1980.0,30.0,74,356,15,5.0
999.0,50.05005005005005,44,225,1,
5999.0,0.0,35,124,53,
2600.0,32.69230769230769,39,210,41,
1799.0,57.809894385769866,30,580,12,
2199.0,72.76034561164165,44,641,250,
2199.0,72.76034561164165,42,639,250,
799.0,50.06257822277848,44,844,5864,
599.0,74.62437395659433,28,187,9,
7599.0,21.371233056981183,52,3049,2,4.9
1599.0,34.39649781113196,41,487,27,
599.0,50.08347245409015,40,211,14,
2245.0,80.0,46,221,5,
35100.0,44.78632478632479,20,314,25,
2999.0,10.00333444481494,15,142,1,5.0
999.0,60.06006006006006,51,231,46,
1199.0,65.8882402001668,87,771,167,
2450.0,62.44897959183674,40,211,469,
999.0,50.05005005005005,51,231,5864,
999.0,67.06706706706707,70,882,36,
749.0,0.0,60,375,5864,4.1
325.0,50.15384615384615,52,315,3,
1800.0,66.72222222222223,20,430,8,
250.0,0.0,35,199,9,
399.0,50.125313283208015,26,134,27,
599.0,41.736227045075125,23,404,2,
420.0,40.71428571428572,38,185,5864,
525.0,43.04761904761904,47,194,5864,3.8
500.0,20.0,21,168,5864,
980.0,66.42857142857143,51,231,46,
1499.0,55.37024683122082,32,287,2,
1499.0,57.104736490994,13,1125,9,
999.0,50.05005005005005,42,214,5864,
649.0,51.00154083204931,39,212,314,
899.0,55.61735261401557,17,589,5,
1999.0,72.53626813406704,35,253,6,
1299.0,0.0,41,212,5864,
899.0,44.493882091212456,22,364,1,
682.0,0.0,35,503,1,
999.0,40.04004004004004,63,151,95,
2450.0,62.44897959183674,40,211,469,
299.0,30.100334448160535,67,207,5864,
38375.0,27.358957654723127,46,223,211,
2450.0,62.44897959183674,45,221,469,
898.0,22.160356347438757,88,971,6,
19205.0,20.0,52,401,132,
1099.0,0.0,46,292,7,
899.0,0.0,42,214,5864,
25848.0,20.001547508511297,60,251,132,
1080.0,50.92592592592593,30,191,66,
999.0,80.08008008008008,49,227,5,
2999.0,56.68556185395131,23,717,1,
2199.0,72.76034561164165,42,639,250,
3795.0,10.013175230566535,34,687,1,
399.0,60.15037593984962,70,329,5864,5.0
1550.0,51.2258064516129,29,715,5864,
1899.0,50.026329647182735,30,191,5864,
999.0,40.04004004004004,44,641,250,
850.0,56.00000000000001,34,198,72,
2199.0,55.47976352887676,41,918,5,
999.0,55.55555555555556,29,181,5864,
425.0,29.64705882352941,26,181,9,
600.0,33.33333333333333,51,219,7,
499.0,21.8436873747495,39,206,5864,
499.0,38.276553106212425,36,218,1,
799.0,12.51564455569462,17,181,5864,
1099.0,64.96815286624204,35,223,1,5.0
699.0,21.745350500715308,86,1721,8,
5072.0,0.0,29,3209,3,
250.0,31.2,36,203,4,
1698.0,50.0,37,492,11,
57500.0,0.0,29,191,26,
400.0,65.0,27,547,26,
42153.0,28.02884729438,47,225,211,
1249.0,35.06805444355484,43,215,5864,4.0
1900.0,3.578947368421052,45,565,3,
499.0,0.0,40,209,21,
1099.0,20.01819836214741,47,853,5,
699.0,65.80829756795423,42,213,44,
665.0,40.0,20,783,9,
1999.0,66.78339169584793,51,890,4,
500.0,30.0,26,181,8,
499.0,20.04008016032064,24,721,6,
625.0,5.12,40,333,5864,
1800.0,20.0,44,224,5864,
349.0,22.063037249283667,41,383,5864,
625.0,0.0,35,391,5864,
1199.0,0.0,30,1659,1,
400.0,10.0,25,172,5864,
999.0,0.0,21,109,2,
2895.0,41.3126079447323,64,385,101,
700.0,10.0,32,758,5,
999.0,20.02002002002002,74,1437,5,
999.0,50.05005005005005,66,261,8,
699.0,64.2346208869814,26,488,9,
459.0,30.501089324618736,73,635,299,
1200.0,58.41666666666666,36,364,1,
1999.0,15.70785392696348,58,1026,144,
4900.0,67.36734693877551,46,224,469,
498.0,31.92771084337349,14,161,5864,3.0
699.0,0.0,35,201,5864,
599.0,55.09181969949917,30,118,1,
1299.0,78.52193995381063,40,210,167,5.0
749.0,50.06675567423231,40,214,314,
999.0,50.05005005005005,42,213,5864,
899.0,60.06674082313682,43,213,5864,
599.0,41.736227045075125,57,243,5864,
1000.0,70.1,38,520,54,
1799.0,10.00555864369094,38,218,5864,
999.0,75.07507507507508,70,269,9,
749.0,53.40453938584779,42,212,20,
3499.0,60.017147756501856,33,262,13,
999.0,40.04004004004004,43,214,5864,
599.0,58.764607679465776,54,237,18,
1999.0,0.0,44,1252,8,
40353.0,28.751270041880407,52,235,211,
700.0,35.85714285714286,47,223,314,
599.0,55.09181969949917,39,207,46,
16500.0,24.854545454545452,94,321,33,
1999.0,85.54277138569284,58,1525,7,
999.0,75.07507507507508,28,666,1,
7498.0,46.91917844758603,31,346,15,
1199.0,15.012510425354462,33,196,5864,
1099.0,30.02729754322111,35,199,5864,
395.0,35.44303797468354,38,178,5864,
1259.0,81.01667990468626,41,1398,4,
699.0,65.80829756795423,42,213,44,
1599.0,50.03126954346466,33,196,5864,
999.0,55.45545545545546,20,509,1,5.0
999.0,45.04504504504504,54,511,7,
699.0,78.6838340486409,41,210,20,
37130.0,26.797737678427147,48,227,211,
999.0,50.05005005005005,38,205,72,
1999.0,50.025012506253134,45,226,5864,
699.0,42.91845493562232,24,558,24,
899.0,50.055617352614014,39,533,5864,
2299.0,60.89604175728578,38,1240,2,
999.0,64.96496496496496,33,202,5864,
590.0,0.0,37,204,5864,
380.0,14.473684210526317,19,166,5864,
799.0,43.92991239048811,79,1140,16,
350.0,14.571428571428571,43,506,17,
1299.0,54.27251732101617,33,736,1,
795.0,41.0062893081761,25,181,7,4.0
1799.0,0.0,31,191,5864,4.5
1099.0,71.8835304822566,88,307,1,
549.0,13.114754098360656,35,201,5,
1499.0,60.04002668445631,43,542,1,
3400.0,49.58823529411765,33,758,21,
1000.0,0.0,30,192,4,
650.0,54.0,57,903,2,
1040.0,47.11538461538461,34,533,3,
540.0,53.888888888888886,35,200,85,
25000.0,28.000000000000004,37,207,1,
499.0,20.04008016032064,38,178,5864,3.7
800.0,56.375,40,216,1,
902.0,53.99113082039912,25,179,8,
899.0,0.0,45,219,5864,
1199.0,58.38198498748957,39,169,54,
2199.0,72.76034561164165,42,639,250,
2399.0,0.0,26,191,5864,
975.0,51.28205128205128,90,2551,15,
1299.0,20.01539645881447,45,221,5864,
599.0,20.03338898163606,26,295,36,5.0
1499.0,40.0266844563042,27,185,288,
2299.0,23.92344497607656,58,1330,83,
35022.0,30.21529324424647,48,227,211,
2099.0,0.0,21,179,5864,3.6
2850.0,40.0,35,1242,9,
799.0,12.51564455569462,63,452,25,
845.0,0.0,38,590,8,
900.0,61.22222222222222,40,215,100,
539.0,20.037105751391465,63,255,299,
699.0,38.483547925608015,37,203,314,
1999.0,65.03251625812906,25,179,3,
3299.0,49.98484389208851,26,191,5864,
4900.0,67.36734693877551,43,218,469,
360.0,0.0,33,180,5864,
739.0,27.06359945872801,50,752,27,
599.0,33.3889816360601,36,201,5864,
400.0,25.25,27,183,8,
935.0,49.19786096256685,69,267,53,
799.0,50.06257822277848,44,844,5864,
299.0,0.0,36,208,5864,
1299.0,0.0,40,209,5864,
4900.0,67.36734693877551,41,214,469,
999.0,40.04004004004004,44,641,250,
449.0,22.271714922049,27,183,1,
301.0,0.0,19,176,5864,
699.0,0.0,22,249,1,
355.0,29.859154929577464,50,197,5864,4.0
799.0,32.540675844806,26,617,4,
899.0,44.493882091212456,20,430,8,
999.0,55.05505505505506,38,298,2,
549.0,55.37340619307832,87,1463,6,
827.0,50.06045949214026,44,686,4,
799.0,71.8397997496871,41,351,71,
1400.0,57.14285714285714,44,218,5864,
2895.0,41.3126079447323,64,385,101,
1989.0,59.82905982905983,86,303,10,
765.0,54.90196078431373,40,209,8,
2000.0,29.9,32,356,14,
899.0,76.64071190211345,15,850,2,
600.0,50.16666666666667,35,199,8,
360.0,4.166666666666666,85,547,2,
1545.0,60.0,48,225,10,
2800.0,30.0,16,176,5864,
1050.0,43.42857142857143,39,1008,141,
1999.0,40.22011005502751,51,140,7,
899.0,44.493882091212456,39,2120,5,
300.0,26.666666666666668,40,211,1,
350.0,28.57142857142857,40,211,5864,
999.0,40.04004004004004,37,203,5864,
799.0,56.32040050062578,34,198,85,
998.0,60.02004008016032,23,192,5864,
1040.0,47.11538461538461,26,181,2,
3599.0,44.45679355376493,52,298,5864,
598.0,33.27759197324415,26,183,73,
4045.0,0.0,29,273,4,
1990.0,60.0,35,200,5864,
1299.0,61.585835257890686,63,475,2,
1999.0,57.5287643821911,43,225,5864,
600.0,33.33333333333333,42,943,7,
999.0,0.0,28,185,5864,
1299.0,53.88760585065435,38,1913,34,
365.0,13.6986301369863,24,177,30,
1499.0,64.04269513008673,79,2297,27,
799.0,50.06257822277848,57,553,5864,
799.0,0.0,28,185,1,
750.0,50.0,35,199,72,
899.0,50.055617352614014,33,201,5864,
999.0,67.06706706706707,69,878,36,
1499.0,63.37558372248166,51,1394,45,
2000.0,35.05,28,188,110,
1299.0,69.28406466512702,57,679,2,5.0
2499.0,4.001600640256102,11,162,5864,
799.0,50.06257822277848,34,197,314,
5500.0,0.0,41,168,22,4.7
1699.0,30.01765744555621,33,197,5864,
2199.0,72.76034561164165,44,641,250,
1099.0,52.77525022747953,43,800,12,
7000.0,32.857142857142854,48,1933,1,
1199.0,58.38198498748957,54,180,10,
2800.0,67.14285714285714,39,209,469,
1370.0,16.05839416058394,35,206,5864,3.7
598.0,33.27759197324415,26,183,73,
740.0,15.0,78,451,4,
699.0,42.91845493562232,44,218,5864,
1797.0,75.01391207568169,35,199,41,
849.0,73.4982332155477,31,341,34,
2000.0,65.05,30,191,5864,
399.0,25.062656641604008,35,200,5864,
2895.0,30.915371329879104,46,173,101,
1200.0,33.416666666666664,36,248,42,
2499.0,72.10884353741497,30,190,5864,
525.0,2.857142857142857,53,200,5864,1.0
458.0,56.55021834061136,29,815,5864,
450.0,0.0,28,185,8,
1750.0,74.34285714285714,28,185,6,4.2
999.0,40.04004004004004,33,519,5864,
849.0,41.22497055359246,53,234,5864,
650.0,44.92307692307692,30,189,7,
500.0,60.0,27,183,26,1.5
2100.0,65.47619047619048,44,217,15,
480.0,63.54166666666666,37,479,54,
749.0,74.76635514018692,31,341,167,
1049.0,60.05719733079123,41,351,100,
350.0,0.0,39,264,1,
329.0,21.27659574468085,34,2796,5,5.0
999.0,74.97497497497497,58,247,17,
850.0,61.76470588235294,22,402,21,
279.0,49.82078853046595,50,229,299,
399.0,39.849624060150376,19,167,30,
999.0,9.90990990990991,49,351,5864,2.0
950.0,68.52631578947368,59,247,25,
1899.0,74.19694576092681,45,841,314,5.0
399.0,0.0,32,309,36,
2999.0,56.68556185395131,17,709,4,
3999.0,57.51437859464866,63,1841,37,
1199.0,54.21184320266889,41,409,7,
2398.0,72.97748123436196,58,1109,2,
1400.0,57.21428571428572,18,158,5864,3.8
599.0,50.08347245409015,44,560,4,
365.0,0.0,62,253,7,
3499.0,0.0,23,187,5864,
1050.0,54.285714285714285,61,251,25,
418.0,4.545454545454546,24,171,5864,
999.0,50.05005005005005,38,203,5864,
1400.0,39.285714285714285,56,248,5864,
3495.0,0.0,38,531,8,
34952.0,20.199130235751888,65,261,99,
599.0,33.3889816360601,20,337,1,
2999.0,50.01667222407469,38,206,5864,
1399.0,28.591851322373124,34,282,1,
1620.0,50.0,25,185,5864,
3800.0,25.026315789473685,84,607,33,
1799.0,0.0,25,180,5864,
1550.0,40.0,41,420,1,
2499.0,80.03201280512204,35,208,5864,
500.0,20.200000000000003,26,183,13,
999.0,50.05005005005005,37,203,314,
2199.0,72.76034561164165,44,641,250,
1755.0,9.116809116809115,17,177,5864,
899.0,55.61735261401557,43,214,71,
998.0,50.0,27,777,73,
1050.0,43.42857142857143,39,1005,141,
525.0,33.523809523809526,26,330,5864,
1299.0,76.98229407236336,41,1475,4,
2398.0,50.0,26,965,6,
4999.0,38.007601520304064,22,176,14,
690.0,28.98550724637681,43,204,8,
1300.0,61.61538461538461,46,222,5864,
1199.0,54.21184320266889,39,206,5864,
4200.0,67.14285714285714,37,206,469,
499.0,64.92985971943888,48,1459,5864,
301.0,0.0,19,176,5864,
3499.0,50.01428979708488,48,175,3,
649.0,0.0,45,308,22,
330.0,41.21212121212121,40,180,5864,
3300.0,63.66666666666667,24,1543,14,
1299.0,61.89376443418014,31,1161,2,
3499.0,51.55758788225208,24,186,5864,4.8
1000.0,60.1,40,228,155,
350.0,14.571428571428571,38,485,17,
499.0,68.13627254509018,46,1108,9,
1199.0,50.0417014178482,42,223,14,
950.0,70.52631578947368,57,243,25,
1790.0,61.452513966480446,33,200,5864,
1118.0,10.644007155635062,28,517,6,
795.0,47.79874213836478,22,173,33,
469.0,23.454157782515992,67,263,299,
999.0,45.04504504504504,54,738,7,
499.0,75.55110220440882,41,214,2,5.0
2733.0,50.01829491401391,66,448,20,
29344.0,20.00068157033806,53,237,132,
1000.0,0.0,30,192,4,
2399.0,29.178824510212586,31,194,22,
451.0,0.0,19,167,5864,
3499.0,74.30694484138326,35,222,5864,
519.0,19.26782273603083,46,221,299,
5500.0,49.09090909090909,33,165,6,
699.0,55.07868383404863,33,195,46,
999.0,40.04004004004004,63,151,95,
795.0,50.06289308176101,31,189,72,4.0
998.0,65.03006012024048,43,463,2,
1500.0,66.66666666666666,51,231,2,
2599.0,30.011542901115813,29,195,5864,1.7
